strategy,sltp_profile,entry_session,trades,win_rate,profit_factor,net_profit,expectancy,max_drawdown
Session_VWAP_Reversion,RR2.0_SL1.5ATR,Tokyo_London_Overlap,1,1.0,inf,3.1633464572178944,3.1633464572178944,0.0
Session_VWAP_Reversion,RR1.5_SL1.0ATR,Tokyo_London_Overlap,1,1.0,inf,1.5016732286088337,1.5016732286088337,0.0
Opening_Range_Breakout,RR2.0_SL1.5ATR,Sydney,2,1.0,inf,50.88131520059378,25.44065760029689,0.0
Session_VWAP_Reversion,RR3.0_SL1.0ATR,Tokyo_London_Overlap,1,1.0,inf,3.1633464572178944,3.1633464572178944,0.0
Opening_Range_Breakout,RR3.0_SL1.0ATR,Sydney,4,0.5,4.040705683951962,38.93104758018122,9.732761895045305,-9.347148925419404
Opening_Range_Breakout,RR1.5_SL1.0ATR,Sydney,8,0.625,2.743675944735017,31.94533699749297,3.993167124686621,-9.347148925419406
Combo_RSIReversion_BollingerBand,RR3.0_SL1.0ATR,Sydney,8,0.375,2.112552304969827,21.31577260117595,2.664471575146994,-7.570010735871911
Combo_RSIReversion_BollingerBand,RR2.0_SL1.5ATR,Sydney,8,0.5,1.6221089894179466,16.504310706798407,2.063038838349801,-11.320016103807866
Combo_RSIReversion_BollingerBand,RR3.0_SL1.0ATR,Sydney_Tokyo_Overlap,117,0.27350427350427353,1.5059108813798534,87.64047249200733,0.7490638674530541,-29.238536079098612
Opening_Range_Breakout,RR1.5_SL1.0ATR,Tokyo_London_Overlap,2,0.5,1.4373325336982758,0.5395267328038971,0.26976336640194853,0.0
Combo_RSIReversion_BollingerBand,RR2.0_SL1.5ATR,Sydney_Tokyo_Overlap,117,0.3418803418803419,1.3658259283701886,82.78599087169093,0.7075725715529139,-30.61616251445499
Session_VWAP_Reversion,RR2.0_SL1.5ATR,NewYork,17,0.4117647058823529,1.3551104708631962,27.442274485173378,1.6142514403043164,-33.271757622141266
Combo_H4Trend_OpeningRangeBreakout,RR1.5_SL1.0ATR,Sydney,2,0.5,1.3354991852956106,1.270957854072185,0.6354789270360925,-3.7882591367616443
Combo_H1H4TrendAlign_EMA9_21Cross,RR1.5_SL1.0ATR,Tokyo_London_Overlap,250,0.496,1.330421584000035,78.96522854316177,0.3158609141726471,-22.65177502607078
Combo_EMACross_ATRVolatilityFilter,RR2.0_SL1.5ATR,Sydney,19,0.5263157894736842,1.311625354708339,22.53317332435757,1.1859564907556617,-41.642903718719985
Combo_EMACross_ATRVolatilityFilter,RR1.5_SL1.0ATR,Tokyo_London_Overlap,261,0.47509578544061304,1.2960247279684698,86.8125307253703,0.3326150602504609,-52.4100195958345
Combo_H1H4TrendAlign_EMA9_21Cross,RR3.0_SL1.0ATR,Tokyo_London_Overlap,241,0.3029045643153527,1.2499216743760928,79.9518690852185,0.3317504941295374,-50.35460700985362
Bollinger_MeanReversion,RR2.0_SL1.5ATR,Sydney,210,0.4095238095238095,1.2476311514781104,152.1978691861966,0.7247517580295076,-92.20851201908266
Combo_EMACross_ATRVolatilityFilter,RR3.0_SL1.0ATR,Asia,117,0.2905982905982906,1.2425809951740339,44.436955745378455,0.3798030405587902,-41.50167819430285
Combo_H1Trend_M15DonchianBreakout,RR2.0_SL1.5ATR,Asia,391,0.4040920716112532,1.2380350910951576,149.00082746853724,0.381076285085773,-57.529884808740846
RSI_Reversion_30_70,RR3.0_SL1.0ATR,Sydney,155,0.2903225806451613,1.2316357598282246,74.54089842880504,0.4809090221213228,-65.33104365505321
Combo_EMACross_ATRVolatilityFilter,RR1.5_SL1.0ATR,Asia,130,0.4076923076923077,1.212292394824891,32.59820697641701,0.25075543828013086,-28.380848736033407
Combo_H1H4TrendAlign_EMA9_21Cross,RR2.0_SL1.5ATR,Tokyo_London_Overlap,222,0.36936936936936937,1.198985084795949,76.27224109446796,0.3435686535786845,-49.31623974291813
RSI_Reversion_30_70,RR2.0_SL1.5ATR,Sydney,141,0.3829787234042553,1.1952078449510717,73.35383530368173,0.5202399666927783,-64.90215355085174
Combo_EMACross_ATRVolatilityFilter,RR3.0_SL1.0ATR,Tokyo_London_Overlap,244,0.26639344262295084,1.1917250142290476,72.20289588212592,0.2959135077136308,-43.95858575658807
Bollinger_Breakout,RR2.0_SL1.5ATR,Asia,567,0.36155202821869487,1.1639440576829247,167.00205421610565,0.2945362508220558,-83.27316805266706
EMA9_21_Cross,RR3.0_SL1.0ATR,Tokyo_London_Overlap,435,0.271264367816092,1.1603877514834748,103.22769847269713,0.23730505396022328,-68.97507277355123
Combo_MACDCross_BollingerBreakout,RR1.5_SL1.0ATR,Tokyo_London_Overlap,613,0.4469820554649266,1.1599308912469772,107.59277742767021,0.17551839710876055,-55.25940797645218
Combo_RSIReversion_BollingerBand,RR1.5_SL1.0ATR,Sydney_Tokyo_Overlap,117,0.41025641025641024,1.1587259065465518,22.727265513401548,0.1942501325931756,-31.16018403509054
EMA9_21_Cross,RR1.5_SL1.0ATR,Tokyo_London_Overlap,512,0.4609375,1.1480522812189329,84.78257799348867,0.16559097264353256,-47.93490998635323
Combo_H1Trend_M15DonchianBreakout,RR2.0_SL1.5ATR,London_NewYork_Overlap,2164,0.37707948243992606,1.1291331086923067,741.9154467417037,0.3428444763131718,-172.1757687067768
EMA9_21_Cross,RR3.0_SL1.0ATR,Asia,421,0.28028503562945367,1.1253847828112322,76.27275631076633,0.18117044254338796,-48.42469487141665
Combo_H1H4TrendAlign_EMA9_21Cross,RR2.0_SL1.5ATR,London_NewYork_Overlap,1027,0.37682570593963,1.1252021009146798,326.08276427687696,0.3175099944273388,-174.20480548484153
Donchian20_Breakout,RR2.0_SL1.5ATR,Asia,554,0.37364620938628157,1.124415445973851,126.71428268807081,0.2287261420362289,-91.83823215132752
Combo_H1Trend_M15DonchianBreakout,RR3.0_SL1.0ATR,NewYork,1448,0.26035911602209943,1.1225773302075088,727.6773797184328,0.5025396268773707,-373.01880147037076
Combo_H4Trend_OpeningRangeBreakout,RR3.0_SL1.0ATR,London_NewYork_Overlap,2090,0.291866028708134,1.1170378156262992,510.6986167990725,0.24435340516702034,-289.7628252998188
Combo_H4Trend_OpeningRangeBreakout,RR2.0_SL1.5ATR,London_NewYork_Overlap,1820,0.37967032967032965,1.1160421411231065,572.7576193950077,0.3147019886785757,-267.1125811357185
Combo_H1Trend_M15DonchianBreakout,RR3.0_SL1.0ATR,London_NewYork_Overlap,2406,0.28428927680798005,1.1120860066165517,553.6699138701235,0.23012049620537137,-270.645949646587
Combo_MACDCross_BollingerBreakout,RR3.0_SL1.0ATR,Tokyo_London_Overlap,499,0.26452905811623245,1.1092632094534953,81.82175090223237,0.16397144469385244,-82.16073213032352
Combo_H1H4TrendAlign_EMA9_21Cross,RR3.0_SL1.0ATR,London_NewYork_Overlap,1075,0.29023255813953486,1.0903224710163786,192.04438917081464,0.1786459434147113,-171.58746901903433
Bollinger_Breakout,RR3.0_SL1.0ATR,Tokyo_London_Overlap,746,0.2667560321715818,1.0880653531628635,95.69605794763277,0.12827889805312703,-190.46392654316497
Combo_H1Trend_M15DonchianBreakout,RR2.0_SL1.5ATR,NewYork,1309,0.33995416348357527,1.0878850274804366,627.1279843291868,0.4790893692354368,-609.1447077932494
Session_VWAP_Reversion,RR3.0_SL1.0ATR,London_NewYork_Overlap,66,0.2878787878787879,1.0864281638710227,12.500765060409833,0.1894055312183308,-41.97916235187913
Combo_EMACross_ATRVolatilityFilter,RR2.0_SL1.5ATR,Tokyo_London_Overlap,228,0.32894736842105265,1.0819721954729966,38.689129130184696,0.16968916285168725,-93.8980435729759
Bollinger_Breakout,RR3.0_SL1.0ATR,NewYork,1655,0.2513595166163142,1.0793770304549835,575.771689085502,0.34789830156223683,-506.0150369422257
Combo_MACDCross_BollingerBreakout,RR2.0_SL1.5ATR,London_NewYork_Overlap,2132,0.3597560975609756,1.0784570629098391,450.37397417496663,0.21124482841227327,-173.98978722890266
Combo_MACDCross_BollingerBreakout,RR2.0_SL1.5ATR,Tokyo_London_Overlap,416,0.36778846153846156,1.0718910547029608,58.10109803490663,0.13966610104544863,-68.53868219626409
Combo_H4Trend_OpeningRangeBreakout,RR2.0_SL1.5ATR,NewYork,1304,0.348159509202454,1.0712391062083693,276.9147551659984,0.21235794107821962,-401.0641800359051
Session_VWAP_Reversion,RR1.5_SL1.0ATR,NewYork,17,0.4117647058823529,1.0709016817845392,3.566133506799382,0.20977255922349305,-22.207838414760843
Bollinger_Breakout,RR2.0_SL1.5ATR,NewYork,1427,0.34127540294323755,1.0689258249130016,570.7019796918242,0.399931310225525,-681.0305329783464
Combo_RSIReversion_BollingerBand,RR2.0_SL1.5ATR,London,70,0.4,1.0640715068124615,11.00505328837495,0.157215046976785,-63.82311189905555
RSI_Reversion_30_70,RR2.0_SL1.5ATR,Sydney_Tokyo_Overlap,1269,0.34515366430260047,1.0575777379684104,178.33206500829135,0.14052960205539114,-182.83210282768852
Bollinger_MeanReversion,RR2.0_SL1.5ATR,Asia,579,0.31088082901554404,1.050216918552079,59.334660538297044,0.10247782476389818,-268.19271483353117
Combo_RSIReversion_BollingerBand,RR1.5_SL1.0ATR,Sydney,8,0.375,1.047142228183274,0.9032141782265901,0.11290177227832376,-7.570010735871911
Combo_EMA200Trend_RSI50Pullback,RR1.5_SL1.0ATR,Tokyo_London_Overlap,584,0.4503424657534247,1.0458698869666982,29.662341013867,0.05079167981826541,-83.9446748578632
EMA9_21_Cross,RR2.0_SL1.5ATR,NewYork,1459,0.3303632625085675,1.0395317567533104,273.8503767617617,0.1876973110087469,-454.58965100489127
Combo_H1Trend_M15DonchianBreakout,RR3.0_SL1.0ATR,Tokyo_London_Overlap,486,0.2736625514403292,1.037259861645476,25.96382385729268,0.05342350587920305,-134.59552170216233
Combo_MACDCross_BollingerBreakout,RR2.0_SL1.5ATR,Sydney_Tokyo_Overlap,1829,0.3559322033898305,1.0351922882055602,131.71570605356655,0.07201514819768537,-284.2344033762795
Opening_Range_Breakout,RR3.0_SL1.0ATR,London_NewYork_Overlap,3468,0.2673010380622837,1.034718570135741,265.72481737726014,0.0766219196589562,-401.0809559533905
Combo_H1Trend_M15DonchianBreakout,RR2.0_SL1.5ATR,Sydney_Tokyo_Overlap,1769,0.355568117580554,1.032050238104213,115.53598704507841,0.06531146808653387,-254.34366166484006
MACD_Cross,RR2.0_SL1.5ATR,Sydney_Tokyo_Overlap,2075,0.3383132530120482,1.0318852523710422,146.5605817627457,0.0706316056687931,-318.86483217130905
Bollinger_Breakout,RR3.0_SL1.0ATR,Asia,726,0.2768595041322314,1.0273189467249428,27.542856583411222,0.03793781898541491,-81.65168510469576
Bollinger_Breakout,RR2.0_SL1.5ATR,London_NewYork_Overlap,2746,0.3408594319009468,1.0198723658519757,150.5601380050892,0.05482889220869963,-423.49588614540653
EMA9_21_Cross,RR2.0_SL1.5ATR,Tokyo_London_Overlap,348,0.3218390804597701,1.0194554750569627,13.66901531849809,0.039278779650856584,-91.48413895924877
RSI_Reversion_30_70,RR3.0_SL1.0ATR,Sydney_Tokyo_Overlap,1422,0.2510548523206751,1.0164324106058802,43.80192149679138,0.03080303902727945,-178.93615867148338
Bollinger_Breakout,RR1.5_SL1.0ATR,Tokyo_London_Overlap,923,0.4106175514626219,1.0156842134531512,16.531687773811058,0.01791082099004448,-112.56313850538005
Combo_H1Trend_M15DonchianBreakout,RR1.5_SL1.0ATR,London_NewYork_Overlap,2839,0.4233885170834801,1.012720782615107,60.01904937129066,0.021140912071606434,-234.91692164168893
Combo_H1Trend_M15DonchianBreakout,RR1.5_SL1.0ATR,Tokyo_London_Overlap,609,0.4236453201970443,1.0124199200441377,8.324405248475642,0.013668974135427983,-107.5352091599028
Combo_MACDCross_BollingerBreakout,RR3.0_SL1.0ATR,London_NewYork_Overlap,2499,0.266906762705082,1.011015431559659,57.87137142119619,0.023157811693155738,-331.17886254092815
Combo_H4Trend_OpeningRangeBreakout,RR3.0_SL1.0ATR,NewYork,1552,0.24806701030927836,1.009255080244346,33.3525656615231,0.02149005519428035,-500.11100596263924
Combo_MACDCross_BollingerBreakout,RR2.0_SL1.5ATR,NewYork,1489,0.32303559435862994,1.0089380210912517,69.88997337044913,0.04693752409029491,-638.2444363270107
Donchian20_Breakout,RR2.0_SL1.5ATR,London_NewYork_Overlap,3008,0.3460771276595745,1.0047870643399917,40.62646645275392,0.013506139113282552,-426.52925438831164
Combo_H4Trend_OpeningRangeBreakout,RR2.0_SL1.5ATR,London,1485,0.37912457912457914,1.004609811002933,14.398786205286484,0.009696152326792246,-203.04946307269677
EMA9_21_Cross,RR3.0_SL1.0ATR,NewYork,1809,0.24322830292979547,1.0043517450460067,28.832991373602397,0.01593863536406987,-524.6797746152032
Combo_H1H4TrendAlign_EMA9_21Cross,RR2.0_SL1.5ATR,London,686,0.3629737609329446,1.0009508829204388,1.315937384920872,0.0019182760713132244,-127.07893243638263
MACD_Cross,RR1.5_SL1.0ATR,Tokyo_London_Overlap,749,0.4218958611481976,0.9986579417613005,-1.222953789467219,-0.001632782095416848,-79.13083757189159
Donchian20_Breakout,RR2.0_SL1.5ATR,NewYork,1842,0.3273615635179153,0.9981478536023899,-19.147797084049046,-0.010395112423479395,-692.7619523042032
Donchian20_Breakout,RR3.0_SL1.0ATR,NewYork,2093,0.2436693741041567,0.9976480111144342,-21.099782915317917,-0.010081119405311952,-712.3822581329749
Combo_EMACross_ATRVolatilityFilter,RR3.0_SL1.0ATR,NewYork,1145,0.2427947598253275,0.9976304862124047,-9.384671393097904,-0.008196219557290746,-375.9784194511746
Combo_EMACross_ATRVolatilityFilter,RR1.5_SL1.0ATR,Sydney_Tokyo_Overlap,215,0.4186046511627907,0.9968888750728702,-1.528571553772501,-0.0071096351338255865,-139.10328117634805
Combo_EMACross_ATRVolatilityFilter,RR2.0_SL1.5ATR,NewYork,972,0.32613168724279834,0.9961973707108629,-17.022807787069837,-0.017513176735668556,-389.64370811747085
Combo_H1H4TrendAlign_EMA9_21Cross,RR2.0_SL1.5ATR,NewYork,842,0.32660332541567694,0.9939524163717028,-23.415821661509142,-0.027809764443597555,-518.1946377617826
Donchian20_Breakout,RR3.0_SL1.0ATR,London_NewYork_Overlap,3440,0.25988372093023254,0.993876548784705,-45.288173831899584,-0.013165166811598716,-578.1152831201734
Opening_Range_Breakout,RR2.0_SL1.5ATR,London_NewYork_Overlap,2903,0.339993110575267,0.9937106481628415,-53.2009774271657,-0.01832620648541705,-591.8909864239308
Opening_Range_Breakout,RR2.0_SL1.5ATR,Sydney_Tokyo_Overlap,2203,0.34906945074897866,0.9936397845328914,-31.128507344147962,-0.014130053265614145,-348.53309838380693
Bollinger_Breakout,RR3.0_SL1.0ATR,London_NewYork_Overlap,3205,0.2514820592823713,0.9896016360627977,-70.59222724583873,-0.02202565592693876,-609.6265879449921
Combo_H1Trend_M15DonchianBreakout,RR3.0_SL1.0ATR,Asia,445,0.2853932584269663,0.9884171753383427,-6.948439450949053,-0.015614470676290007,-60.15599852676866
Combo_RSIReversion_BollingerBand,RR3.0_SL1.0ATR,London,70,0.2571428571428571,0.988096011080653,-1.6113911716529312,-0.02301987388075616,-38.883135456740426
Combo_H1Trend_M15DonchianBreakout,RR1.5_SL1.0ATR,NewYork,1740,0.3936781609195402,0.9865734496939818,-78.6970692926543,-0.045228200742904776,-343.35586795873957
Combo_EMACross_ATRVolatilityFilter,RR2.0_SL1.5ATR,Asia,109,0.3119266055045872,0.9865002256893478,-3.237537388147153,-0.02970217787290966,-69.42250495312068
RSI_Reversion_30_70,RR2.0_SL1.5ATR,London,1248,0.3269230769230769,0.9861240075903611,-38.03060545906504,-0.030473241553738015,-331.33284123814224
MACD_Cross,RR3.0_SL1.0ATR,London_NewYork_Overlap,3016,0.2612732095490716,0.9850399614063613,-95.30027633086883,-0.03159823485771513,-404.7464897061888
Combo_MACDCross_BollingerBreakout,RR3.0_SL1.0ATR,NewYork,1761,0.23509369676320271,0.984796108107573,-107.24459866336281,-0.060899828883227036,-703.6505852037642
Session_ATR_Volatility_Breakout,RR2.0_SL1.5ATR,Sydney_Tokyo_Overlap,2293,0.3375490623637157,0.9839737059359688,-78.04534084562948,-0.03403634576782795,-568.1518069292298
Combo_H1H4TrendAlign_EMA9_21Cross,RR1.5_SL1.0ATR,London_NewYork_Overlap,1088,0.4273897058823529,0.9837694552230278,-28.237091675845463,-0.025953209260887372,-208.95885465023744
Session_ATR_Volatility_Breakout,RR2.0_SL1.5ATR,NewYork,1761,0.3180011357183419,0.9813350358443602,-102.12310208958269,-0.0579915400849419,-682.6980914006583
Combo_H4Trend_OpeningRangeBreakout,RR1.5_SL1.0ATR,London_NewYork_Overlap,2280,0.425,0.9812315867861177,-73.31841025062336,-0.03215719747834358,-284.48451401957317
Opening_Range_Breakout,RR3.0_SL1.0ATR,Sydney_Tokyo_Overlap,3238,0.26158122297714637,0.9810896341208557,-99.9101803209366,-0.030855522026231194,-521.2734771183929
Bollinger_MeanReversion,RR3.0_SL1.0ATR,Sydney_Tokyo_Overlap,3189,0.25493885230479774,0.9809799642953677,-99.325397086837,-0.03114625183030323,-324.0262270475667
EMA9_21_Cross,RR1.5_SL1.0ATR,Asia,516,0.4127906976744186,0.9808496433086172,-11.141625524102054,-0.021592297527329562,-98.05597523506599
Combo_MACDCross_BollingerBreakout,RR3.0_SL1.0ATR,Sydney_Tokyo_Overlap,2299,0.2679425837320574,0.980698291771301,-69.70644445645607,-0.030320332516944788,-378.13464012967796
Combo_EMACross_ATRVolatilityFilter,RR2.0_SL1.5ATR,London_NewYork_Overlap,1896,0.3454641350210971,0.9804046031160472,-101.6178333607698,-0.053595903671292085,-414.5199067246769
Combo_EMA200Trend_RSI50Pullback,RR2.0_SL1.5ATR,London_NewYork_Overlap,2071,0.33510381458232735,0.980383511941822,-109.37994313552971,-0.05281503772840643,-458.0734258773181
Bollinger_Breakout,RR1.5_SL1.0ATR,Asia,899,0.4371523915461624,0.9772548767800309,-22.107479719086918,-0.0245911898988731,-65.64382444494292
Combo_H4Trend_OpeningRangeBreakout,RR3.0_SL1.0ATR,Sydney_Tokyo_Overlap,2084,0.2687140115163148,0.9753892852838474,-79.49652558705986,-0.03814612552162182,-368.41448116287836
Combo_H4Trend_OpeningRangeBreakout,RR1.5_SL1.0ATR,Sydney_Tokyo_Overlap,2510,0.41394422310756973,0.974680939406408,-77.08399767469956,-0.030710756045697035,-380.15684215304293
Bollinger_Breakout,RR2.0_SL1.5ATR,Tokyo_London_Overlap,610,0.3344262295081967,0.9724964324178823,-33.52434373720615,-0.05495794055279697,-242.18062371378588
MACD_Cross,RR2.0_SL1.5ATR,London_NewYork_Overlap,2506,0.34397446129289705,0.9719845908259116,-196.2312368302408,-0.07830456377902666,-378.94646242610094
Donchian20_Breakout,RR2.0_SL1.5ATR,Tokyo_London_Overlap,618,0.34951456310679613,0.9705269367198203,-35.86701382920323,-0.05803723920583047,-239.70644915091293
Combo_MACDCross_BollingerBreakout,RR3.0_SL1.0ATR,Asia,480,0.25,0.9695268579044999,-20.959200538867265,-0.043665001122640136,-111.70646274822654
Bollinger_MeanReversion,RR3.0_SL1.0ATR,Sydney,257,0.26459143968871596,0.9669215487030931,-19.74009043660543,-0.07680969041480712,-103.59173114685962
Combo_H1Trend_M15DonchianBreakout,RR1.5_SL1.0ATR,Asia,550,0.4490909090909091,0.9661184267335583,-20.065246252803494,-0.03648226591418817,-43.69432227107046
Bollinger_MeanReversion,RR2.0_SL1.5ATR,London,1962,0.32772680937818555,0.965131688267392,-152.34201448266697,-0.07764628668841334,-369.4674921828632
EMA9_21_Cross,RR1.5_SL1.0ATR,NewYork,1943,0.38188368502316006,0.9634827633814018,-215.048558326685,-0.11067861982845342,-511.5862578736171
Combo_H1Trend_M15DonchianBreakout,RR2.0_SL1.5ATR,Sydney,134,0.31343283582089554,0.9627807290204897,-16.192375003839743,-0.12083861943163987,-139.72272352650631
Combo_H4Trend_OpeningRangeBreakout,RR2.0_SL1.5ATR,Sydney_Tokyo_Overlap,1621,0.3466995681677977,0.962731976114011,-126.19466486723215,-0.07784988579101304,-342.15317333120123
Donchian20_Breakout,RR1.5_SL1.0ATR,Tokyo_London_Overlap,991,0.40766902119071646,0.9612077438631684,-44.428463163977355,-0.044831950720461505,-170.61524579213162
Combo_H1Trend_M15DonchianBreakout,RR3.0_SL1.0ATR,Sydney_Tokyo_Overlap,2094,0.26456542502387775,0.9589784024033473,-137.04043531999253,-0.06544433396370225,-310.1336790509665
EMA9_21_Cross,RR2.0_SL1.5ATR,London_NewYork_Overlap,1915,0.34308093994778066,0.9583102886332937,-220.11156015958517,-0.11494076248542306,-424.72678885619604
Session_ATR_Volatility_Breakout,RR2.0_SL1.5ATR,London,1904,0.34138655462184875,0.9580210435673236,-173.41357101972096,-0.09107855620783664,-324.3177086784754
MACD_Cross,RR1.5_SL1.0ATR,London_NewYork_Overlap,3393,0.4061302681992337,0.9567452961652102,-245.85436851162237,-0.07245928927545604,-480.42955645989673
MACD_Cross,RR3.0_SL1.0ATR,Tokyo_London_Overlap,536,0.27052238805970147,0.9567214141972801,-37.687026927843924,-0.07031161740269389,-97.06806500870297
Combo_EMA200Trend_RSI50Pullback,RR2.0_SL1.5ATR,Asia,358,0.329608938547486,0.9519545950651075,-33.5740624740815,-0.09378229741363547,-153.51412895724405
RSI_Reversion_30_70,RR2.0_SL1.5ATR,London_NewYork_Overlap,1804,0.3475609756097561,0.946443031841238,-291.8703318918177,-0.16179064960743778,-446.37047223854506
Donchian20_Breakout,RR3.0_SL1.0ATR,Asia,679,0.25773195876288657,0.9461918548310297,-53.52134215427102,-0.07882377342307956,-138.24732001289192
Combo_MACDCross_BollingerBreakout,RR1.5_SL1.0ATR,London_NewYork_Overlap,2737,0.40701497990500546,0.9452575833717505,-252.24466221366598,-0.09216100190488344,-360.17295792227264
Combo_H1H4TrendAlign_EMA9_21Cross,RR3.0_SL1.0ATR,Sydney_Tokyo_Overlap,1236,0.2872168284789644,0.9450143698070163,-99.27336707319617,-0.08031825814983509,-164.79288369025406
MACD_Cross,RR3.0_SL1.0ATR,Sydney_Tokyo_Overlap,2767,0.25117455728225513,0.9445034041327887,-260.3968941063653,-0.09410802099977063,-514.8277066489376
Combo_H1Trend_M15DonchianBreakout,RR2.0_SL1.5ATR,Tokyo_London_Overlap,417,0.354916067146283,0.9434738757280989,-45.15152899599245,-0.10827704795202027,-142.18457173634954
Donchian20_Breakout,RR1.5_SL1.0ATR,Asia,899,0.4271412680756396,0.9431593647817682,-57.11626741958629,-0.0635331117014308,-90.77519296129717
Bollinger_MeanReversion,RR3.0_SL1.0ATR,London,2298,0.24760661444734552,0.9430648288572026,-221.25883624794056,-0.09628321855872088,-405.69613418021476
Combo_MACDCross_BollingerBreakout,RR1.5_SL1.0ATR,Sydney_Tokyo_Overlap,2794,0.4183965640658554,0.9429276970521211,-194.2974513884775,-0.06954096327432982,-449.3814085938208
MACD_Cross,RR1.5_SL1.0ATR,Sydney_Tokyo_Overlap,3847,0.4081102157525344,0.9428337042588173,-280.0042297848036,-0.07278508702490347,-602.7497548811859
Combo_EMACross_ATRVolatilityFilter,RR3.0_SL1.0ATR,London_NewYork_Overlap,2105,0.260332541567696,0.9428104955603305,-255.81681712810104,-0.12152817915824277,-453.83813038939735
Combo_EMA200Trend_RSI50Pullback,RR2.0_SL1.5ATR,NewYork,1532,0.32702349869451697,0.9423272637666167,-450.0252507149248,-0.2937501636520397,-790.521191905827
Bollinger_MeanReversion,RR3.0_SL1.0ATR,Tokyo_London_Overlap,879,0.2832764505119454,0.9383400049536073,-81.48213127896017,-0.09269867039699678,-271.75430604129565
Bollinger_Breakout,RR2.0_SL1.5ATR,Sydney_Tokyo_Overlap,2524,0.33518225039619653,0.9355460199764771,-328.05754821625527,-0.12997525682102032,-581.2571568873857
Combo_H4Trend_OpeningRangeBreakout,RR3.0_SL1.0ATR,London,1736,0.2764976958525346,0.9337932305174323,-190.4790504904527,-0.10972295535164325,-267.17605694875965
EMA9_21_Cross,RR3.0_SL1.0ATR,London_NewYork_Overlap,2210,0.25972850678733034,0.9335143562631372,-313.11262317192376,-0.14167991998729582,-490.59879644753596
Bollinger_Breakout,RR1.5_SL1.0ATR,London_NewYork_Overlap,3574,0.39647453833240065,0.9327733052600582,-406.2125855044955,-0.11365769040416775,-642.8531333163577
Opening_Range_Breakout,RR1.5_SL1.0ATR,Sydney_Tokyo_Overlap,4396,0.4049135577797998,0.9322139809939648,-375.7673397042364,-0.08547937663881629,-736.7017223140928
Session_ATR_Volatility_Breakout,RR2.0_SL1.5ATR,London_NewYork_Overlap,3004,0.3285619174434088,0.9318284856548872,-582.135808247812,-0.19378688690007057,-881.8326732755548
Combo_EMA200Trend_RSI50Pullback,RR3.0_SL1.0ATR,London_NewYork_Overlap,2479,0.25010084711577246,0.9317949183157642,-349.96705448353737,-0.14117267224023292,-527.9934493227794
Combo_H1Trend_M15DonchianBreakout,RR2.0_SL1.5ATR,London,1223,0.34423548650858543,0.931558586318589,-183.18862776972847,-0.14978628599323668,-251.10440757143016
Bollinger_MeanReversion,RR2.0_SL1.5ATR,Sydney_Tokyo_Overlap,2526,0.32779097387173395,0.9314417686381877,-390.53171619295836,-0.15460479659262008,-463.73032067102065
Bollinger_Breakout,RR1.5_SL1.0ATR,NewYork,1859,0.3706293706293706,0.9308662992207749,-473.47557707812314,-0.25469369396348746,-728.8304036574632
Donchian20_Breakout,RR1.5_SL1.0ATR,London_NewYork_Overlap,4079,0.3978916401078696,0.9295109580108787,-502.9484164519052,-0.1233018917508961,-802.4026437263478
Session_VWAP_Reversion,RR1.5_SL1.0ATR,London_NewYork_Overlap,66,0.4090909090909091,0.9269867806598777,-8.750221682582783,-0.13257911640276943,-33.62784944736222
Session_ATR_Volatility_Breakout,RR2.0_SL1.5ATR,Asia,581,0.31841652323580033,0.9246676847924947,-89.94326048068835,-0.15480767724731215,-151.81203358522197
Combo_EMA200Trend_RSI50Pullback,RR2.0_SL1.5ATR,Tokyo_London_Overlap,366,0.35792349726775957,0.9242102097511428,-54.31365590061532,-0.14839796694157192,-70.83658174674254
Combo_H1H4TrendAlign_EMA9_21Cross,RR3.0_SL1.0ATR,London,754,0.27984084880636606,0.9241037501129612,-90.24178275252757,-0.11968406200600473,-141.47135541634825
Combo_EMACross_ATRVolatilityFilter,RR2.0_SL1.5ATR,London,881,0.3280363223609535,0.9239563480344982,-141.78940816530064,-0.1609414394611812,-228.7431596609321
MACD_Cross,RR3.0_SL1.0ATR,NewYork,3077,0.22879428014299644,0.921676776447959,-924.6664091968487,-0.3005090702622193,-1478.1688825731794
Bollinger_MeanReversion,RR1.5_SL1.0ATR,NewYork,2182,0.38817598533455544,0.9207972243743627,-658.7688677915512,-0.30191057185680625,-728.751106186641
RSI_Reversion_30_70,RR3.0_SL1.0ATR,London,1391,0.2372393961179008,0.9195542771080759,-190.82003963853384,-0.1371819120334535,-364.2782244487999
Session_ATR_Volatility_Breakout,RR3.0_SL1.0ATR,London_NewYork_Overlap,3603,0.24784901470996393,0.9186227306324318,-630.2340549960735,-0.17491924923565738,-810.0871953075489
Bollinger_MeanReversion,RR3.0_SL1.0ATR,Asia,714,0.22408963585434175,0.9178954948529117,-92.02652555747959,-0.12888869125697422,-313.0166340398149
EMA9_21_Cross,RR2.0_SL1.5ATR,London,1145,0.337117903930131,0.917545144682078,-197.72307650186923,-0.1726839096086194,-212.41546384767057
Combo_EMA200Trend_RSI50Pullback,RR3.0_SL1.0ATR,Tokyo_London_Overlap,481,0.2702702702702703,0.9161820324787393,-61.30034753287687,-0.12744354996440097,-92.45244792009687
RSI_Reversion_30_70,RR1.5_SL1.0ATR,Sydney_Tokyo_Overlap,1462,0.3898768809849521,0.916050674563506,-186.02438936640988,-0.1272396644093091,-308.2670294142357
Opening_Range_Breakout,RR2.0_SL1.5ATR,NewYork,1886,0.32502651113467657,0.9147639236775049,-500.1059675614013,-0.26516753317147473,-635.9999276421981
Combo_RSIReversion_BollingerBand,RR3.0_SL1.0ATR,London_NewYork_Overlap,163,0.2883435582822086,0.9126708723491989,-32.28590823626543,-0.19807305666420508,-127.30436558228236
Combo_EMACross_ATRVolatilityFilter,RR1.5_SL1.0ATR,NewYork,1184,0.3783783783783784,0.9115666995993869,-296.3002771700631,-0.25025361247471545,-414.1375312410433
Bollinger_MeanReversion,RR2.0_SL1.5ATR,NewYork,1741,0.3228029867892016,0.9109740259035547,-978.5103258499344,-0.562039245175149,-1443.7031393186123
MACD_Cross,RR2.0_SL1.5ATR,London,1887,0.3375728669846317,0.9101732667831524,-373.30586535315575,-0.19783034729896967,-482.8093763513348
Donchian20_Breakout,RR2.0_SL1.5ATR,Sydney_Tokyo_Overlap,2695,0.3332096474953618,0.9098915916506236,-515.6200501555473,-0.19132469393526802,-668.1184725326519
Bollinger_MeanReversion,RR3.0_SL1.0ATR,NewYork,1979,0.2430520464881253,0.9085725998897812,-865.3075938298971,-0.4372448680292557,-1212.059871425393
Combo_EMA200Trend_RSI50Pullback,RR3.0_SL1.0ATR,London,1699,0.2630959387875221,0.9083386916538332,-256.75071885668433,-0.15111872799098547,-255.4477045627841
Donchian20_Breakout,RR3.0_SL1.0ATR,Tokyo_London_Overlap,775,0.23870967741935484,0.9081002709816729,-108.26924566329441,-0.139702252468767,-296.3635269713406
Session_ATR_Volatility_Breakout,RR3.0_SL1.0ATR,NewYork,2171,0.23215108245048366,0.9053079229535524,-502.51263399776224,-0.23146597604687344,-771.178506625247
MACD_Cross,RR2.0_SL1.5ATR,NewYork,2671,0.32272557094721077,0.9047332690009958,-1285.262539504974,-0.4811915161007016,-1352.3353470130326
Combo_H1Trend_M15DonchianBreakout,RR1.5_SL1.0ATR,London,1731,0.41305603697284804,0.9032126180143132,-223.58664888369628,-0.1291661749761388,-238.36415591336342
Bollinger_MeanReversion,RR2.0_SL1.5ATR,London_NewYork_Overlap,3414,0.3345049794961921,0.9029998205281395,-997.4227723405654,-0.2921566409902066,-1154.3777211380282
EMA9_21_Cross,RR2.0_SL1.5ATR,Asia,326,0.3220858895705521,0.9006897526730505,-64.81231533911415,-0.1988107832488164,-113.06941168367689
Combo_H1Trend_M15DonchianBreakout,RR3.0_SL1.0ATR,London,1417,0.26605504587155965,0.9005145952980106,-236.07789384537273,-0.16660401823950086,-243.94682599917348
RSI_Reversion_30_70,RR1.5_SL1.0ATR,Sydney,155,0.4064516129032258,0.9000240230091926,-27.98585125869237,-0.18055387908833787,-56.390292693369176
Combo_H1H4TrendAlign_EMA9_21Cross,RR2.0_SL1.5ATR,Asia,215,0.3209302325581395,0.8996239775012068,-39.68295484146132,-0.18457188298354102,-115.83921252430223
Combo_H1Trend_M15DonchianBreakout,RR1.5_SL1.0ATR,Sydney_Tokyo_Overlap,2617,0.403897592663355,0.898885275425214,-341.2883153505694,-0.13041204254893748,-525.9666803009984
Session_ATR_Volatility_Breakout,RR3.0_SL1.0ATR,Sydney_Tokyo_Overlap,3211,0.2516350046714419,0.8988797202595386,-528.8844254648993,-0.164710191673902,-780.4992969114403
RSI_Reversion_30_70,RR3.0_SL1.0ATR,London_NewYork_Overlap,1930,0.25699481865284973,0.8987317509147478,-455.08485196205925,-0.23579526008396853,-546.0110302864866
Bollinger_Breakout,RR3.0_SL1.0ATR,Sydney_Tokyo_Overlap,3157,0.24738675958188153,0.898555577656431,-493.05639222435326,-0.15617877485725476,-775.8052849226997
Combo_EMACross_ATRVolatilityFilter,RR3.0_SL1.0ATR,London,990,0.25656565656565655,0.8969476260886929,-165.12206554687288,-0.1667899651988615,-267.1015088456521
Combo_EMACross_ATRVolatilityFilter,RR1.5_SL1.0ATR,London,1049,0.41754051477597715,0.8966476129361111,-138.72185363871992,-0.13224199584244034,-169.905949930608
Donchian20_Breakout,RR2.0_SL1.5ATR,London,1732,0.33140877598152424,0.8958331989894663,-407.9393465575131,-0.23553080055283665,-501.39526306526477
Combo_H1H4TrendAlign_EMA9_21Cross,RR2.0_SL1.5ATR,Sydney_Tokyo_Overlap,1087,0.35878564857405704,0.8955383600844794,-222.87531664960795,-0.20503708983404595,-276.7911573779107
Bollinger_MeanReversion,RR1.5_SL1.0ATR,Tokyo_London_Overlap,1063,0.42521166509877706,0.8947107815731487,-132.6408333868024,-0.12477971155860997,-157.82453654982223
Combo_MACDCross_BollingerBreakout,RR2.0_SL1.5ATR,Asia,380,0.30526315789473685,0.8938974986611125,-79.30476535960005,-0.20869675094631593,-155.48262046842075
Opening_Range_Breakout,RR1.5_SL1.0ATR,London_NewYork_Overlap,3918,0.39509954058192953,0.8937608376910456,-758.0159600719644,-0.1934701276344983,-837.3410064159823
Combo_H1H4TrendAlign_EMA9_21Cross,RR1.5_SL1.0ATR,London,791,0.42351453855878635,0.893512616717276,-105.30804550932345,-0.13313280089674268,-122.68359238842918
Combo_H1H4TrendAlign_EMA9_21Cross,RR3.0_SL1.0ATR,NewYork,896,0.23214285714285715,0.8927183596035939,-345.6913237153472,-0.38581620950373574,-691.3976641190211
Combo_H4Trend_OpeningRangeBreakout,RR1.5_SL1.0ATR,NewYork,1714,0.38914819136522755,0.8916934615459008,-350.52729097178025,-0.2045083377898368,-424.4267821406529
EMA9_21_Cross,RR2.0_SL1.5ATR,Sydney,152,0.3355263157894737,0.8894872272745871,-43.78509296077798,-0.28805982211038145,-99.39635548990546
Bollinger_MeanReversion,RR1.5_SL1.0ATR,Sydney_Tokyo_Overlap,3994,0.39909864797195793,0.8886302995792179,-570.0864725086602,-0.14273572170972965,-665.068040792074
Combo_EMA200Trend_RSI50Pullback,RR2.0_SL1.5ATR,London,1326,0.33031674208144796,0.8859887071493824,-328.4507615869072,-0.24770042351953786,-325.6238563724396
Bollinger_MeanReversion,RR1.5_SL1.0ATR,London,2609,0.39172096588731314,0.8859294509560897,-399.94766294945975,-0.15329538633555376,-457.0960143762044
Bollinger_Breakout,RR1.5_SL1.0ATR,Sydney_Tokyo_Overlap,3706,0.3936859147328656,0.8845235197534039,-526.9547464164082,-0.14218962396557155,-834.6186937562551
RSI_Reversion_30_70,RR2.0_SL1.5ATR,Asia,328,0.32926829268292684,0.8831723213618166,-82.28344154708208,-0.25086415105817705,-156.74834693457356
Combo_EMA200Trend_RSI50Pullback,RR1.5_SL1.0ATR,NewYork,2108,0.38330170777988615,0.8830095293346413,-779.2573742109903,-0.3696666860583445,-853.0791811321882
Donchian20_Breakout,RR1.5_SL1.0ATR,NewYork,2537,0.3728813559322034,0.8821675458621047,-1082.099952252181,-0.4265273757399216,-1125.0500972093698
Combo_EMACross_ATRVolatilityFilter,RR3.0_SL1.0ATR,Sydney_Tokyo_Overlap,205,0.24878048780487805,0.8809588884959717,-74.17878656663456,-0.36184773934943687,-136.28126061625505
Combo_H1H4TrendAlign_EMA9_21Cross,RR1.5_SL1.0ATR,NewYork,905,0.36685082872928176,0.8790787030536173,-321.42300258351173,-0.3551635387663113,-426.48206353916487
Session_VWAP_Reversion,RR2.0_SL1.5ATR,London_NewYork_Overlap,66,0.3333333333333333,0.8786466037024528,-23.832077318805833,-0.36109208058796716,-68.82278784794573
Combo_H1Trend_M15DonchianBreakout,RR3.0_SL1.0ATR,Sydney,161,0.2422360248447205,0.8781213518504931,-47.58675204823394,-0.2955698884983475,-92.61357286546604
Session_ATR_Volatility_Breakout,RR2.0_SL1.5ATR,Tokyo_London_Overlap,607,0.3261943986820428,0.8775485507317551,-153.48863565534077,-0.2528643091521265,-282.7944396457563
Donchian20_Breakout,RR3.0_SL1.0ATR,Sydney_Tokyo_Overlap,3337,0.2499250824093497,0.8772232683306462,-660.7588990340528,-0.19800985886546382,-729.693861498954
Opening_Range_Breakout,RR2.0_SL1.5ATR,London,2355,0.33673036093418257,0.8765113589123152,-649.9301492535825,-0.2759788319548121,-681.5117991243737
MACD_Cross,RR1.5_SL1.0ATR,NewYork,3578,0.3708775852431526,0.8758587262576183,-1406.0915837146754,-0.39298255553791933,-1970.69402422908
Combo_MACDCross_BollingerBreakout,RR3.0_SL1.0ATR,London,1711,0.2536528345996493,0.8755651565523387,-349.73190411646397,-0.20440204799325773,-432.8972292033257
Combo_EMACross_ATRVolatilityFilter,RR2.0_SL1.5ATR,Sydney_Tokyo_Overlap,193,0.34196891191709844,0.8746171114526423,-100.67186660093358,-0.5216158891240082,-163.97370612901258
EMA9_21_Cross,RR2.0_SL1.5ATR,Sydney_Tokyo_Overlap,1796,0.33351893095768376,0.8737951029672394,-504.11700367795737,-0.2806887548318248,-624.6191382928095
Combo_EMA200Trend_RSI50Pullback,RR1.5_SL1.0ATR,Asia,566,0.4098939929328622,0.8732942517690956,-84.20114936995193,-0.14876528157235325,-138.88952991326332
EMA9_21_Cross,RR3.0_SL1.0ATR,London,1410,0.25460992907801416,0.8730165360957651,-288.7555498052866,-0.20479117007467135,-297.5331840655059
EMA9_21_Cross,RR3.0_SL1.0ATR,Sydney_Tokyo_Overlap,2353,0.25839354016149596,0.8726071302972562,-485.15207575333494,-0.20618447758322778,-575.5270578983096
Combo_EMA200Trend_RSI50Pullback,RR3.0_SL1.0ATR,Sydney_Tokyo_Overlap,2453,0.24663677130044842,0.8711563130282319,-509.6186965286389,-0.20775323951432487,-608.6663461440563
Bollinger_MeanReversion,RR3.0_SL1.0ATR,London_NewYork_Overlap,3766,0.2501327668613914,0.8706945446468615,-1116.9488606450575,-0.29658758912508165,-1214.3714252796262
Combo_MACDCross_BollingerBreakout,RR1.5_SL1.0ATR,London,1993,0.4024084295032614,0.8698782438667392,-340.6152375649619,-0.17090578904413542,-367.8636033864579
Combo_H1H4TrendAlign_EMA9_21Cross,RR3.0_SL1.0ATR,Asia,236,0.24152542372881355,0.8695690686469748,-43.678256297639976,-0.18507735719338972,-81.08141130755729
Opening_Range_Breakout,RR3.0_SL1.0ATR,NewYork,2415,0.23354037267080746,0.8691947690588271,-750.7629802580789,-0.3108749400654571,-923.6576817721345
Donchian20_Breakout,RR1.5_SL1.0ATR,London,2614,0.39862280030604436,0.8683093879328171,-463.7449853892941,-0.17740818109766415,-496.04553739560606
Session_ATR_Volatility_Breakout,RR2.0_SL1.5ATR,Sydney,112,0.32142857142857145,0.8672533449695334,-52.84323953820201,-0.4718146387339465,-121.8452300082866
Donchian20_Breakout,RR3.0_SL1.0ATR,London,2074,0.2531340405014465,0.8669324160546653,-469.50670307369177,-0.22637738817439332,-468.22093671293476
Combo_H1H4TrendAlign_EMA9_21Cross,RR1.5_SL1.0ATR,Asia,245,0.40408163265306124,0.8656770818213598,-36.89777252800789,-0.1506031531755424,-61.62521714553389
MACD_Cross,RR2.0_SL1.5ATR,Asia,373,0.32171581769436997,0.8652949728004384,-107.65559984250713,-0.28862091110591725,-156.47127137742484
Combo_EMA200Trend_RSI50Pullback,RR3.0_SL1.0ATR,NewYork,1906,0.229800629590766,0.8637727703443379,-1007.7495761863321,-0.5287248563412026,-1166.325215792363
Combo_MACDCross_BollingerBreakout,RR1.5_SL1.0ATR,Asia,603,0.3963515754560531,0.8632086255833918,-94.20966516285027,-0.15623493393507507,-169.0272823450107
EMA9_21_Cross,RR1.5_SL1.0ATR,London,1581,0.4092346616065781,0.8611173424219176,-281.3696556129194,-0.17796942164005022,-285.2759224925831
Combo_MACDCross_BollingerBreakout,RR1.5_SL1.0ATR,NewYork,1975,0.3620253164556962,0.8609451929991282,-928.985945000446,-0.4703726303799727,-1278.2755728144139
Combo_EMACross_ATRVolatilityFilter,RR1.5_SL1.0ATR,London_NewYork_Overlap,2176,0.3975183823529412,0.8606583466834465,-526.3011234138767,-0.2418663250982889,-667.8125579424654
Combo_RSIReversion_BollingerBand,RR2.0_SL1.5ATR,Asia,39,0.38461538461538464,0.8601114899071605,-10.084340693659044,-0.25857283829894984,-21.694749692104864
Bollinger_Breakout,RR1.5_SL1.0ATR,London,2072,0.3923745173745174,0.8599582738852043,-378.0740096037808,-0.18246815135317604,-426.19042843817783
Session_ATR_Volatility_Breakout,RR1.5_SL1.0ATR,London_NewYork_Overlap,4104,0.38425925925925924,0.8582354492686155,-1020.085130435376,-0.2485587549793801,-1112.9244714342585
Session_ATR_Volatility_Breakout,RR3.0_SL1.0ATR,London,2518,0.2402700555996823,0.8578603787544845,-606.2646589977562,-0.24077230301737737,-730.5193859783067
Session_ATR_Volatility_Breakout,RR1.5_SL1.0ATR,Sydney_Tokyo_Overlap,4017,0.39606671645506597,0.8560666044904753,-751.1782175927848,-0.18699980522598575,-959.1239726648868
Combo_EMACross_ATRVolatilityFilter,RR3.0_SL1.0ATR,Sydney,25,0.32,0.8543951457516203,-12.958856928389054,-0.5183542771355621,-62.932417541748606
MACD_Cross,RR2.0_SL1.5ATR,Tokyo_London_Overlap,409,0.3422982885085575,0.8534356078347152,-131.63437187121286,-0.3218444300029654,-195.36825766610687
Bollinger_Breakout,RR2.0_SL1.5ATR,Sydney,223,0.29596412556053814,0.8533131956763735,-96.60016413892106,-0.4331845925512155,-214.36241896296696
Combo_H4Trend_OpeningRangeBreakout,RR1.5_SL1.0ATR,London,1858,0.4101184068891281,0.8530832391408831,-369.8945428835806,-0.1990821005831973,-385.5067336096434
EMA9_21_Cross,RR1.5_SL1.0ATR,London_NewYork_Overlap,2316,0.39378238341968913,0.8518191112413493,-598.3919363155659,-0.2583730294972219,-733.8610945946469
Bollinger_Breakout,RR2.0_SL1.5ATR,London,1467,0.3278800272665303,0.8509368992305143,-476.7726045646363,-0.3249983671197248,-543.7224454480189
Session_ATR_Volatility_Breakout,RR1.5_SL1.0ATR,Asia,952,0.3855042016806723,0.849817160060966,-177.69382260564686,-0.18665317500593157,-210.9188779033639
Combo_EMA200Trend_RSI50Pullback,RR1.5_SL1.0ATR,London_NewYork_Overlap,2720,0.38786764705882354,0.8487880830198089,-695.9862176529961,-0.2558772859018368,-721.8672008066477
Bollinger_MeanReversion,RR1.5_SL1.0ATR,Sydney,299,0.4180602006688963,0.8481562315333384,-84.39001682390081,-0.2822408589428121,-120.10246961275338
Combo_MACDCross_BollingerBreakout,RR2.0_SL1.5ATR,London,1390,0.3359712230215827,0.8470339848286172,-469.1165552717324,-0.3374939246559226,-549.9504899143025
Session_ATR_Volatility_Breakout,RR1.5_SL1.0ATR,Tokyo_London_Overlap,1057,0.3935666982024598,0.8470114972491739,-202.73973397376997,-0.1918067492656291,-268.96485695821644
RSI_Reversion_30_70,RR1.5_SL1.0ATR,NewYork,1458,0.3786008230452675,0.8467728124980171,-810.1360249620888,-0.5556488511399785,-908.7755417207538
Opening_Range_Breakout,RR3.0_SL1.0ATR,London,2867,0.245204046041158,0.8450772996747236,-754.6802173573849,-0.2632299328069009,-788.488242985388
Combo_H1H4TrendAlign_EMA9_21Cross,RR1.5_SL1.0ATR,Sydney_Tokyo_Overlap,1287,0.4156954156954157,0.8431938055432106,-240.28905768433054,-0.18670478452550937,-275.4588548046979
RSI_Reversion_30_70,RR1.5_SL1.0ATR,London_NewYork_Overlap,1938,0.3890608875128999,0.8426614767398345,-583.0699722613297,-0.30086169879325575,-636.8312097966716
EMA9_21_Cross,RR1.5_SL1.0ATR,Sydney_Tokyo_Overlap,2735,0.40255941499085923,0.8426484611774037,-549.2555564465016,-0.20082470071170078,-612.048120479853
Donchian20_Breakout,RR1.5_SL1.0ATR,Sydney_Tokyo_Overlap,4371,0.3891557995881949,0.8417996797106889,-899.200197152701,-0.20571956008984238,-999.660281129167
Session_ATR_Volatility_Breakout,RR1.5_SL1.0ATR,London,3085,0.39513776337115075,0.8389797816937065,-670.8858670319817,-0.2174670557640135,-698.1152841965746
Bollinger_Breakout,RR3.0_SL1.0ATR,London,1764,0.23979591836734693,0.8378220558950722,-472.97586389038605,-0.26812690696733904,-514.0866679848903
MACD_Cross,RR3.0_SL1.0ATR,London,2371,0.23998312948123154,0.8360362193841229,-652.3325473925071,-0.275129712101437,-717.0287611610147
RSI_Reversion_30_70,RR1.5_SL1.0ATR,London,1412,0.37039660056657225,0.83482359496349,-325.82258251802307,-0.23075253719406733,-384.0758390061967
Opening_Range_Breakout,RR1.5_SL1.0ATR,London,3247,0.39913766553741914,0.8334695035651762,-732.7148457960251,-0.22565902241947186,-748.3270365220912
Session_ATR_Volatility_Breakout,RR3.0_SL1.0ATR,Asia,687,0.2328966521106259,0.8323779257545458,-182.67713207080743,-0.2659055779778856,-212.61369800325403
Bollinger_MeanReversion,RR1.5_SL1.0ATR,London_NewYork_Overlap,4000,0.3865,0.8300993233971117,-1273.8244791221975,-0.3184561197805494,-1303.0911972257495
MACD_Cross,RR1.5_SL1.0ATR,London,2918,0.3886223440712817,0.8293267055778285,-669.3931318986276,-0.22940134746354615,-684.9032092437512
Combo_EMA200Trend_RSI50Pullback,RR1.5_SL1.0ATR,Sydney_Tokyo_Overlap,2932,0.3918826739427012,0.8285110647701212,-644.2256493373228,-0.21972225420781816,-824.851026029239
MACD_Cross,RR3.0_SL1.0ATR,Asia,500,0.224,0.827202287407703,-137.42007760170893,-0.27484015520341787,-205.205505977984
Combo_H1Trend_M15DonchianBreakout,RR1.5_SL1.0ATR,Sydney,192,0.3645833333333333,0.8224782815612658,-65.78704057074751,-0.3426408363059766,-108.87332613120613
Bollinger_MeanReversion,RR1.5_SL1.0ATR,Asia,913,0.37130339539978097,0.8211011082149411,-201.31662783705445,-0.22050014001867957,-305.81984071808864
RSI_Reversion_30_70,RR1.5_SL1.0ATR,Asia,375,0.376,0.8188291067605303,-89.17571473418434,-0.2378019059578249,-169.94006830978032
MACD_Cross,RR1.5_SL1.0ATR,Asia,711,0.37130801687763715,0.81868077522019,-156.49049899201452,-0.22009915470044236,-227.86960965069056
Combo_EMA200Trend_RSI50Pullback,RR2.0_SL1.5ATR,Sydney_Tokyo_Overlap,1838,0.31991294885745375,0.8177026752624629,-744.7190823997114,-0.4051790437430421,-739.9217980132756
Combo_RSIReversion_BollingerBand,RR2.0_SL1.5ATR,London_NewYork_Overlap,162,0.345679012345679,0.8173999162734813,-91.00576355957796,-0.5617639725899873,-168.7112282988258
Combo_RSIReversion_BollingerBand,RR1.5_SL1.0ATR,London_NewYork_Overlap,163,0.3987730061349693,0.8101522190610728,-58.57770788762628,-0.3593724410283821,-90.20707736816681
RSI_Reversion_30_70,RR3.0_SL1.0ATR,NewYork,1456,0.22184065934065933,0.8081841363886298,-1255.2204728456982,-0.8621019731083092,-1297.428341112596
Combo_EMA200Trend_RSI50Pullback,RR3.0_SL1.0ATR,Sydney,235,0.2425531914893617,0.8071265885728887,-81.14154032126847,-0.34528315030327006,-82.01370264595066
Session_ATR_Volatility_Breakout,RR3.0_SL1.0ATR,Tokyo_London_Overlap,782,0.23273657289002558,0.80562079265347,-245.81874378827646,-0.3143462196781029,-321.59549367392657
Bollinger_MeanReversion,RR2.0_SL1.5ATR,Tokyo_London_Overlap,707,0.3521923620933522,0.8052623751993521,-287.2779994763795,-0.4063338040684292,-401.8066156484779
EMA9_21_Cross,RR3.0_SL1.0ATR,Sydney,204,0.24019607843137256,0.8024292428829534,-79.66158562704241,-0.3904979687600118,-111.15434632952567
Opening_Range_Breakout,RR1.5_SL1.0ATR,NewYork,2898,0.36231884057971014,0.7966193361177666,-1155.5679345760532,-0.39874669930160567,-1262.818567207409
RSI_Reversion_30_70,RR2.0_SL1.5ATR,Tokyo_London_Overlap,345,0.3159420289855073,0.795699601556545,-152.47660125219494,-0.4419611630498404,-168.83186578994489
Combo_EMA200Trend_RSI50Pullback,RR1.5_SL1.0ATR,London,1981,0.38213023725391215,0.7928227795038284,-559.908822424671,-0.2826394863324942,-557.9175522816947
Donchian20_Breakout,RR3.0_SL1.0ATR,Sydney,251,0.24302788844621515,0.786127496351387,-126.21826042995735,-0.5028615953384755,-175.86499252203456
Session_ATR_Volatility_Breakout,RR1.5_SL1.0ATR,NewYork,2492,0.36757624398073835,0.7837079489772177,-1097.9425946920037,-0.4405869160080272,-1178.3835232392814
RSI_Reversion_30_70,RR2.0_SL1.5ATR,NewYork,1318,0.30197268588770865,0.7827238690091254,-1774.8489708550364,-1.3466228913922886,-1824.342943214702
Combo_RSIReversion_BollingerBand,RR1.5_SL1.0ATR,London,70,0.38571428571428573,0.7783633447261528,-25.88159322667819,-0.36973704609540275,-44.68654417068488
Combo_RSIReversion_BollingerBand,RR2.0_SL1.5ATR,Tokyo_London_Overlap,33,0.2727272727272727,0.7641064982931607,-17.060576914762162,-0.5169871792352171,-44.55175693173493
Bollinger_Breakout,RR1.5_SL1.0ATR,Sydney,281,0.3487544483985765,0.759654909146009,-127.04129820786378,-0.4521042640849245,-162.85976316582142
Combo_H1H4TrendAlign_EMA9_21Cross,RR1.5_SL1.0ATR,Sydney,106,0.41509433962264153,0.749648844522873,-44.92121523864142,-0.4237850494211455,-66.06257868363215
Bollinger_Breakout,RR3.0_SL1.0ATR,Sydney,242,0.2231404958677686,0.7303730887122855,-157.0896298054712,-0.6491307016755008,-167.34704086339025
MACD_Cross,RR2.0_SL1.5ATR,Sydney,281,0.30604982206405695,0.7257178104632638,-206.8187555080747,-0.7360098060785577,-245.35004371982154
RSI_Reversion_30_70,RR3.0_SL1.0ATR,Tokyo_London_Overlap,385,0.22077922077922077,0.7246548491335922,-175.10119491368962,-0.4548082984771159,-197.33790302306375
RSI_Reversion_30_70,RR3.0_SL1.0ATR,Asia,363,0.22038567493112948,0.7218645871467739,-170.4061164373175,-0.4694383372928857,-253.56444586880735
EMA9_21_Cross,RR1.5_SL1.0ATR,Sydney,235,0.3829787234042553,0.7203228551681455,-107.43005136887521,-0.45714915476117113,-136.94104333091556
Session_VWAP_Reversion,RR2.0_SL1.5ATR,Sydney_Tokyo_Overlap,30,0.36666666666666664,0.7093000848631649,-27.57481502787715,-0.9191605009292384,-59.55250178906452
Combo_EMA200Trend_RSI50Pullback,RR1.5_SL1.0ATR,Sydney,277,0.37906137184115524,0.7024865174539872,-121.1650932178265,-0.43741910908962633,-118.52879857757802
RSI_Reversion_30_70,RR1.5_SL1.0ATR,Tokyo_London_Overlap,396,0.351010101010101,0.7018859520211953,-160.64510125210802,-0.4056694476063334,-190.10576987114447
Donchian20_Breakout,RR2.0_SL1.5ATR,Sydney,215,0.2837209302325581,0.6985692085008064,-215.5422514622053,-1.0025220998242106,-255.13594049270623
Combo_RSIReversion_BollingerBand,RR3.0_SL1.0ATR,Asia,39,0.23076923076923078,0.6951305438372746,-17.75200775803529,-0.455179686103469,-29.33957908313314
Combo_MACDCross_BollingerBreakout,RR1.5_SL1.0ATR,Sydney,242,0.3925619834710744,0.6919235508685296,-136.15804086019767,-0.5626365324801557,-137.62040579038884
Combo_EMA200Trend_RSI50Pullback,RR3.0_SL1.0ATR,Asia,465,0.22580645161290322,0.6890636798998915,-230.41910259855828,-0.4955249518248565,-283.1521739170201
Combo_MACDCross_BollingerBreakout,RR3.0_SL1.0ATR,Sydney,204,0.25,0.6858409956777257,-139.51338262787954,-0.6838891305288213,-162.7227100765199
Session_VWAP_Reversion,RR3.0_SL1.0ATR,Sydney_Tokyo_Overlap,30,0.26666666666666666,0.6850146465185908,-22.435679256534797,-0.7478559752178265,-36.78161183546755
Combo_RSIReversion_BollingerBand,RR3.0_SL1.0ATR,Tokyo_London_Overlap,34,0.17647058823529413,0.6843875845876941,-18.022533304480906,-0.5300745089553207,-43.324192818199194
Combo_H1H4TrendAlign_EMA9_21Cross,RR3.0_SL1.0ATR,Sydney,104,0.2403846153846154,0.6788818818319138,-71.75144920595278,-0.689917780826469,-85.84768953720467
MACD_Cross,RR3.0_SL1.0ATR,Sydney,352,0.21306818181818182,0.6596248262593694,-246.36589413671555,-0.6999031083429419,-259.2031853849377
Combo_EMACross_ATRVolatilityFilter,RR1.5_SL1.0ATR,Sydney,26,0.38461538461538464,0.6583461338180076,-27.726831577979297,-1.0664165991530499,-52.45270428811707
Donchian20_Breakout,RR1.5_SL1.0ATR,Sydney,317,0.3280757097791798,0.6505716119727858,-219.144999750306,-0.691309147477306,-262.309043288098
Combo_EMA200Trend_RSI50Pullback,RR2.0_SL1.5ATR,Sydney,182,0.2967032967032967,0.6502066155215565,-155.8778825560154,-0.8564718821759089,-155.48182783587507
MACD_Cross,RR1.5_SL1.0ATR,Sydney,445,0.33707865168539325,0.6334986320831226,-279.36135920947504,-0.6277783353021911,-287.2075430613254
Session_ATR_Volatility_Breakout,RR3.0_SL1.0ATR,Sydney,148,0.20270270270270271,0.6308943817422852,-160.1494467790657,-1.0820908566153087,-195.840878886989
Combo_H1H4TrendAlign_EMA9_21Cross,RR2.0_SL1.5ATR,Sydney,94,0.2978723404255319,0.6308198718482126,-102.45665360311116,-1.0899644000330975,-110.31686683196551
Combo_MACDCross_BollingerBreakout,RR2.0_SL1.5ATR,Sydney,159,0.3018867924528302,0.6127760371059768,-191.65328635220706,-1.2053665808314908,-239.33636369404908
Session_ATR_Volatility_Breakout,RR1.5_SL1.0ATR,Sydney,188,0.30851063829787234,0.5838987948599736,-194.48956109143546,-1.0345189419757206,-202.2602626207786
Session_VWAP_Reversion,RR1.5_SL1.0ATR,Sydney_Tokyo_Overlap,30,0.4,0.5826185830485522,-25.73439129279228,-0.857813043093076,-29.917804221722637
Session_VWAP_Reversion,RR1.5_SL1.0ATR,London,11,0.18181818181818182,0.5710290881631159,-7.977058690242393,-0.7251871536583994,-9.981741613671172
Combo_RSIReversion_BollingerBand,RR3.0_SL1.0ATR,NewYork,65,0.18461538461538463,0.5415678899441158,-224.03312875537375,-3.4466635193134425,-279.9274898619248
Combo_RSIReversion_BollingerBand,RR1.5_SL1.0ATR,Asia,39,0.3333333333333333,0.5353804620198623,-24.01313263822982,-0.6157213496982005,-26.232586622621213
Combo_RSIReversion_BollingerBand,RR1.5_SL1.0ATR,NewYork,65,0.2923076923076923,0.5210457567274154,-205.04066245931074,-3.1544717301432423,-246.0045421403064
Combo_H4Trend_OpeningRangeBreakout,RR2.0_SL1.5ATR,Sydney,2,0.5,0.5042265633063979,-2.7923887051428204,-1.3961943525714102,-5.632388705142693
Combo_RSIReversion_BollingerBand,RR2.0_SL1.5ATR,NewYork,65,0.23076923076923078,0.46471931793899723,-374.5119384975468,-5.761722130731489,-423.59672992312665
Session_VWAP_Reversion,RR3.0_SL1.0ATR,London,11,0.09090909090909091,0.3964736253463634,-13.775558540386644,-1.252323503671513,-11.934599660448482
Combo_RSIReversion_BollingerBand,RR1.5_SL1.0ATR,Tokyo_London_Overlap,34,0.20588235294117646,0.36862598809513514,-35.075632328785986,-1.0316362449642937,-45.93401832563394
Session_VWAP_Reversion,RR2.0_SL1.5ATR,London,11,0.09090909090909091,0.26923048435008806,-24.56311573665866,-2.2330105215144234,-21.921677416751308
Session_VWAP_Reversion,RR3.0_SL1.0ATR,NewYork,17,0.17647058823529413,0.2431927656964071,-61.10025054249147,-3.59413238485244,-66.69562477892886
Session_VWAP_Reversion,RR1.5_SL1.0ATR,Asia,1,0.0,0.0,-1.558799306048186,-1.558799306048186,0.0
Combo_H4Trend_OpeningRangeBreakout,RR3.0_SL1.0ATR,Sydney,2,0.0,0.0,-7.244403797317682,-3.622201898658841,-3.7882591367616447
Session_VWAP_Reversion,RR2.0_SL1.5ATR,Asia,1,0.0,0.0,-2.268198959072279,-2.268198959072279,0.0
Session_VWAP_Reversion,RR3.0_SL1.0ATR,Asia,1,0.0,0.0,-1.558799306048186,-1.558799306048186,0.0
