Ticket,Symbol,Type,EntryStructure,CloseType,EntryPrice,ExitPrice,SL,TP,Profit,Spread_Cost,Commission,Swap,Net_Profit,Session,Session_IsDST,EntryTime,ExitTime,LotSize,MagicNumber,Timeframe,Status,Reject_Reason,BodyRatio,BodyRatioMin,BodyRatioPassed,BodyRatioMode,InitialSL,InitialTP,FinalSL,FinalTP,InitialRiskPoints,InitialRewardPoints,FinalRiskPoints,FinalRewardPoints,TrailingModified,TrailingCount,TPExpanded,TPExpandCount,MaxFavorablePoints,MaxAdversePoints,CloseReason
2,XAUUSD,BUY,CHoCH,PROFIT_TARGET,1528.07,1548.33,1526.81,1556.45,300.30,7.80,0.00,-1.89,298.41,London_NewYork_Overlap,NO,2020.01.02 16:00:00,2020.01.03 11:43:47,0.15,12345,M15,EXECUTED,N/A,0.00,0.00,YES,DISABLED,1511.59,1548.44,1526.81,1556.45,1648,2037,126,2838,YES,11,YES,1,2026,532,Profit >= 300.00 USD (Running: 300.30 USD, Hold: 19 jam)
3,XAUUSD,BUY,BoS_1,EXPERT_CLOSE,1532.46,1552.69,1530.51,1560.34,300.00,7.65,0.00,0.00,300.00,Sydney_Tokyo_Overlap,NO,2020.01.03 03:45:00,2020.01.03 20:38:25,0.15,12345,M15,EXECUTED,N/A,0.00,0.00,YES,DISABLED,1515.94,1552.89,1530.51,1560.34,1652,2043,195,2788,YES,11,YES,1,2022,45,EXPERT_CLOSE
6,XAUUSD,BUY,BoS_2,EXPERT_CLOSE,1575.00,1564.23,1557.97,1596.00,-152.74,12.32,0.00,-1.76,-154.50,Sydney_Tokyo_Overlap,NO,2020.01.06 01:15:00,2020.01.07 01:15:01,0.14,12345,M15,EXECUTED,N/A,0.00,0.00,YES,DISABLED,1554.00,1596.00,1557.97,1596.00,2100,2100,1703,2100,YES,4,NO,0,496,1430,EXPERT_CLOSE
8,XAUUSD,BUY,CHoCH,HIT_TP1,1572.59,1593.99,1563.50,1593.56,297.08,7.56,0.00,-1.76,295.32,NewYork,NO,2020.01.07 19:15:00,2020.01.08 01:41:22,0.14,12345,M15,EXECUTED,N/A,0.00,0.00,YES,DISABLED,1556.22,1593.56,1563.50,1593.56,1637,2097,909,2097,YES,1,NO,0,2082,302,TAKE_PROFIT
0,XAUUSD,SELL,REJECTED,REJECTED,1554.23,0.00,0.00,0.00,0.00,0.00,0.00,0.00,0.00,NewYork,NO,2020.01.08 18:45:00,1970.01.01 00:00:00,0.00,12345,M15,REJECTED,CHoCH H1 EMA200 Filter,0.00,0.00,NO,N/A,0.00,0.00,0.00,0.00,0,0,0,0,NO,0,NO,0,0,0,REJECTED
0,XAUUSD,SELL,REJECTED,REJECTED,1550.68,0.00,0.00,0.00,0.00,0.00,0.00,0.00,0.00,Asia,NO,2020.01.09 08:30:00,1970.01.01 00:00:00,0.00,12345,M15,REJECTED,H1 EMA200 Filter,0.00,0.00,NO,N/A,0.00,0.00,0.00,0.00,0,0,0,0,NO,0,NO,0,0,0,REJECTED
10,XAUUSD,BUY,CHoCH,EXPERT_CLOSE,1558.63,1559.55,1539.43,1579.41,10.22,11.34,0.00,-1.76,8.46,NewYork,NO,2020.01.10 18:00:00,2020.01.13 01:05:00,0.14,12345,M15,EXECUTED,N/A,0.00,0.00,YES,DISABLED,1537.85,1579.41,1539.43,1579.41,2078,2078,1920,2078,YES,2,NO,0,450,83,EXPERT_CLOSE
0,XAUUSD,SELL,REJECTED,REJECTED,1545.22,0.00,0.00,0.00,0.00,0.00,0.00,0.00,0.00,Sydney_Tokyo_Overlap,NO,2020.01.14 02:00:00,1970.01.01 00:00:00,0.00,12345,M15,REJECTED,CHoCH H4 EMA Filter,0.00,0.00,NO,N/A,0.00,0.00,0.00,0.00,0,0,0,0,NO,0,NO,0,0,0,REJECTED
12,XAUUSD,BUY,CHoCH,EXPERT_CLOSE,1557.87,1552.33,1537.29,1578.64,-80.22,6.02,0.00,-1.76,-81.98,Sydney_Tokyo_Overlap,NO,2020.01.16 02:15:01,2020.01.17 02:15:01,0.14,12345,M15,EXECUTED,N/A,0.00,0.00,YES,DISABLED,1537.10,1578.64,1537.29,1578.64,2077,2077,2058,2077,YES,1,NO,0,17,989,EXPERT_CLOSE
14,XAUUSD,BUY,BoS_1,EXPERT_CLOSE,1558.09,1559.00,1541.06,1578.86,10.08,6.44,0.00,-1.76,8.32,London_NewYork_Overlap,NO,2020.01.17 14:30:00,2020.01.20 01:05:00,0.14,12345,M15,EXECUTED,N/A,0.00,0.00,YES,DISABLED,1541.06,1578.86,1541.06,1578.86,1703,2077,1703,2077,NO,0,NO,0,312,408,EXPERT_CLOSE
0,XAUUSD,BUY,REJECTED,REJECTED,1565.51,0.00,0.00,0.00,0.00,0.00,0.00,0.00,0.00,Sydney_Tokyo_Overlap,NO,2020.01.21 03:30:00,1970.01.01 00:00:00,0.00,12345,M15,REJECTED,Max BOS Cycle Limit (2),0.00,0.00,NO,N/A,0.00,0.00,0.00,0.00,0,0,0,0,NO,0,NO,0,0,0,REJECTED
16,XAUUSD,BUY,BoS_2,EXPERT_CLOSE,1561.89,1565.63,1549.29,1582.72,49.42,5.74,0.00,-1.76,47.66,Asia,NO,2020.01.20 08:00:00,2020.01.21 08:00:00,0.14,12345,M15,EXECUTED,N/A,0.00,0.00,YES,DISABLED,1549.29,1582.72,1549.29,1582.72,1260,2083,1260,2083,NO,0,NO,0,670,365,EXPERT_CLOSE
0,XAUUSD,SELL,REJECTED,REJECTED,1557.36,0.00,0.00,0.00,0.00,0.00,0.00,0.00,0.00,London,NO,2020.01.21 10:45:00,1970.01.01 00:00:00,0.00,12345,M15,REJECTED,CHoCH H1 EMA200 Filter,0.00,0.00,NO,N/A,0.00,0.00,0.00,0.00,0,0,0,0,NO,0,NO,0,0,0,REJECTED
0,XAUUSD,SELL,REJECTED,REJECTED,1554.15,0.00,0.00,0.00,0.00,0.00,0.00,0.00,0.00,London,NO,2020.01.23 10:00:00,1970.01.01 00:00:00,0.00,12345,M15,REJECTED,CHoCH H4 EMA Filter,0.00,0.00,NO,N/A,0.00,0.00,0.00,0.00,0,0,0,0,NO,0,NO,0,0,0,REJECTED
18,XAUUSD,BUY,CHoCH,24H_FORCE,1561.22,1562.10,1547.63,1582.04,9.38,6.44,0.00,-1.76,7.62,Sydney_Tokyo_Overlap,NO,2020.01.23 01:30:00,2020.01.24 01:30:00,0.14,12345,M15,EXECUTED,N/A,0.00,0.00,YES,DISABLED,1547.63,1582.04,1547.63,1582.04,1359,2082,1359,2082,NO,0,NO,0,669,937,Batas Waktu Hold Tercapai (24 jam >= Max 24 jam)
19,XAUUSD,BUY,CHoCH,24H_FORCE,1566.20,1572.25,1554.00,1587.08,83.02,5.88,0.00,-1.76,81.26,NewYork,NO,2020.01.23 18:30:00,2020.01.24 18:30:00,0.14,12345,M15,EXECUTED,N/A,0.00,0.00,YES,DISABLED,1545.32,1587.08,1554.00,1587.08,2088,2088,1220,2088,YES,4,NO,0,929,971,Batas Waktu Hold Tercapai (24 jam >= Max 24 jam)
21,XAUUSD,BUY,BoS_1,EXPERT_CLOSE,1574.87,1580.71,1554.04,1595.87,79.38,12.18,0.00,-1.76,77.62,London_NewYork_Overlap,NO,2020.01.24 17:30:00,2020.01.27 01:05:00,0.14,12345,M15,EXECUTED,N/A,0.00,0.00,YES,DISABLED,1553.87,1595.87,1554.04,1595.87,2100,2100,2083,2100,YES,1,NO,0,108,603,EXPERT_CLOSE
24,XAUUSD,BUY,CHoCH,EXPERT_CLOSE,1584.66,1578.94,1568.83,1605.79,-82.88,6.16,0.00,-1.76,-84.64,London,NO,2020.01.27 12:45:00,2020.01.28 12:45:00,0.14,12345,M15,EXECUTED,N/A,0.00,0.00,YES,DISABLED,1568.83,1605.79,1568.83,1605.79,1583,2113,1583,2113,NO,0,NO,0,162,780,EXPERT_CLOSE
0,XAUUSD,SELL,REJECTED,REJECTED,1574.93,0.00,0.00,0.00,0.00,0.00,0.00,0.00,0.00,London_NewYork_Overlap,NO,2020.01.28 14:15:00,1970.01.01 00:00:00,0.00,12345,M15,REJECTED,CHoCH H1 EMA200 Filter,0.00,0.00,NO,N/A,0.00,0.00,0.00,0.00,0,0,0,0,NO,0,NO,0,0,0,REJECTED
0,XAUUSD,SELL,REJECTED,REJECTED,1571.78,0.00,0.00,0.00,0.00,0.00,0.00,0.00,0.00,Sydney_Tokyo_Overlap,NO,2020.01.31 03:15:00,1970.01.01 00:00:00,0.00,12345,M15,REJECTED,CHoCH H1 EMA200 Filter,0.00,0.00,NO,N/A,0.00,0.00,0.00,0.00,0,0,0,0,NO,0,NO,0,0,0,REJECTED
26,XAUUSD,BUY,CHoCH,EXPERT_CLOSE,1583.66,1588.05,1565.18,1604.78,58.80,6.02,0.00,-1.76,57.04,NewYork,NO,2020.01.30 18:00:00,2020.01.31 18:00:00,0.14,12345,M15,EXECUTED,N/A,0.00,0.00,YES,DISABLED,1565.18,1604.78,1565.18,1604.78,1848,2112,1848,2112,NO,0,NO,0,543,1279,EXPERT_CLOSE
28,XAUUSD,BUY,CHoCH,EXPERT_CLOSE,1588.26,1588.65,1567.40,1609.44,5.46,7.00,0.00,-1.76,3.70,NewYork,NO,2020.01.31 18:00:00,2020.02.03 01:05:00,0.14,12345,M15,EXECUTED,N/A,0.00,0.00,YES,DISABLED,1567.08,1609.44,1567.40,1609.44,2118,2118,2086,2118,YES,2,NO,0,222,731,EXPERT_CLOSE
0,XAUUSD,SELL,REJECTED,REJECTED,1572.26,0.00,0.00,0.00,0.00,0.00,0.00,0.00,0.00,London_NewYork_Overlap,NO,2020.02.03 17:30:00,1970.01.01 00:00:00,0.00,12345,M15,REJECTED,CHoCH H4 EMA Filter,0.00,0.00,NO,N/A,0.00,0.00,0.00,0.00,0,0,0,0,NO,0,NO,0,0,0,REJECTED
0,XAUUSD,BUY,REJECTED,REJECTED,1563.12,0.00,0.00,0.00,0.00,0.00,0.00,0.00,0.00,London,NO,2020.02.06 11:30:00,1970.01.01 00:00:00,0.00,12345,M15,REJECTED,CHoCH H1 EMA200 Filter,0.00,0.00,NO,N/A,0.00,0.00,0.00,0.00,0,0,0,0,NO,0,NO,0,0,0,REJECTED
30,XAUUSD,BUY,BoS_1,EXPERT_CLOSE,1569.14,1569.27,1554.56,1590.06,-0.84,7.56,0.00,-1.76,-2.60,London,NO,2020.02.07 12:15:00,2020.02.10 01:05:00,0.14,12345,M15,EXECUTED,N/A,0.00,0.00,YES,DISABLED,1554.56,1590.06,1554.56,1590.06,1458,2092,1458,2092,NO,0,NO,0,491,906,EXPERT_CLOSE
32,XAUUSD,BUY,BoS_2,EXPERT_CLOSE,1574.86,1571.97,1558.12,1595.86,-41.86,6.02,0.00,-1.76,-43.62,Sydney_Tokyo_Overlap,NO,2020.02.10 02:00:00,2020.02.11 02:00:00,0.14,12345,M15,EXECUTED,N/A,0.00,0.00,YES,DISABLED,1558.12,1595.86,1558.12,1595.86,1674,2100,1674,2100,NO,0,NO,0,215,690,EXPERT_CLOSE
0,XAUUSD,SELL,REJECTED,REJECTED,1567.40,0.00,0.00,0.00,0.00,0.00,0.00,0.00,0.00,Sydney_Tokyo_Overlap,NO,2020.02.11 04:45:00,1970.01.01 00:00:00,0.00,12345,M15,REJECTED,CHoCH H4 EMA Filter,0.00,0.00,NO,N/A,0.00,0.00,0.00,0.00,0,0,0,0,NO,0,NO,0,0,0,REJECTED
0,XAUUSD,SELL,REJECTED,REJECTED,1564.12,0.00,0.00,0.00,0.00,0.00,0.00,0.00,0.00,London_NewYork_Overlap,NO,2020.02.11 17:45:00,1970.01.01 00:00:00,0.00,12345,M15,REJECTED,H4 EMA Filter,0.00,0.00,NO,N/A,0.00,0.00,0.00,0.00,0,0,0,0,NO,0,NO,0,0,0,REJECTED
34,XAUUSD,BUY,CHoCH,EXPERT_CLOSE,1570.22,1576.00,1556.07,1591.16,78.40,5.88,0.00,-5.29,73.11,NewYork,NO,2020.02.12 18:45:00,2020.02.13 18:45:00,0.14,12345,M15,EXECUTED,N/A,0.00,0.00,YES,DISABLED,1554.97,1591.16,1556.07,1591.16,1525,2094,1415,2094,YES,3,NO,0,811,525,EXPERT_CLOSE
36,XAUUSD,BUY,BoS_1,EXPERT_CLOSE,1579.93,1581.25,1566.00,1601.00,16.94,13.86,0.00,-1.76,15.18,London_NewYork_Overlap,NO,2020.02.14 15:45:00,2020.02.17 01:05:00,0.14,12345,M15,EXECUTED,N/A,0.00,0.00,YES,DISABLED,1566.00,1601.00,1566.00,1601.00,1393,2107,1393,2107,NO,0,NO,0,508,215,EXPERT_CLOSE
38,XAUUSD,BUY,CHoCH,EXPERT_CLOSE,1584.64,1601.28,1583.39,1614.84,226.10,10.36,0.00,-1.76,224.34,Sydney_Tokyo_Overlap,NO,2020.02.18 01:15:00,2020.02.19 01:15:00,0.14,12345,M15,EXECUTED,N/A,0.00,0.00,YES,DISABLED,1571.81,1605.77,1583.39,1614.84,1283,2113,125,3020,YES,5,YES,1,2041,100,EXPERT_CLOSE
40,XAUUSD,BUY,BoS_1,EXPERT_CLOSE,1606.74,1608.01,1592.39,1628.16,15.82,5.46,0.00,-5.29,10.53,London,NO,2020.02.19 10:15:00,2020.02.20 10:15:00,0.14,12345,M15,EXECUTED,N/A,0.00,0.00,YES,DISABLED,1592.39,1628.16,1592.39,1628.16,1435,2142,1435,2142,NO,0,NO,0,617,436,EXPERT_CLOSE
42,XAUUSD,BUY,CHoCH,PROFIT_TARGET,1614.23,1635.80,1613.21,1643.08,300.30,5.18,0.00,-1.76,298.54,London,NO,2020.02.20 13:45:00,2020.02.21 10:07:48,0.14,12345,M15,EXECUTED,N/A,0.00,0.00,YES,DISABLED,1596.67,1635.75,1613.21,1643.08,1756,2152,102,2885,YES,21,YES,1,2157,57,Profit >= 300.00 USD (Running: 300.30 USD, Hold: 20 jam)
43,XAUUSD,BUY,BoS_1,EXPERT_CLOSE,1624.39,1646.02,1621.30,1654.40,300.16,5.32,0.00,0.00,300.16,Sydney_Tokyo_Overlap,NO,2020.02.21 04:30:00,2020.02.21 16:47:12,0.14,12345,M15,EXECUTED,N/A,0.00,0.00,YES,DISABLED,1608.81,1646.05,1621.30,1654.40,1558,2166,309,3001,YES,9,YES,1,2153,183,EXPERT_CLOSE
0,XAUUSD,BUY,REJECTED,REJECTED,1682.42,0.00,0.00,0.00,0.00,0.00,0.00,0.00,0.00,London,NO,2020.02.24 10:30:00,1970.01.01 00:00:00,0.00,12345,M15,REJECTED,Max BOS Cycle Limit (2),0.00,0.00,NO,N/A,0.00,0.00,0.00,0.00,0,0,0,0,NO,0,NO,0,0,0,REJECTED
46,XAUUSD,BUY,BoS_2,HIT_SL,1673.34,1665.26,1665.83,1695.65,-117.78,20.67,0.00,0.00,-117.78,Sydney_Tokyo_Overlap,NO,2020.02.24 01:15:00,2020.02.24 21:24:51,0.13,12345,M15,EXECUTED,N/A,0.00,0.00,YES,DISABLED,1651.03,1695.65,1665.83,1695.65,2231,2231,751,2231,YES,5,NO,0,1591,1484,STOP_LOSS
0,XAUUSD,SELL,REJECTED,REJECTED,1634.19,0.00,0.00,0.00,0.00,0.00,0.00,0.00,0.00,Asia,NO,2020.02.25 08:30:00,1970.01.01 00:00:00,0.00,12345,M15,REJECTED,H1 EMA200 Filter,0.00,0.00,NO,N/A,0.00,0.00,0.00,0.00,0,0,0,0,NO,0,NO,0,0,0,REJECTED
0,XAUUSD,SELL,REJECTED,REJECTED,1629.97,0.00,0.00,0.00,0.00,0.00,0.00,0.00,0.00,Sydney,NO,2020.02.25 23:00:00,1970.01.01 00:00:00,0.00,12345,M15,REJECTED,H1 EMA200 Filter,0.00,0.00,NO,N/A,0.00,0.00,0.00,0.00,0,0,0,0,NO,0,NO,0,0,0,REJECTED
0,XAUUSD,SELL,REJECTED,REJECTED,1640.56,0.00,0.00,0.00,0.00,0.00,0.00,0.00,0.00,NewYork,NO,2020.02.27 19:45:00,1970.01.01 00:00:00,0.00,12345,M15,REJECTED,CHoCH H1 EMA200 Filter,0.00,0.00,NO,N/A,0.00,0.00,0.00,0.00,0,0,0,0,NO,0,NO,0,0,0,REJECTED
48,XAUUSD,BUY,CHoCH,HIT_SL,1653.55,1634.69,1634.69,1675.60,-269.78,7.56,0.00,-1.76,-271.54,London_NewYork_Overlap,NO,2020.02.27 15:00:00,2020.02.28 06:10:14,0.14,12345,M15,EXECUTED,N/A,0.00,0.00,YES,DISABLED,1633.93,1675.60,1634.69,1675.60,1962,2205,1886,2205,YES,1,NO,0,682,1861,STOP_LOSS
0,XAUUSD,SELL,REJECTED,REJECTED,1585.85,0.00,0.00,0.00,0.00,0.00,0.00,0.00,0.00,Sydney,NO,2020.03.02 23:00:00,1970.01.01 00:00:00,0.00,12345,M15,REJECTED,CHoCH H4 EMA Filter,0.00,0.00,NO,N/A,0.00,0.00,0.00,0.00,0,0,0,0,NO,0,NO,0,0,0,REJECTED
50,XAUUSD,BUY,BoS_1,EXPERT_CLOSE,1654.62,1676.34,1652.51,1684.43,300.30,9.66,0.00,-1.76,298.54,London_NewYork_Overlap,NO,2020.03.05 15:30:00,2020.03.06 02:44:57,0.14,12345,M15,EXECUTED,N/A,0.00,0.00,YES,DISABLED,1632.56,1676.68,1652.51,1684.43,2206,2206,211,2981,YES,20,YES,1,2158,307,EXPERT_CLOSE
52,XAUUSD,BUY,BoS_2,HIT_SL,1694.49,1675.97,1678.37,1717.08,-243.75,12.48,0.00,0.00,-243.75,Sydney_Tokyo_Overlap,NO,2020.03.09 01:15:00,2020.03.09 05:51:52,0.13,12345,M15,EXECUTED,N/A,0.00,0.00,YES,DISABLED,1671.90,1717.08,1678.37,1717.08,2259,2259,1612,2259,YES,3,NO,0,895,1562,STOP_LOSS
0,XAUUSD,SELL,REJECTED,REJECTED,1656.25,0.00,0.00,0.00,0.00,0.00,0.00,0.00,0.00,Sydney_Tokyo_Overlap,NO,2020.03.10 07:30:00,1970.01.01 00:00:00,0.00,12345,M15,REJECTED,CHoCH H1 EMA200 Filter,0.00,0.00,NO,N/A,0.00,0.00,0.00,0.00,0,0,0,0,NO,0,NO,0,0,0,REJECTED
0,XAUUSD,SELL,REJECTED,REJECTED,1648.07,0.00,0.00,0.00,0.00,0.00,0.00,0.00,0.00,NewYork,NO,2020.03.10 21:15:00,1970.01.01 00:00:00,0.00,12345,M15,REJECTED,H4 EMA Filter,0.00,0.00,NO,N/A,0.00,0.00,0.00,0.00,0,0,0,0,NO,0,NO,0,0,0,REJECTED
54,XAUUSD,BUY,CHoCH,HIT_SL,1668.33,1646.13,1646.31,1690.57,-291.59,6.76,0.00,0.00,-291.59,London_NewYork_Overlap,NO,2020.03.11 14:15:00,2020.03.11 17:42:04,0.13,12345,M15,EXECUTED,N/A,0.00,0.00,YES,DISABLED,1646.09,1690.57,1646.31,1690.57,2224,2224,2202,2224,YES,1,NO,0,291,2168,STOP_LOSS
0,XAUUSD,SELL,REJECTED,REJECTED,1638.08,0.00,0.00,0.00,0.00,0.00,0.00,0.00,0.00,NewYork,NO,2020.03.11 20:30:00,1970.01.01 00:00:00,0.00,12345,M15,REJECTED,CHoCH H4 EMA Filter,0.00,0.00,NO,N/A,0.00,0.00,0.00,0.00,0,0,0,0,NO,0,NO,0,0,0,REJECTED
0,XAUUSD,SELL,REJECTED,REJECTED,1626.62,0.00,0.00,0.00,0.00,0.00,0.00,0.00,0.00,London_NewYork_Overlap,NO,2020.03.12 14:15:00,1970.01.01 00:00:00,0.00,12345,M15,REJECTED,H4 EMA Filter,0.00,0.00,NO,N/A,0.00,0.00,0.00,0.00,0,0,0,0,NO,0,NO,0,0,0,REJECTED
56,XAUUSD,SELL,BoS_2,HIT_SL,1554.96,1576.13,1575.69,1534.23,-295.68,14.28,0.00,0.00,-295.68,Sydney_Tokyo_Overlap,NO,2020.03.13 03:45:00,2020.03.13 06:37:31,0.14,12345,M15,EXECUTED,N/A,0.00,0.00,YES,DISABLED,1575.69,1534.23,1575.69,1534.23,2073,2073,2073,2073,NO,0,NO,0,343,2064,STOP_LOSS
0,XAUUSD,SELL,REJECTED,REJECTED,1543.98,0.00,0.00,0.00,0.00,0.00,0.00,0.00,0.00,London_NewYork_Overlap,NO,2020.03.13 17:45:00,1970.01.01 00:00:00,0.00,12345,M15,REJECTED,Max BOS Cycle Limit (2),0.00,0.00,NO,N/A,0.00,0.00,0.00,0.00,0,0,0,0,NO,0,NO,0,0,0,REJECTED
0,XAUUSD,SELL,REJECTED,REJECTED,1502.94,0.00,0.00,0.00,0.00,0.00,0.00,0.00,0.00,London,NO,2020.03.16 12:45:00,1970.01.01 00:00:00,0.00,12345,M15,REJECTED,Max BOS Cycle Limit (2),0.00,0.00,NO,N/A,0.00,0.00,0.00,0.00,0,0,0,0,NO,0,NO,0,0,0,REJECTED
0,XAUUSD,BUY,REJECTED,REJECTED,1534.29,0.00,0.00,0.00,0.00,0.00,0.00,0.00,0.00,London_NewYork_Overlap,NO,2020.03.17 17:00:00,1970.01.01 00:00:00,0.00,12345,M15,REJECTED,CHoCH H1 EMA200 Filter,0.00,0.00,NO,N/A,0.00,0.00,0.00,0.00,0,0,0,0,NO,0,NO,0,0,0,REJECTED
58,XAUUSD,SELL,CHoCH,HIT_SL,1471.70,1486.56,1486.54,1452.08,-218.85,18.15,0.00,0.00,-218.85,Sydney_Tokyo_Overlap,NO,2020.03.19 05:00:00,2020.03.19 08:48:15,0.15,12345,M15,EXECUTED,N/A,0.00,0.00,YES,DISABLED,1491.32,1452.08,1486.54,1452.08,1962,1962,1484,1962,YES,2,NO,0,924,1480,STOP_LOSS
0,XAUUSD,BUY,REJECTED,REJECTED,1499.39,0.00,0.00,0.00,0.00,0.00,0.00,0.00,0.00,Asia,NO,2020.03.20 08:45:00,1970.01.01 00:00:00,0.00,12345,M15,REJECTED,CHoCH H1 EMA200 Filter,0.00,0.00,NO,N/A,0.00,0.00,0.00,0.00,0,0,0,0,NO,0,NO,0,0,0,REJECTED
0,XAUUSD,BUY,REJECTED,REJECTED,1518.93,0.00,0.00,0.00,0.00,0.00,0.00,0.00,0.00,London_NewYork_Overlap,NO,2020.03.23 14:15:00,1970.01.01 00:00:00,0.00,12345,M15,REJECTED,H1 EMA200 Filter,0.00,0.00,NO,N/A,0.00,0.00,0.00,0.00,0,0,0,0,NO,0,NO,0,0,0,REJECTED
0,XAUUSD,SELL,REJECTED,REJECTED,1613.14,0.00,0.00,0.00,0.00,0.00,0.00,0.00,0.00,Sydney_Tokyo_Overlap,YES,2020.03.30 08:15:01,1970.01.01 00:00:00,0.00,12345,M15,REJECTED,CHoCH H1 EMA200 Filter,0.00,0.00,NO,N/A,0.00,0.00,0.00,0.00,0,0,0,0,NO,0,NO,0,0,0,REJECTED
0,XAUUSD,SELL,REJECTED,REJECTED,1605.86,0.00,0.00,0.00,0.00,0.00,0.00,0.00,0.00,London,YES,2020.03.31 12:30:00,1970.01.01 00:00:00,0.00,12345,M15,REJECTED,H1 EMA200 Filter,0.00,0.00,NO,N/A,0.00,0.00,0.00,0.00,0,0,0,0,NO,0,NO,0,0,0,REJECTED
0,XAUUSD,SELL,REJECTED,REJECTED,1591.26,0.00,0.00,0.00,0.00,0.00,0.00,0.00,0.00,NewYork,YES,2020.03.31 20:15:00,1970.01.01 00:00:00,0.00,12345,M15,REJECTED,H4 EMA Filter,0.00,0.00,NO,N/A,0.00,0.00,0.00,0.00,0,0,0,0,NO,0,NO,0,0,0,REJECTED
60,XAUUSD,BUY,CHoCH,EXPERT_CLOSE,1601.34,1614.63,1598.30,1632.40,170.24,38.78,0.00,-1.76,168.48,London_NewYork_Overlap,YES,2020.04.02 15:15:00,2020.04.03 15:15:00,0.14,12345,M15,EXECUTED,N/A,0.00,0.00,YES,DISABLED,1579.99,1622.69,1598.30,1632.40,2135,2135,304,3106,YES,12,YES,1,1946,137,EXPERT_CLOSE
62,XAUUSD,BUY,BoS_1,EXPERT_CLOSE,1623.72,1614.62,1602.47,1645.37,-133.14,31.22,0.00,-1.76,-134.90,NewYork,YES,2020.04.03 22:00:00,2020.04.06 01:05:00,0.14,12345,M15,EXECUTED,N/A,0.00,0.00,YES,DISABLED,1602.07,1645.37,1602.47,1645.37,2165,2165,2125,2165,YES,1,NO,0,232,816,EXPERT_CLOSE
64,XAUUSD,BUY,BoS_2,EXPERT_CLOSE,1628.42,1650.53,1626.86,1663.06,300.58,18.90,0.00,0.00,300.58,Asia,YES,2020.04.06 09:45:02,2020.04.06 17:12:40,0.14,12345,M15,EXECUTED,N/A,0.00,0.00,YES,DISABLED,1606.71,1650.13,1626.86,1663.06,2171,2171,156,3464,YES,13,YES,1,2206,555,EXPERT_CLOSE
66,XAUUSD,BUY,CHoCH,EXPERT_CLOSE,1660.25,1682.32,1655.57,1692.48,300.02,21.28,0.00,0.00,300.02,London,YES,2020.04.09 12:30:00,2020.04.09 16:44:45,0.14,12345,M15,EXECUTED,N/A,0.00,0.00,YES,DISABLED,1638.11,1682.39,1655.57,1692.48,2214,2214,468,3223,YES,8,YES,1,2194,516,EXPERT_CLOSE
68,XAUUSD,BUY,BoS_1,EXPERT_CLOSE,1692.86,1716.90,1691.78,1724.15,300.69,14.82,0.00,0.00,300.69,London_NewYork_Overlap,YES,2020.04.13 15:15:01,2020.04.13 20:22:52,0.13,12345,M15,EXECUTED,N/A,0.00,0.00,YES,DISABLED,1672.27,1715.43,1691.78,1724.15,2059,2257,108,3129,YES,8,YES,1,2395,662,EXPERT_CLOSE
70,XAUUSD,BUY,CHoCH,HIT_SL,1732.09,1713.76,1713.92,1755.18,-243.36,16.64,0.00,0.00,-243.36,London,YES,2020.04.16 14:00:00,2020.04.16 19:32:38,0.13,12345,M15,EXECUTED,N/A,0.00,0.00,YES,DISABLED,1709.00,1755.18,1713.92,1755.18,2309,2309,1817,2309,YES,3,NO,0,657,1815,STOP_LOSS
0,XAUUSD,SELL,REJECTED,REJECTED,1706.92,0.00,0.00,0.00,0.00,0.00,0.00,0.00,0.00,Sydney,YES,2020.04.17 01:15:00,1970.01.01 00:00:00,0.00,12345,M15,REJECTED,CHoCH H1 EMA200 Filter,0.00,0.00,NO,N/A,0.00,0.00,0.00,0.00,0,0,0,0,NO,0,NO,0,0,0,REJECTED
0,XAUUSD,SELL,REJECTED,REJECTED,1680.74,0.00,0.00,0.00,0.00,0.00,0.00,0.00,0.00,NewYork,YES,2020.04.17 21:15:00,1970.01.01 00:00:00,0.00,12345,M15,REJECTED,H4 EMA Filter,0.00,0.00,NO,N/A,0.00,0.00,0.00,0.00,0,0,0,0,NO,0,NO,0,0,0,REJECTED
0,XAUUSD,SELL,REJECTED,REJECTED,1665.61,0.00,0.00,0.00,0.00,0.00,0.00,0.00,0.00,London,YES,2020.04.21 14:45:00,1970.01.01 00:00:00,0.00,12345,M15,REJECTED,H4 EMA Filter,0.00,0.00,NO,N/A,0.00,0.00,0.00,0.00,0,0,0,0,NO,0,NO,0,0,0,REJECTED
72,XAUUSD,BUY,CHoCH,EXPERT_CLOSE,1692.44,1715.62,1691.94,1724.51,300.04,18.72,0.00,0.00,300.04,London,YES,2020.04.22 11:00:11,2020.04.22 20:08:05,0.13,12345,M15,EXECUTED,N/A,0.00,0.00,YES,DISABLED,1669.87,1715.01,1691.94,1724.51,2257,2257,50,3207,YES,10,YES,1,2311,49,EXPERT_CLOSE
0,XAUUSD,SELL,REJECTED,REJECTED,1709.25,0.00,0.00,0.00,0.00,0.00,0.00,0.00,0.00,London_NewYork_Overlap,YES,2020.04.27 17:15:00,1970.01.01 00:00:00,0.00,12345,M15,REJECTED,H1 EMA200 Filter,0.00,0.00,NO,N/A,0.00,0.00,0.00,0.00,0,0,0,0,NO,0,NO,0,0,0,REJECTED
0,XAUUSD,SELL,REJECTED,REJECTED,1704.59,0.00,0.00,0.00,0.00,0.00,0.00,0.00,0.00,Sydney_Tokyo_Overlap,YES,2020.04.28 04:15:00,1970.01.01 00:00:00,0.00,12345,M15,REJECTED,H4 EMA Filter,0.00,0.00,NO,N/A,0.00,0.00,0.00,0.00,0,0,0,0,NO,0,NO,0,0,0,REJECTED
0,XAUUSD,SELL,REJECTED,REJECTED,1700.23,0.00,0.00,0.00,0.00,0.00,0.00,0.00,0.00,London_NewYork_Overlap,YES,2020.04.29 16:15:00,1970.01.01 00:00:00,0.00,12345,M15,REJECTED,CHoCH H4 EMA Filter,0.00,0.00,NO,N/A,0.00,0.00,0.00,0.00,0,0,0,0,NO,0,NO,0,0,0,REJECTED
74,XAUUSD,BUY,CHoCH,24H_FORCE,1712.02,1713.99,1695.01,1734.85,24.18,4.81,0.00,-4.91,19.27,Sydney_Tokyo_Overlap,YES,2020.04.29 08:45:12,2020.04.30 08:45:12,0.13,12345,M15,EXECUTED,N/A,0.00,0.00,YES,DISABLED,1695.01,1734.85,1695.01,1734.85,1701,2283,1701,2283,NO,0,NO,0,565,1426,Batas Waktu Hold Tercapai (24 jam >= Max 24 jam)
77,XAUUSD,BUY,BoS_1,HIT_SL,1719.54,1701.22,1701.23,1742.47,-247.78,10.27,0.00,0.00,-247.78,Asia,YES,2020.04.30 09:30:01,2020.04.30 15:42:32,0.13,12345,M15,EXECUTED,N/A,0.00,0.00,YES,DISABLED,1701.23,1742.47,1701.23,1742.47,1831,2293,1831,2293,NO,0,NO,0,218,1822,STOP_LOSS
75,XAUUSD,BUY,CHoCH,HIT_SL,1714.72,1696.98,1697.47,1737.58,-238.42,15.86,0.00,-4.91,-243.33,NewYork,YES,2020.04.29 22:45:00,2020.04.30 15:42:49,0.13,12345,M15,EXECUTED,N/A,0.00,0.00,YES,DISABLED,1691.86,1737.58,1697.47,1737.58,2286,2286,1725,2286,YES,4,NO,0,700,1688,STOP_LOSS
0,XAUUSD,SELL,REJECTED,REJECTED,1700.33,0.00,0.00,0.00,0.00,0.00,0.00,0.00,0.00,London_NewYork_Overlap,YES,2020.04.30 15:45:00,1970.01.01 00:00:00,0.00,12345,M15,REJECTED,CHoCH H4 EMA Filter,0.00,0.00,NO,N/A,0.00,0.00,0.00,0.00,0,0,0,0,NO,0,NO,0,0,0,REJECTED
0,XAUUSD,SELL,REJECTED,REJECTED,1678.60,0.00,0.00,0.00,0.00,0.00,0.00,0.00,0.00,Sydney_Tokyo_Overlap,YES,2020.05.01 08:45:00,1970.01.01 00:00:00,0.00,12345,M15,REJECTED,H4 EMA Filter,0.00,0.00,NO,N/A,0.00,0.00,0.00,0.00,0,0,0,0,NO,0,NO,0,0,0,REJECTED
0,XAUUSD,SELL,REJECTED,REJECTED,1694.36,0.00,0.00,0.00,0.00,0.00,0.00,0.00,0.00,Tokyo_London_Overlap,YES,2020.05.05 10:15:00,1970.01.01 00:00:00,0.00,12345,M15,REJECTED,CHoCH H4 EMA Filter,0.00,0.00,NO,N/A,0.00,0.00,0.00,0.00,0,0,0,0,NO,0,NO,0,0,0,REJECTED
80,XAUUSD,BUY,CHoCH,EXPERT_CLOSE,1706.31,1699.12,1686.24,1729.06,-98.67,18.07,0.00,-1.64,-100.31,London,YES,2020.05.04 12:15:31,2020.05.05 12:15:33,0.13,12345,M15,EXECUTED,N/A,0.00,0.00,YES,DISABLED,1684.06,1729.06,1686.24,1729.06,2225,2275,2007,2275,YES,3,NO,0,713,1668,EXPERT_CLOSE
0,XAUUSD,SELL,REJECTED,REJECTED,1689.34,0.00,0.00,0.00,0.00,0.00,0.00,0.00,0.00,London_NewYork_Overlap,YES,2020.05.06 16:15:01,1970.01.01 00:00:00,0.00,12345,M15,REJECTED,CHoCH H4 EMA Filter,0.00,0.00,NO,N/A,0.00,0.00,0.00,0.00,0,0,0,0,NO,0,NO,0,0,0,REJECTED
0,XAUUSD,SELL,REJECTED,REJECTED,1698.03,0.00,0.00,0.00,0.00,0.00,0.00,0.00,0.00,London,YES,2020.05.11 13:15:00,1970.01.01 00:00:00,0.00,12345,M15,REJECTED,H4 EMA Filter,0.00,0.00,NO,N/A,0.00,0.00,0.00,0.00,0,0,0,0,NO,0,NO,0,0,0,REJECTED
82,XAUUSD,BUY,BoS_1,24H_FORCE,1712.46,1716.51,1696.07,1735.29,43.94,15.86,0.00,-4.91,39.03,London_NewYork_Overlap,YES,2020.05.13 15:45:00,2020.05.14 15:45:00,0.13,12345,M15,EXECUTED,N/A,0.00,0.00,YES,DISABLED,1690.55,1735.29,1696.07,1735.29,2191,2283,1639,2283,YES,8,NO,0,729,1001,Batas Waktu Hold Tercapai (24 jam >= Max 24 jam)
0,XAUUSD,BUY,REJECTED,REJECTED,1726.94,0.00,0.00,0.00,0.00,0.00,0.00,0.00,0.00,London_NewYork_Overlap,YES,2020.05.14 16:45:00,1970.01.01 00:00:00,0.00,12345,M15,REJECTED,Max BOS Cycle Limit (2),0.00,0.00,NO,N/A,0.00,0.00,0.00,0.00,0,0,0,0,NO,0,NO,0,0,0,REJECTED
83,XAUUSD,BUY,BoS_2,EXPERT_CLOSE,1718.93,1729.94,1712.51,1750.72,136.11,12.22,0.00,-1.64,134.47,Sydney_Tokyo_Overlap,YES,2020.05.14 03:15:00,2020.05.15 03:15:00,0.13,12345,M15,EXECUTED,N/A,0.00,0.00,YES,DISABLED,1696.01,1741.85,1712.51,1750.72,2292,2292,642,3179,YES,7,YES,1,1746,793,EXPERT_CLOSE
0,XAUUSD,BUY,REJECTED,REJECTED,1737.36,0.00,0.00,0.00,0.00,0.00,0.00,0.00,0.00,Asia,YES,2020.05.15 09:15:00,1970.01.01 00:00:00,0.00,12345,M15,REJECTED,Max BOS Cycle Limit (2),0.00,0.00,NO,N/A,0.00,0.00,0.00,0.00,0,0,0,0,NO,0,NO,0,0,0,REJECTED
0,XAUUSD,SELL,REJECTED,REJECTED,1727.69,0.00,0.00,0.00,0.00,0.00,0.00,0.00,0.00,Tokyo_London_Overlap,YES,2020.05.19 10:15:00,1970.01.01 00:00:00,0.00,12345,M15,REJECTED,CHoCH H1 EMA200 Filter,0.00,0.00,NO,N/A,0.00,0.00,0.00,0.00,0,0,0,0,NO,0,NO,0,0,0,REJECTED
86,XAUUSD,BUY,CHoCH,EXPERT_CLOSE,1743.47,1747.67,1728.29,1766.72,47.84,13.13,0.00,-1.64,46.20,London_NewYork_Overlap,YES,2020.05.19 17:30:00,2020.05.20 17:30:00,0.13,12345,M15,EXECUTED,N/A,0.00,0.00,YES,DISABLED,1720.22,1766.72,1728.29,1766.72,2325,2325,1518,2325,YES,7,NO,0,999,598,EXPERT_CLOSE
0,XAUUSD,SELL,REJECTED,REJECTED,1720.67,0.00,0.00,0.00,0.00,0.00,0.00,0.00,0.00,London_NewYork_Overlap,YES,2020.05.21 17:45:00,1970.01.01 00:00:00,0.00,12345,M15,REJECTED,CHoCH H4 EMA Filter,0.00,0.00,NO,N/A,0.00,0.00,0.00,0.00,0,0,0,0,NO,0,NO,0,0,0,REJECTED
0,XAUUSD,SELL,REJECTED,REJECTED,1715.48,0.00,0.00,0.00,0.00,0.00,0.00,0.00,0.00,London_NewYork_Overlap,YES,2020.05.26 17:45:00,1970.01.01 00:00:00,0.00,12345,M15,REJECTED,H4 EMA Filter,0.00,0.00,NO,N/A,0.00,0.00,0.00,0.00,0,0,0,0,NO,0,NO,0,0,0,REJECTED
0,XAUUSD,SELL,REJECTED,REJECTED,1706.66,0.00,0.00,0.00,0.00,0.00,0.00,0.00,0.00,Sydney_Tokyo_Overlap,YES,2020.05.27 07:15:00,1970.01.01 00:00:00,0.00,12345,M15,REJECTED,H4 EMA Filter,0.00,0.00,NO,N/A,0.00,0.00,0.00,0.00,0,0,0,0,NO,0,NO,0,0,0,REJECTED
0,XAUUSD,BUY,REJECTED,REJECTED,1716.52,0.00,0.00,0.00,0.00,0.00,0.00,0.00,0.00,Sydney_Tokyo_Overlap,YES,2020.05.28 07:30:00,1970.01.01 00:00:00,0.00,12345,M15,REJECTED,CHoCH H1 EMA200 Filter,0.00,0.00,NO,N/A,0.00,0.00,0.00,0.00,0,0,0,0,NO,0,NO,0,0,0,REJECTED
88,XAUUSD,BUY,BoS_1,EXPERT_CLOSE,1728.54,1735.40,1712.35,1751.59,84.89,15.99,0.00,-1.64,83.25,London,YES,2020.05.29 14:30:00,2020.06.01 01:05:00,0.13,12345,M15,EXECUTED,N/A,0.00,0.00,YES,DISABLED,1705.49,1751.59,1712.35,1751.59,2305,2305,1619,2305,YES,8,NO,0,915,234,EXPERT_CLOSE
0,XAUUSD,SELL,REJECTED,REJECTED,1726.72,0.00,0.00,0.00,0.00,0.00,0.00,0.00,0.00,NewYork,YES,2020.06.02 19:15:00,1970.01.01 00:00:00,0.00,12345,M15,REJECTED,CHoCH H4 EMA Filter,0.00,0.00,NO,N/A,0.00,0.00,0.00,0.00,0,0,0,0,NO,0,NO,0,0,0,REJECTED
0,XAUUSD,SELL,REJECTED,REJECTED,1718.49,0.00,0.00,0.00,0.00,0.00,0.00,0.00,0.00,London,YES,2020.06.03 11:15:00,1970.01.01 00:00:00,0.00,12345,M15,REJECTED,H4 EMA Filter,0.00,0.00,NO,N/A,0.00,0.00,0.00,0.00,0,0,0,0,NO,0,NO,0,0,0,REJECTED
90,XAUUSD,SELL,CHoCH,EXPERT_CLOSE,1684.46,1681.33,1696.75,1662.00,42.38,11.96,0.00,-0.60,41.78,London_NewYork_Overlap,YES,2020.06.05 15:45:00,2020.06.08 01:05:01,0.13,12345,M15,EXECUTED,N/A,0.00,0.00,YES,DISABLED,1706.92,1662.00,1696.75,1662.00,2246,2246,1229,2246,YES,4,NO,0,1361,990,EXPERT_CLOSE
0,XAUUSD,BUY,REJECTED,REJECTED,1698.69,0.00,0.00,0.00,0.00,0.00,0.00,0.00,0.00,NewYork,YES,2020.06.08 20:15:00,1970.01.01 00:00:00,0.00,12345,M15,REJECTED,CHoCH H1 EMA200 Filter,0.00,0.00,NO,N/A,0.00,0.00,0.00,0.00,0,0,0,0,NO,0,NO,0,0,0,REJECTED
0,XAUUSD,BUY,REJECTED,REJECTED,1706.47,0.00,0.00,0.00,0.00,0.00,0.00,0.00,0.00,London,YES,2020.06.09 11:45:00,1970.01.01 00:00:00,0.00,12345,M15,REJECTED,H1 EMA200 Filter,0.00,0.00,NO,N/A,0.00,0.00,0.00,0.00,0,0,0,0,NO,0,NO,0,0,0,REJECTED
92,XAUUSD,BUY,BoS_2,EXPERT_CLOSE,1721.78,1726.51,1715.34,1753.24,61.10,4.55,0.00,-4.91,56.19,London,YES,2020.06.10 14:30:00,2020.06.11 14:30:00,0.13,12345,M15,EXECUTED,N/A,0.00,0.00,YES,DISABLED,1704.17,1744.74,1715.34,1753.24,1761,2296,644,3146,YES,6,YES,1,1797,1358,EXPERT_CLOSE
0,XAUUSD,BUY,REJECTED,REJECTED,1742.85,0.00,0.00,0.00,0.00,0.00,0.00,0.00,0.00,London_NewYork_Overlap,YES,2020.06.11 17:15:00,1970.01.01 00:00:00,0.00,12345,M15,REJECTED,Max BOS Cycle Limit (2),0.00,0.00,NO,N/A,0.00,0.00,0.00,0.00,0,0,0,0,NO,0,NO,0,0,0,REJECTED
0,XAUUSD,SELL,REJECTED,REJECTED,1720.10,0.00,0.00,0.00,0.00,0.00,0.00,0.00,0.00,Asia,YES,2020.06.15 09:15:00,1970.01.01 00:00:00,0.00,12345,M15,REJECTED,CHoCH H4 EMA Filter,0.00,0.00,NO,N/A,0.00,0.00,0.00,0.00,0,0,0,0,NO,0,NO,0,0,0,REJECTED
0,XAUUSD,SELL,REJECTED,REJECTED,1721.19,0.00,0.00,0.00,0.00,0.00,0.00,0.00,0.00,London,YES,2020.06.18 14:45:00,1970.01.01 00:00:00,0.00,12345,M15,REJECTED,CHoCH H4 EMA Filter,0.00,0.00,NO,N/A,0.00,0.00,0.00,0.00,0,0,0,0,NO,0,NO,0,0,0,REJECTED
94,XAUUSD,BUY,CHoCH,EXPERT_CLOSE,1736.02,1729.93,1716.05,1759.17,-80.86,5.72,0.00,-1.64,-82.50,London,YES,2020.06.18 12:15:00,2020.06.19 12:15:15,0.13,12345,M15,EXECUTED,N/A,0.00,0.00,YES,DISABLED,1716.05,1759.17,1716.05,1759.17,1997,2315,1997,2315,NO,0,NO,0,65,1872,EXPERT_CLOSE
96,XAUUSD,BUY,CHoCH,EXPERT_CLOSE,1738.64,1747.68,1720.07,1761.82,112.06,11.83,0.00,-1.64,110.42,London_NewYork_Overlap,YES,2020.06.19 17:45:00,2020.06.22 01:05:00,0.13,12345,M15,EXECUTED,N/A,0.00,0.00,YES,DISABLED,1715.46,1761.82,1720.07,1761.82,2318,2318,1857,2318,YES,3,NO,0,664,146,EXPERT_CLOSE
98,XAUUSD,BUY,BoS_1,EXPERT_CLOSE,1759.53,1765.30,1739.90,1782.99,70.46,10.79,0.00,-1.64,68.82,London_NewYork_Overlap,YES,2020.06.22 17:00:00,2020.06.23 17:00:00,0.13,12345,M15,EXECUTED,N/A,0.00,0.00,YES,DISABLED,1736.07,1782.99,1739.90,1782.99,2346,2346,1963,2346,YES,3,NO,0,751,1224,EXPERT_CLOSE
0,XAUUSD,BUY,REJECTED,REJECTED,1775.43,0.00,0.00,0.00,0.00,0.00,0.00,0.00,0.00,London,YES,2020.06.24 12:00:00,1970.01.01 00:00:00,0.00,12345,M15,REJECTED,Max BOS Cycle Limit (2),0.00,0.00,NO,N/A,0.00,0.00,0.00,0.00,0,0,0,0,NO,0,NO,0,0,0,REJECTED
100,XAUUSD,BUY,BoS_2,EXPERT_CLOSE,1765.32,1768.53,1754.83,1788.86,35.23,12.22,0.00,-1.64,33.59,London_NewYork_Overlap,YES,2020.06.23 17:00:00,2020.06.24 17:00:00,0.13,12345,M15,EXECUTED,N/A,0.00,0.00,YES,DISABLED,1741.78,1788.86,1754.83,1788.86,2354,2354,1049,2354,YES,13,NO,0,1411,348,EXPERT_CLOSE
0,XAUUSD,SELL,REJECTED,REJECTED,1757.68,0.00,0.00,0.00,0.00,0.00,0.00,0.00,0.00,London_NewYork_Overlap,YES,2020.06.25 15:15:00,1970.01.01 00:00:00,0.00,12345,M15,REJECTED,H1 EMA200 Filter,0.00,0.00,NO,N/A,0.00,0.00,0.00,0.00,0,0,0,0,NO,0,NO,0,0,0,REJECTED
0,XAUUSD,SELL,REJECTED,REJECTED,1754.17,0.00,0.00,0.00,0.00,0.00,0.00,0.00,0.00,London_NewYork_Overlap,YES,2020.06.26 16:30:00,1970.01.01 00:00:00,0.00,12345,M15,REJECTED,H1 EMA200 Filter,0.00,0.00,NO,N/A,0.00,0.00,0.00,0.00,0,0,0,0,NO,0,NO,0,0,0,REJECTED
102,XAUUSD,BUY,CHoCH,EXPERT_CLOSE,1767.60,1770.32,1746.43,1791.17,31.85,14.43,0.00,-1.64,30.21,NewYork,YES,2020.06.26 19:45:00,2020.06.29 01:05:00,0.13,12345,M15,EXECUTED,N/A,0.00,0.00,YES,DISABLED,1744.03,1791.17,1746.43,1791.17,2357,2357,2117,2357,YES,4,NO,0,443,188,EXPERT_CLOSE
105,XAUUSD,BUY,BoS_2,HIT_SL,1787.23,1771.33,1771.35,1811.06,-212.42,13.65,0.00,0.00,-212.42,Tokyo_London_Overlap,YES,2020.07.01 10:15:00,2020.07.01 16:35:17,0.13,12345,M15,EXECUTED,N/A,0.00,0.00,YES,DISABLED,1771.35,1811.06,1771.35,1811.06,1588,2383,1588,2383,NO,0,NO,0,185,1578,STOP_LOSS
104,XAUUSD,BUY,BoS_1,HIT_SL,1777.56,1764.64,1764.90,1801.26,-174.07,12.74,0.00,-1.64,-175.71,London_NewYork_Overlap,YES,2020.06.30 17:45:00,2020.07.01 16:54:37,0.13,12345,M15,EXECUTED,N/A,0.00,0.00,YES,DISABLED,1756.79,1801.26,1764.90,1801.26,2077,2370,1266,2370,YES,6,NO,0,1152,1206,STOP_LOSS
108,XAUUSD,BUY,CHoCH,EXPERT_CLOSE,1780.85,1778.96,1763.07,1804.59,-28.99,9.23,0.00,-1.64,-30.63,London_NewYork_Overlap,YES,2020.07.06 15:15:00,2020.07.07 15:15:00,0.13,12345,M15,EXECUTED,N/A,0.00,0.00,YES,DISABLED,1761.95,1804.59,1763.07,1804.59,1890,2374,1778,2374,YES,2,NO,0,631,738,EXPERT_CLOSE
110,XAUUSD,BUY,BoS_1,24H_FORCE,1793.23,1812.78,1789.81,1827.86,249.99,11.83,0.00,-1.64,248.35,London_NewYork_Overlap,YES,2020.07.07 17:15:00,2020.07.08 17:15:00,0.13,12345,M15,EXECUTED,N/A,0.00,0.00,YES,DISABLED,1769.32,1817.14,1789.81,1827.86,2391,2391,342,3463,YES,21,YES,1,2204,171,Batas Waktu Hold Tercapai (24 jam >= Max 24 jam)
111,XAUUSD,BUY,BoS_2,EXPERT_CLOSE,1797.97,1813.22,1791.66,1831.61,196.95,5.33,0.00,-4.91,192.04,London,YES,2020.07.08 11:15:00,2020.07.09 11:15:00,0.13,12345,M15,EXECUTED,N/A,0.00,0.00,YES,DISABLED,1783.53,1821.94,1791.66,1831.61,1444,2397,631,3364,YES,4,YES,1,1995,145,EXPERT_CLOSE
0,XAUUSD,SELL,REJECTED,REJECTED,1801.50,0.00,0.00,0.00,0.00,0.00,0.00,0.00,0.00,London_NewYork_Overlap,YES,2020.07.09 18:15:00,1970.01.01 00:00:00,0.00,12345,M15,REJECTED,CHoCH H1 EMA200 Filter,0.00,0.00,NO,N/A,0.00,0.00,0.00,0.00,0,0,0,0,NO,0,NO,0,0,0,REJECTED
0,XAUUSD,SELL,REJECTED,REJECTED,1794.79,0.00,0.00,0.00,0.00,0.00,0.00,0.00,0.00,NewYork,YES,2020.07.10 19:45:00,1970.01.01 00:00:00,0.00,12345,M15,REJECTED,H1 EMA200 Filter,0.00,0.00,NO,N/A,0.00,0.00,0.00,0.00,0,0,0,0,NO,0,NO,0,0,0,REJECTED
0,XAUUSD,SELL,REJECTED,REJECTED,1793.38,0.00,0.00,0.00,0.00,0.00,0.00,0.00,0.00,London,YES,2020.07.14 13:30:00,1970.01.01 00:00:00,0.00,12345,M15,REJECTED,CHoCH H1 EMA200 Filter,0.00,0.00,NO,N/A,0.00,0.00,0.00,0.00,0,0,0,0,NO,0,NO,0,0,0,REJECTED
114,XAUUSD,BUY,CHoCH,24H_FORCE,1812.19,1797.68,1788.36,1836.35,-178.20,7.32,0.00,-1.51,-179.71,London_NewYork_Overlap,YES,2020.07.13 16:30:00,2020.07.14 16:30:00,0.12,12345,M15,EXECUTED,N/A,0.00,0.00,YES,DISABLED,1788.03,1836.35,1788.36,1836.35,2416,2416,2383,2416,YES,1,NO,0,112,2156,Batas Waktu Hold Tercapai (24 jam >= Max 24 jam)
0,XAUUSD,SELL,REJECTED,REJECTED,1803.96,0.00,0.00,0.00,0.00,0.00,0.00,0.00,0.00,London,YES,2020.07.15 14:15:00,1970.01.01 00:00:00,0.00,12345,M15,REJECTED,CHoCH H1 EMA200 Filter,0.00,0.00,NO,N/A,0.00,0.00,0.00,0.00,0,0,0,0,NO,0,NO,0,0,0,REJECTED
115,XAUUSD,BUY,CHoCH,24H_FORCE,1803.16,1806.97,1789.35,1827.20,41.16,7.68,0.00,-1.51,39.65,London_NewYork_Overlap,YES,2020.07.14 15:45:00,2020.07.15 15:45:00,0.12,12345,M15,EXECUTED,N/A,0.00,0.00,YES,DISABLED,1782.62,1827.20,1789.35,1827.20,2054,2404,1381,2404,YES,10,NO,0,1188,800,Batas Waktu Hold Tercapai (24 jam >= Max 24 jam)
117,XAUUSD,BUY,BoS_1,EXPERT_CLOSE,1812.16,1805.78,1797.65,1836.32,-80.52,6.36,0.00,-4.54,-85.06,London,YES,2020.07.15 11:15:00,2020.07.16 11:15:00,0.12,12345,M15,EXECUTED,N/A,0.00,0.00,YES,DISABLED,1797.65,1836.32,1797.65,1836.32,1451,2416,1451,2416,NO,0,NO,0,288,971,EXPERT_CLOSE
0,XAUUSD,SELL,REJECTED,REJECTED,1801.10,0.00,0.00,0.00,0.00,0.00,0.00,0.00,0.00,NewYork,YES,2020.07.16 20:00:00,1970.01.01 00:00:00,0.00,12345,M15,REJECTED,H1 EMA200 Filter,0.00,0.00,NO,N/A,0.00,0.00,0.00,0.00,0,0,0,0,NO,0,NO,0,0,0,REJECTED
120,XAUUSD,BUY,CHoCH,EXPERT_CLOSE,1809.96,1808.04,1786.86,1834.09,-25.44,12.48,0.00,-1.51,-26.95,London_NewYork_Overlap,YES,2020.07.17 18:15:00,2020.07.20 01:05:00,0.12,12345,M15,EXECUTED,N/A,0.00,0.00,YES,DISABLED,1786.86,1834.09,1786.86,1834.09,2310,2413,2310,2413,NO,0,NO,0,199,255,EXPERT_CLOSE
122,XAUUSD,BUY,BoS_1,24H_FORCE,1812.73,1827.12,1801.96,1836.90,169.92,6.00,0.00,-1.51,168.41,London,YES,2020.07.20 14:15:00,2020.07.21 14:15:00,0.12,12345,M15,EXECUTED,N/A,0.00,0.00,YES,DISABLED,1797.56,1836.90,1801.96,1836.90,1517,2417,1077,2417,YES,7,NO,0,1477,88,Batas Waktu Hold Tercapai (24 jam >= Max 24 jam)
123,XAUUSD,BUY,BoS_2,EXPERT_CLOSE,1822.86,1848.25,1821.74,1855.48,300.24,6.12,0.00,-1.51,298.73,Tokyo_London_Overlap,YES,2020.07.21 10:00:00,2020.07.22 04:04:47,0.12,12345,M15,EXECUTED,N/A,0.00,0.00,YES,DISABLED,1806.57,1847.16,1821.74,1855.48,1629,2430,112,3262,YES,10,YES,1,2526,169,EXPERT_CLOSE
0,XAUUSD,BUY,REJECTED,REJECTED,1867.51,0.00,0.00,0.00,0.00,0.00,0.00,0.00,0.00,NewYork,YES,2020.07.22 19:15:00,1970.01.01 00:00:00,0.00,12345,M15,REJECTED,Max BOS Cycle Limit (2),0.00,0.00,NO,N/A,0.00,0.00,0.00,0.00,0,0,0,0,NO,0,NO,0,0,0,REJECTED
0,XAUUSD,BUY,REJECTED,REJECTED,1878.79,0.00,0.00,0.00,0.00,0.00,0.00,0.00,0.00,London,YES,2020.07.23 11:15:00,1970.01.01 00:00:00,0.00,12345,M15,REJECTED,Max BOS Cycle Limit (2),0.00,0.00,NO,N/A,0.00,0.00,0.00,0.00,0,0,0,0,NO,0,NO,0,0,0,REJECTED
0,XAUUSD,BUY,REJECTED,REJECTED,1902.67,0.00,0.00,0.00,0.00,0.00,0.00,0.00,0.00,London_NewYork_Overlap,YES,2020.07.24 16:15:00,1970.01.01 00:00:00,0.00,12345,M15,REJECTED,Max BOS Cycle Limit (2),0.00,0.00,NO,N/A,0.00,0.00,0.00,0.00,0,0,0,0,NO,0,NO,0,0,0,REJECTED
0,XAUUSD,BUY,REJECTED,REJECTED,1908.79,0.00,0.00,0.00,0.00,0.00,0.00,0.00,0.00,Sydney,YES,2020.07.27 01:30:00,1970.01.01 00:00:00,0.00,12345,M15,REJECTED,Max BOS Cycle Limit (2),0.00,0.00,NO,N/A,0.00,0.00,0.00,0.00,0,0,0,0,NO,0,NO,0,0,0,REJECTED
0,XAUUSD,BUY,REJECTED,REJECTED,1948.77,0.00,0.00,0.00,0.00,0.00,0.00,0.00,0.00,Sydney_Tokyo_Overlap,YES,2020.07.28 02:00:00,1970.01.01 00:00:00,0.00,12345,M15,REJECTED,Max BOS Cycle Limit (2),0.00,0.00,NO,N/A,0.00,0.00,0.00,0.00,0,0,0,0,NO,0,NO,0,0,0,REJECTED
0,XAUUSD,SELL,REJECTED,REJECTED,1914.31,0.00,0.00,0.00,0.00,0.00,0.00,0.00,0.00,Tokyo_London_Overlap,YES,2020.07.28 10:45:00,1970.01.01 00:00:00,0.00,12345,M15,REJECTED,CHoCH H1 EMA200 Filter,0.00,0.00,NO,N/A,0.00,0.00,0.00,0.00,0,0,0,0,NO,0,NO,0,0,0,REJECTED
126,XAUUSD,BUY,CHoCH,HIT_SL,1968.33,1951.88,1951.99,1994.57,-187.99,15.29,0.00,0.00,-187.99,NewYork,YES,2020.07.29 21:15:00,2020.07.29 22:04:54,0.11,12345,M15,EXECUTED,N/A,0.00,0.00,YES,DISABLED,1942.09,1994.57,1951.99,1994.57,2624,2624,1634,2624,YES,2,NO,0,1242,1633,STOP_LOSS
0,XAUUSD,SELL,REJECTED,REJECTED,1939.90,0.00,0.00,0.00,0.00,0.00,0.00,0.00,0.00,London_NewYork_Overlap,YES,2020.07.30 18:15:00,1970.01.01 00:00:00,0.00,12345,M15,REJECTED,CHoCH H1 EMA200 Filter,0.00,0.00,NO,N/A,0.00,0.00,0.00,0.00,0,0,0,0,NO,0,NO,0,0,0,REJECTED
128,XAUUSD,BUY,CHoCH,EXPERT_CLOSE,1987.51,2015.04,1982.47,2023.35,300.19,6.16,0.00,0.00,300.19,London_NewYork_Overlap,YES,2020.08.04 17:45:00,2020.08.04 22:39:59,0.11,12345,M15,EXECUTED,N/A,0.00,0.00,YES,DISABLED,1961.01,2014.01,1982.47,2023.35,2650,2650,504,3584,YES,10,YES,1,2741,99,EXPERT_CLOSE
130,XAUUSD,BUY,BoS_1,EXPERT_CLOSE,2033.54,2051.18,2026.15,2071.35,191.07,7.81,0.00,-4.16,186.91,Tokyo_London_Overlap,YES,2020.08.05 10:00:00,2020.08.06 10:00:00,0.11,12345,M15,EXECUTED,N/A,0.00,0.00,YES,DISABLED,2006.43,2060.65,2026.15,2071.35,2711,2711,739,3781,YES,11,YES,1,2203,590,EXPERT_CLOSE
0,XAUUSD,BUY,REJECTED,REJECTED,2071.12,0.00,0.00,0.00,0.00,0.00,0.00,0.00,0.00,Sydney_Tokyo_Overlap,YES,2020.08.07 02:00:00,1970.01.01 00:00:00,0.00,12345,M15,REJECTED,Max BOS Cycle Limit (2),0.00,0.00,NO,N/A,0.00,0.00,0.00,0.00,0,0,0,0,NO,0,NO,0,0,0,REJECTED
132,XAUUSD,BUY,BoS_2,EXPERT_CLOSE,2056.88,2051.78,2042.88,2084.31,-59.73,7.15,0.00,-1.39,-61.12,London,YES,2020.08.06 14:45:00,2020.08.07 14:45:00,0.11,12345,M15,EXECUTED,N/A,0.00,0.00,YES,DISABLED,2029.45,2084.31,2042.88,2084.31,2743,2743,1400,2743,YES,8,NO,0,1799,904,EXPERT_CLOSE
0,XAUUSD,SELL,REJECTED,REJECTED,2046.37,0.00,0.00,0.00,0.00,0.00,0.00,0.00,0.00,London_NewYork_Overlap,YES,2020.08.07 16:45:00,1970.01.01 00:00:00,0.00,12345,M15,REJECTED,CHoCH H1 EMA200 Filter,0.00,0.00,NO,N/A,0.00,0.00,0.00,0.00,0,0,0,0,NO,0,NO,0,0,0,REJECTED
0,XAUUSD,SELL,REJECTED,REJECTED,2014.39,0.00,0.00,0.00,0.00,0.00,0.00,0.00,0.00,Sydney_Tokyo_Overlap,YES,2020.08.11 08:15:00,1970.01.01 00:00:00,0.00,12345,M15,REJECTED,H1 EMA200 Filter,0.00,0.00,NO,N/A,0.00,0.00,0.00,0.00,0,0,0,0,NO,0,NO,0,0,0,REJECTED
0,XAUUSD,BUY,REJECTED,REJECTED,1954.06,0.00,0.00,0.00,0.00,0.00,0.00,0.00,0.00,NewYork,YES,2020.08.13 20:00:00,1970.01.01 00:00:00,0.00,12345,M15,REJECTED,CHoCH H1 EMA200 Filter,0.00,0.00,NO,N/A,0.00,0.00,0.00,0.00,0,0,0,0,NO,0,NO,0,0,0,REJECTED
0,XAUUSD,SELL,REJECTED,REJECTED,1937.76,0.00,0.00,0.00,0.00,0.00,0.00,0.00,0.00,NewYork,YES,2020.08.14 19:45:00,1970.01.01 00:00:00,0.00,12345,M15,REJECTED,CHoCH H4 EMA Filter,0.00,0.00,NO,N/A,0.00,0.00,0.00,0.00,0,0,0,0,NO,0,NO,0,0,0,REJECTED
0,XAUUSD,BUY,REJECTED,REJECTED,1961.34,0.00,0.00,0.00,0.00,0.00,0.00,0.00,0.00,London_NewYork_Overlap,YES,2020.08.17 15:45:00,1970.01.01 00:00:00,0.00,12345,M15,REJECTED,CHoCH H1 EMA200 Filter,0.00,0.00,NO,N/A,0.00,0.00,0.00,0.00,0,0,0,0,NO,0,NO,0,0,0,REJECTED
134,XAUUSD,BUY,BoS_1,HIT_SL,1993.45,1987.11,1987.39,2029.61,-74.36,10.56,0.00,0.00,-74.36,Sydney_Tokyo_Overlap,YES,2020.08.18 05:00:00,2020.08.18 17:28:08,0.11,12345,M15,EXECUTED,N/A,0.00,0.00,YES,DISABLED,1970.63,2020.03,1987.39,2029.61,2282,2658,606,3616,YES,8,YES,1,2212,611,STOP_LOSS
0,XAUUSD,SELL,REJECTED,REJECTED,1973.43,0.00,0.00,0.00,0.00,0.00,0.00,0.00,0.00,London_NewYork_Overlap,YES,2020.08.19 17:45:00,1970.01.01 00:00:00,0.00,12345,M15,REJECTED,CHoCH H4 EMA Filter,0.00,0.00,NO,N/A,0.00,0.00,0.00,0.00,0,0,0,0,NO,0,NO,0,0,0,REJECTED
0,XAUUSD,SELL,REJECTED,REJECTED,1922.42,0.00,0.00,0.00,0.00,0.00,0.00,0.00,0.00,London,YES,2020.08.21 14:45:00,1970.01.01 00:00:00,0.00,12345,M15,REJECTED,H4 EMA Filter,0.00,0.00,NO,N/A,0.00,0.00,0.00,0.00,0,0,0,0,NO,0,NO,0,0,0,REJECTED
0,XAUUSD,BUY,REJECTED,REJECTED,1948.41,0.00,0.00,0.00,0.00,0.00,0.00,0.00,0.00,London,YES,2020.08.24 11:15:00,1970.01.01 00:00:00,0.00,12345,M15,REJECTED,CHoCH H1 EMA200 Filter,0.00,0.00,NO,N/A,0.00,0.00,0.00,0.00,0,0,0,0,NO,0,NO,0,0,0,REJECTED
0,XAUUSD,SELL,REJECTED,REJECTED,1928.84,0.00,0.00,0.00,0.00,0.00,0.00,0.00,0.00,London_NewYork_Overlap,YES,2020.08.24 18:30:00,1970.01.01 00:00:00,0.00,12345,M15,REJECTED,CHoCH H4 EMA Filter,0.00,0.00,NO,N/A,0.00,0.00,0.00,0.00,0,0,0,0,NO,0,NO,0,0,0,REJECTED
0,XAUUSD,SELL,REJECTED,REJECTED,1922.09,0.00,0.00,0.00,0.00,0.00,0.00,0.00,0.00,London_NewYork_Overlap,YES,2020.08.25 15:15:00,1970.01.01 00:00:00,0.00,12345,M15,REJECTED,H4 EMA Filter,0.00,0.00,NO,N/A,0.00,0.00,0.00,0.00,0,0,0,0,NO,0,NO,0,0,0,REJECTED
136,XAUUSD,SELL,BoS_2,HIT_SL,1909.37,1933.15,1932.90,1883.91,-284.76,3.96,0.00,0.00,-284.76,London_NewYork_Overlap,YES,2020.08.26 15:30:00,2020.08.26 16:42:58,0.12,12345,M15,EXECUTED,N/A,0.00,0.00,YES,DISABLED,1934.83,1883.91,1932.90,1883.91,2546,2546,2353,2546,YES,1,NO,0,642,2326,STOP_LOSS
0,XAUUSD,BUY,REJECTED,REJECTED,1935.55,0.00,0.00,0.00,0.00,0.00,0.00,0.00,0.00,London_NewYork_Overlap,YES,2020.08.26 17:00:00,1970.01.01 00:00:00,0.00,12345,M15,REJECTED,CHoCH H1 EMA200 Filter,0.00,0.00,NO,N/A,0.00,0.00,0.00,0.00,0,0,0,0,NO,0,NO,0,0,0,REJECTED
138,XAUUSD,BUY,BoS_1,HIT_SL,1957.71,1944.13,1944.22,1983.81,-153.45,8.36,0.00,0.00,-153.45,London_NewYork_Overlap,YES,2020.08.27 16:15:00,2020.08.27 16:40:42,0.11,12345,M15,EXECUTED,N/A,0.00,0.00,YES,DISABLED,1931.61,1983.81,1944.22,1983.81,2610,2610,1349,2610,YES,1,NO,0,1882,1341,STOP_LOSS
0,XAUUSD,SELL,REJECTED,REJECTED,1923.68,0.00,0.00,0.00,0.00,0.00,0.00,0.00,0.00,London_NewYork_Overlap,YES,2020.08.27 17:15:00,1970.01.01 00:00:00,0.00,12345,M15,REJECTED,CHoCH H4 EMA Filter,0.00,0.00,NO,N/A,0.00,0.00,0.00,0.00,0,0,0,0,NO,0,NO,0,0,0,REJECTED
140,XAUUSD,BUY,CHoCH,HIT_SL,1980.74,1965.46,1965.54,2007.15,-171.49,6.82,0.00,0.00,-171.49,Sydney_Tokyo_Overlap,YES,2020.09.01 05:15:00,2020.09.01 17:45:14,0.11,12345,M15,EXECUTED,N/A,0.00,0.00,YES,DISABLED,1956.35,2007.15,1965.54,2007.15,2439,2641,1520,2641,YES,7,NO,0,1155,1518,STOP_LOSS
0,XAUUSD,SELL,REJECTED,REJECTED,1964.18,0.00,0.00,0.00,0.00,0.00,0.00,0.00,0.00,NewYork,YES,2020.09.01 21:45:00,1970.01.01 00:00:00,0.00,12345,M15,REJECTED,CHoCH H1 EMA200 Filter,0.00,0.00,NO,N/A,0.00,0.00,0.00,0.00,0,0,0,0,NO,0,NO,0,0,0,REJECTED
0,XAUUSD,SELL,REJECTED,REJECTED,1957.72,0.00,0.00,0.00,0.00,0.00,0.00,0.00,0.00,London_NewYork_Overlap,YES,2020.09.02 15:15:00,1970.01.01 00:00:00,0.00,12345,M15,REJECTED,H4 EMA Filter,0.00,0.00,NO,N/A,0.00,0.00,0.00,0.00,0,0,0,0,NO,0,NO,0,0,0,REJECTED
0,XAUUSD,SELL,REJECTED,REJECTED,1929.45,0.00,0.00,0.00,0.00,0.00,0.00,0.00,0.00,Asia,YES,2020.09.03 09:45:00,1970.01.01 00:00:00,0.00,12345,M15,REJECTED,H4 EMA Filter,0.00,0.00,NO,N/A,0.00,0.00,0.00,0.00,0,0,0,0,NO,0,NO,0,0,0,REJECTED
0,XAUUSD,SELL,REJECTED,REJECTED,1924.67,0.00,0.00,0.00,0.00,0.00,0.00,0.00,0.00,London_NewYork_Overlap,YES,2020.09.03 18:30:00,1970.01.01 00:00:00,0.00,12345,M15,REJECTED,Max BOS Cycle Limit (2),0.00,0.00,NO,N/A,0.00,0.00,0.00,0.00,0,0,0,0,NO,0,NO,0,0,0,REJECTED
0,XAUUSD,SELL,REJECTED,REJECTED,1919.67,0.00,0.00,0.00,0.00,0.00,0.00,0.00,0.00,London_NewYork_Overlap,YES,2020.09.04 17:45:00,1970.01.01 00:00:00,0.00,12345,M15,REJECTED,Max BOS Cycle Limit (2),0.00,0.00,NO,N/A,0.00,0.00,0.00,0.00,0,0,0,0,NO,0,NO,0,0,0,REJECTED
0,XAUUSD,SELL,REJECTED,REJECTED,1911.89,0.00,0.00,0.00,0.00,0.00,0.00,0.00,0.00,London,YES,2020.09.08 13:15:00,1970.01.01 00:00:00,0.00,12345,M15,REJECTED,Max BOS Cycle Limit (2),0.00,0.00,NO,N/A,0.00,0.00,0.00,0.00,0,0,0,0,NO,0,NO,0,0,0,REJECTED
142,XAUUSD,BUY,CHoCH,24H_FORCE,1943.12,1962.23,1932.97,1969.03,227.16,3.72,0.00,-4.54,222.62,London_NewYork_Overlap,YES,2020.09.09 16:30:00,2020.09.10 16:30:00,0.12,12345,M15,EXECUTED,N/A,0.00,0.00,YES,DISABLED,1917.21,1969.03,1932.97,1969.03,2591,2591,1015,2591,YES,10,NO,0,2073,317,Batas Waktu Hold Tercapai (24 jam >= Max 24 jam)
0,XAUUSD,SELL,REJECTED,REJECTED,1940.51,0.00,0.00,0.00,0.00,0.00,0.00,0.00,0.00,Sydney_Tokyo_Overlap,YES,2020.09.11 06:00:00,1970.01.01 00:00:00,0.00,12345,M15,REJECTED,CHoCH H4 EMA Filter,0.00,0.00,NO,N/A,0.00,0.00,0.00,0.00,0,0,0,0,NO,0,NO,0,0,0,REJECTED
143,XAUUSD,BUY,BoS_1,EXPERT_CLOSE,1953.44,1942.92,1936.49,1979.49,-129.00,3.84,0.00,-1.51,-130.51,London_NewYork_Overlap,YES,2020.09.10 15:30:00,2020.09.11 15:30:00,0.12,12345,M15,EXECUTED,N/A,0.00,0.00,YES,DISABLED,1933.67,1979.49,1936.49,1979.49,1977,2605,1695,2605,YES,2,NO,0,1309,1632,EXPERT_CLOSE
146,XAUUSD,BUY,CHoCH,24H_FORCE,1956.17,1967.41,1944.57,1982.25,134.52,3.00,0.00,-1.51,133.01,London_NewYork_Overlap,YES,2020.09.14 16:00:00,2020.09.15 16:00:00,0.12,12345,M15,EXECUTED,N/A,0.00,0.00,YES,DISABLED,1931.25,1982.25,1944.57,1982.25,2492,2608,1160,2608,YES,12,NO,0,1604,301,Batas Waktu Hold Tercapai (24 jam >= Max 24 jam)
0,XAUUSD,SELL,REJECTED,REJECTED,1951.86,0.00,0.00,0.00,0.00,0.00,0.00,0.00,0.00,London_NewYork_Overlap,YES,2020.09.15 17:15:00,1970.01.01 00:00:00,0.00,12345,M15,REJECTED,CHoCH H1 EMA200 Filter,0.00,0.00,NO,N/A,0.00,0.00,0.00,0.00,0,0,0,0,NO,0,NO,0,0,0,REJECTED
147,XAUUSD,BUY,BoS_1,EXPERT_CLOSE,1963.70,1957.14,1944.43,1989.88,-74.25,4.07,0.00,-1.39,-75.64,Sydney_Tokyo_Overlap,YES,2020.09.15 05:15:00,2020.09.16 05:15:01,0.11,12345,M15,EXECUTED,N/A,0.00,0.00,YES,DISABLED,1944.43,1989.88,1944.43,1989.88,1927,2618,1927,2618,NO,0,NO,0,851,1541,EXPERT_CLOSE
0,XAUUSD,SELL,REJECTED,REJECTED,1946.74,0.00,0.00,0.00,0.00,0.00,0.00,0.00,0.00,Sydney_Tokyo_Overlap,YES,2020.09.17 05:00:00,1970.01.01 00:00:00,0.00,12345,M15,REJECTED,H4 EMA Filter,0.00,0.00,NO,N/A,0.00,0.00,0.00,0.00,0,0,0,0,NO,0,NO,0,0,0,REJECTED
0,XAUUSD,SELL,REJECTED,REJECTED,1935.41,0.00,0.00,0.00,0.00,0.00,0.00,0.00,0.00,London_NewYork_Overlap,YES,2020.09.17 16:15:00,1970.01.01 00:00:00,0.00,12345,M15,REJECTED,H4 EMA Filter,0.00,0.00,NO,N/A,0.00,0.00,0.00,0.00,0,0,0,0,NO,0,NO,0,0,0,REJECTED
151,XAUUSD,BUY,BoS_1,EXPERT_CLOSE,1959.19,1949.75,1936.42,1985.31,-104.50,6.05,0.00,-1.39,-105.89,NewYork,YES,2020.09.18 19:30:00,2020.09.21 01:05:00,0.11,12345,M15,EXECUTED,N/A,0.00,0.00,YES,DISABLED,1936.42,1985.31,1936.42,1985.31,2277,2612,2277,2612,NO,0,NO,0,91,1037,EXPERT_CLOSE
150,XAUUSD,BUY,CHoCH,24H_FORCE,1951.60,1949.75,1933.47,1977.62,-24.72,8.16,0.00,-1.51,-26.23,Sydney_Tokyo_Overlap,YES,2020.09.18 03:15:00,2020.09.21 01:05:00,0.12,12345,M15,EXECUTED,N/A,0.00,0.00,YES,DISABLED,1933.47,1977.62,1933.47,1977.62,1813,2602,1813,2602,NO,0,NO,0,850,647,Batas Waktu Hold Tercapai (69 jam >= Max 24 jam)
0,XAUUSD,SELL,REJECTED,REJECTED,1943.74,0.00,0.00,0.00,0.00,0.00,0.00,0.00,0.00,London,YES,2020.09.21 11:30:00,1970.01.01 00:00:00,0.00,12345,M15,REJECTED,CHoCH H4 EMA Filter,0.00,0.00,NO,N/A,0.00,0.00,0.00,0.00,0,0,0,0,NO,0,NO,0,0,0,REJECTED
154,XAUUSD,SELL,BoS_1,EXPERT_CLOSE,1877.56,1852.58,1879.93,1843.45,300.48,4.56,0.00,-1.66,298.82,Asia,YES,2020.09.23 09:15:00,2020.09.24 07:56:40,0.12,12345,M15,EXECUTED,N/A,0.00,0.00,YES,DISABLED,1902.59,1852.53,1879.93,1843.45,2503,2503,237,3411,YES,10,YES,1,2461,1763,EXPERT_CLOSE
0,XAUUSD,BUY,REJECTED,REJECTED,1878.31,0.00,0.00,0.00,0.00,0.00,0.00,0.00,0.00,NewYork,YES,2020.09.28 20:30:00,1970.01.01 00:00:00,0.00,12345,M15,REJECTED,CHoCH H1 EMA200 Filter,0.00,0.00,NO,N/A,0.00,0.00,0.00,0.00,0,0,0,0,NO,0,NO,0,0,0,REJECTED
0,XAUUSD,BUY,REJECTED,REJECTED,1888.21,0.00,0.00,0.00,0.00,0.00,0.00,0.00,0.00,London,YES,2020.09.29 14:15:00,1970.01.01 00:00:00,0.00,12345,M15,REJECTED,H1 EMA200 Filter,0.00,0.00,NO,N/A,0.00,0.00,0.00,0.00,0,0,0,0,NO,0,NO,0,0,0,REJECTED
0,XAUUSD,BUY,REJECTED,REJECTED,1900.72,0.00,0.00,0.00,0.00,0.00,0.00,0.00,0.00,London_NewYork_Overlap,YES,2020.09.30 18:30:00,1970.01.01 00:00:00,0.00,12345,M15,REJECTED,H4 EMA Filter,0.00,0.00,NO,N/A,0.00,0.00,0.00,0.00,0,0,0,0,NO,0,NO,0,0,0,REJECTED
0,XAUUSD,BUY,REJECTED,REJECTED,1906.78,0.00,0.00,0.00,0.00,0.00,0.00,0.00,0.00,London_NewYork_Overlap,YES,2020.10.01 15:30:00,1970.01.01 00:00:00,0.00,12345,M15,REJECTED,Max BOS Cycle Limit (2),0.00,0.00,NO,N/A,0.00,0.00,0.00,0.00,0,0,0,0,NO,0,NO,0,0,0,REJECTED
0,XAUUSD,BUY,REJECTED,REJECTED,1912.98,0.00,0.00,0.00,0.00,0.00,0.00,0.00,0.00,Asia,YES,2020.10.02 09:30:00,1970.01.01 00:00:00,0.00,12345,M15,REJECTED,Max BOS Cycle Limit (2),0.00,0.00,NO,N/A,0.00,0.00,0.00,0.00,0,0,0,0,NO,0,NO,0,0,0,REJECTED
0,XAUUSD,SELL,REJECTED,REJECTED,1898.12,0.00,0.00,0.00,0.00,0.00,0.00,0.00,0.00,Sydney_Tokyo_Overlap,YES,2020.10.05 05:30:00,1970.01.01 00:00:00,0.00,12345,M15,REJECTED,CHoCH H1 EMA200 Filter,0.00,0.00,NO,N/A,0.00,0.00,0.00,0.00,0,0,0,0,NO,0,NO,0,0,0,REJECTED
0,XAUUSD,BUY,REJECTED,REJECTED,1912.31,0.00,0.00,0.00,0.00,0.00,0.00,0.00,0.00,London_NewYork_Overlap,YES,2020.10.05 17:15:00,1970.01.01 00:00:00,0.00,12345,M15,REJECTED,CHoCH H4 EMA Filter,0.00,0.00,NO,N/A,0.00,0.00,0.00,0.00,0,0,0,0,NO,0,NO,0,0,0,REJECTED
0,XAUUSD,SELL,REJECTED,REJECTED,1902.10,0.00,0.00,0.00,0.00,0.00,0.00,0.00,0.00,NewYork,YES,2020.10.06 19:00:00,1970.01.01 00:00:00,0.00,12345,M15,REJECTED,CHoCH H1 EMA200 Filter,0.00,0.00,NO,N/A,0.00,0.00,0.00,0.00,0,0,0,0,NO,0,NO,0,0,0,REJECTED
0,XAUUSD,BUY,REJECTED,REJECTED,1902.15,0.00,0.00,0.00,0.00,0.00,0.00,0.00,0.00,Sydney_Tokyo_Overlap,YES,2020.10.09 04:15:00,1970.01.01 00:00:00,0.00,12345,M15,REJECTED,CHoCH H4 EMA Filter,0.00,0.00,NO,N/A,0.00,0.00,0.00,0.00,0,0,0,0,NO,0,NO,0,0,0,REJECTED
0,XAUUSD,SELL,REJECTED,REJECTED,1916.66,0.00,0.00,0.00,0.00,0.00,0.00,0.00,0.00,Sydney_Tokyo_Overlap,YES,2020.10.13 05:00:00,1970.01.01 00:00:00,0.00,12345,M15,REJECTED,H1 EMA200 Filter,0.00,0.00,NO,N/A,0.00,0.00,0.00,0.00,0,0,0,0,NO,0,NO,0,0,0,REJECTED
0,XAUUSD,SELL,REJECTED,REJECTED,1909.48,0.00,0.00,0.00,0.00,0.00,0.00,0.00,0.00,London_NewYork_Overlap,YES,2020.10.13 16:00:01,1970.01.01 00:00:00,0.00,12345,M15,REJECTED,H1 EMA200 Filter,0.00,0.00,NO,N/A,0.00,0.00,0.00,0.00,0,0,0,0,NO,0,NO,0,0,0,REJECTED
0,XAUUSD,SELL,REJECTED,REJECTED,1884.46,0.00,0.00,0.00,0.00,0.00,0.00,0.00,0.00,Sydney_Tokyo_Overlap,YES,2020.10.14 04:30:00,1970.01.01 00:00:00,0.00,12345,M15,REJECTED,Max BOS Cycle Limit (2),0.00,0.00,NO,N/A,0.00,0.00,0.00,0.00,0,0,0,0,NO,0,NO,0,0,0,REJECTED
0,XAUUSD,BUY,REJECTED,REJECTED,1904.66,0.00,0.00,0.00,0.00,0.00,0.00,0.00,0.00,London_NewYork_Overlap,YES,2020.10.15 18:30:00,1970.01.01 00:00:00,0.00,12345,M15,REJECTED,CHoCH H4 EMA Filter,0.00,0.00,NO,N/A,0.00,0.00,0.00,0.00,0,0,0,0,NO,0,NO,0,0,0,REJECTED
156,XAUUSD,SELL,CHoCH,HIT_SL,1891.57,1912.10,1912.09,1866.35,-245.76,6.24,0.00,-0.55,-246.31,London_NewYork_Overlap,YES,2020.10.15 15:00:00,2020.10.16 11:38:08,0.12,12345,M15,EXECUTED,N/A,0.00,0.00,YES,DISABLED,1912.09,1866.35,1912.09,1866.35,2052,2522,2052,2522,NO,0,NO,0,181,2050,STOP_LOSS
0,XAUUSD,BUY,REJECTED,REJECTED,1911.80,0.00,0.00,0.00,0.00,0.00,0.00,0.00,0.00,London,YES,2020.10.16 11:45:00,1970.01.01 00:00:00,0.00,12345,M15,REJECTED,H4 EMA Filter,0.00,0.00,NO,N/A,0.00,0.00,0.00,0.00,0,0,0,0,NO,0,NO,0,0,0,REJECTED
158,XAUUSD,SELL,CHoCH,EXPERT_CLOSE,1902.18,1900.17,1922.37,1876.82,24.12,8.04,0.00,-0.55,23.57,London_NewYork_Overlap,YES,2020.10.16 18:00:00,2020.10.19 01:05:00,0.12,12345,M15,EXECUTED,N/A,0.00,0.00,YES,DISABLED,1922.37,1876.82,1922.37,1876.82,2019,2536,2019,2536,NO,0,NO,0,419,242,EXPERT_CLOSE
160,XAUUSD,BUY,CHoCH,EXPERT_CLOSE,1916.36,1902.90,1890.81,1941.91,-162.48,4.44,0.00,-1.51,-163.99,London_NewYork_Overlap,YES,2020.10.19 15:15:00,2020.10.20 15:15:00,0.12,12345,M15,EXECUTED,N/A,0.00,0.00,YES,DISABLED,1890.81,1941.91,1890.81,1941.91,2555,2555,2555,2555,NO,0,NO,0,211,2155,EXPERT_CLOSE
161,XAUUSD,SELL,CHoCH,EXPERT_CLOSE,1896.52,1915.36,1921.81,1871.23,-225.72,7.32,0.00,-0.55,-226.27,Sydney_Tokyo_Overlap,YES,2020.10.20 05:00:00,2020.10.21 05:00:00,0.12,12345,M15,EXECUTED,N/A,0.00,0.00,YES,DISABLED,1921.81,1871.23,1921.81,1871.23,2529,2529,2529,2529,NO,0,NO,0,162,2062,EXPERT_CLOSE
164,XAUUSD,BUY,CHoCH,EXPERT_CLOSE,1919.21,1911.25,1904.76,1944.80,-98.52,6.36,0.00,-4.54,-103.06,Sydney_Tokyo_Overlap,YES,2020.10.21 05:15:00,2020.10.22 05:15:00,0.12,12345,M15,EXECUTED,N/A,0.00,0.00,YES,DISABLED,1893.62,1944.80,1904.76,1944.80,2559,2559,1445,2559,YES,10,NO,0,1215,864,EXPERT_CLOSE
166,XAUUSD,SELL,CHoCH,EXPERT_CLOSE,1905.02,1912.77,1921.08,1879.62,-92.76,4.08,0.00,-0.55,-93.31,London_NewYork_Overlap,YES,2020.10.22 15:15:00,2020.10.23 15:15:00,0.12,12345,M15,EXECUTED,N/A,0.00,0.00,YES,DISABLED,1928.82,1879.62,1921.08,1879.62,2380,2540,1606,2540,YES,3,NO,0,1027,830,EXPERT_CLOSE
168,XAUUSD,SELL,BoS_1,EXPERT_CLOSE,1893.39,1902.64,1918.64,1868.14,-110.40,7.20,0.00,-0.55,-110.95,Sydney_Tokyo_Overlap,NO,2020.10.26 01:00:00,2020.10.27 01:00:06,0.12,12345,M15,EXECUTED,N/A,0.00,0.00,YES,DISABLED,1918.64,1868.14,1918.64,1868.14,2525,2525,2525,2525,NO,0,NO,0,0,1536,EXPERT_CLOSE
0,XAUUSD,BUY,REJECTED,REJECTED,1909.35,0.00,0.00,0.00,0.00,0.00,0.00,0.00,0.00,Sydney_Tokyo_Overlap,NO,2020.10.27 04:15:00,1970.01.01 00:00:00,0.00,12345,M15,REJECTED,H4 EMA Filter,0.00,0.00,NO,N/A,0.00,0.00,0.00,0.00,0,0,0,0,NO,0,NO,0,0,0,REJECTED
170,XAUUSD,SELL,CHoCH,24H_FORCE,1898.78,1897.22,1918.82,1873.46,19.32,3.12,0.00,-0.55,18.77,London,NO,2020.10.27 12:30:00,2020.10.28 12:30:00,0.12,12345,M15,EXECUTED,N/A,0.00,0.00,YES,DISABLED,1918.82,1873.46,1918.82,1873.46,2004,2532,2004,2532,NO,0,NO,0,190,1278,Batas Waktu Hold Tercapai (24 jam >= Max 24 jam)
171,XAUUSD,SELL,BoS_1,EXPERT_CLOSE,1901.28,1876.32,1903.76,1867.26,300.12,3.84,0.00,0.00,300.12,London,NO,2020.10.28 11:30:00,2020.10.28 15:53:34,0.12,12345,M15,EXECUTED,N/A,0.00,0.00,YES,DISABLED,1919.87,1875.93,1903.76,1867.26,1859,2535,248,3402,YES,6,YES,1,2460,67,EXPERT_CLOSE
0,XAUUSD,BUY,REJECTED,REJECTED,1879.47,0.00,0.00,0.00,0.00,0.00,0.00,0.00,0.00,London_NewYork_Overlap,NO,2020.10.30 14:00:00,1970.01.01 00:00:00,0.00,12345,M15,REJECTED,CHoCH H1 EMA200 Filter,0.00,0.00,NO,N/A,0.00,0.00,0.00,0.00,0,0,0,0,NO,0,NO,0,0,0,REJECTED
174,XAUUSD,SELL,BoS_2,EXPERT_CLOSE,1866.20,1879.57,1887.35,1841.32,-159.84,5.76,0.00,-0.55,-160.39,London_NewYork_Overlap,NO,2020.10.29 14:30:00,2020.10.30 14:30:00,0.12,12345,M15,EXECUTED,N/A,0.00,0.00,YES,DISABLED,1891.08,1841.32,1887.35,1841.32,2488,2488,2115,2488,YES,3,NO,0,621,1528,EXPERT_CLOSE
0,XAUUSD,BUY,REJECTED,REJECTED,1891.48,0.00,0.00,0.00,0.00,0.00,0.00,0.00,0.00,London_NewYork_Overlap,NO,2020.11.02 14:15:00,1970.01.01 00:00:00,0.00,12345,M15,REJECTED,H1 EMA200 Filter,0.00,0.00,NO,N/A,0.00,0.00,0.00,0.00,0,0,0,0,NO,0,NO,0,0,0,REJECTED
0,XAUUSD,BUY,REJECTED,REJECTED,1900.65,0.00,0.00,0.00,0.00,0.00,0.00,0.00,0.00,London,NO,2020.11.03 11:45:00,1970.01.01 00:00:00,0.00,12345,M15,REJECTED,H4 EMA Filter,0.00,0.00,NO,N/A,0.00,0.00,0.00,0.00,0,0,0,0,NO,0,NO,0,0,0,REJECTED
176,XAUUSD,SELL,CHoCH,HIT_SL,1886.50,1911.98,1911.65,1861.35,-305.16,8.52,0.00,0.00,-305.16,Sydney_Tokyo_Overlap,NO,2020.11.04 04:45:00,2020.11.04 15:16:23,0.12,12345,M15,EXECUTED,N/A,0.00,0.00,YES,DISABLED,1911.65,1861.35,1911.65,1861.35,2515,2515,2515,2515,NO,0,NO,0,23,2513,STOP_LOSS
178,XAUUSD,BUY,CHoCH,EXPERT_CLOSE,1913.14,1938.26,1906.97,1947.30,300.72,3.96,0.00,0.00,300.72,London,NO,2020.11.05 10:15:00,2020.11.05 17:05:30,0.12,12345,M15,EXECUTED,N/A,0.00,0.00,YES,DISABLED,1887.63,1938.65,1906.97,1947.30,2551,2551,617,3416,YES,14,YES,1,2504,76,EXPERT_CLOSE
180,XAUUSD,BUY,BoS_1,EXPERT_CLOSE,1953.88,1957.18,1934.08,1979.93,36.72,9.12,0.00,-1.51,35.21,London,NO,2020.11.06 13:15:00,2020.11.09 01:05:00,0.12,12345,M15,EXECUTED,N/A,0.00,0.00,YES,DISABLED,1927.83,1979.93,1934.08,1979.93,2605,2605,1980,2605,YES,5,NO,0,641,1272,EXPERT_CLOSE
182,XAUUSD,BUY,BoS_2,HIT_SL,1960.84,1938.12,1938.31,1986.98,-251.24,2.20,0.00,0.00,-251.24,Sydney_Tokyo_Overlap,NO,2020.11.09 06:00:00,2020.11.09 13:59:11,0.11,12345,M15,EXECUTED,N/A,0.00,0.00,YES,DISABLED,1934.70,1986.98,1938.31,1986.98,2614,2614,2253,2614,YES,2,NO,0,462,2041,STOP_LOSS
0,XAUUSD,SELL,REJECTED,REJECTED,1938.37,0.00,0.00,0.00,0.00,0.00,0.00,0.00,0.00,London_NewYork_Overlap,NO,2020.11.09 14:00:00,1970.01.01 00:00:00,0.00,12345,M15,REJECTED,CHoCH H1 EMA200 Filter,0.00,0.00,NO,N/A,0.00,0.00,0.00,0.00,0,0,0,0,NO,0,NO,0,0,0,REJECTED
0,XAUUSD,BUY,REJECTED,REJECTED,1891.32,0.00,0.00,0.00,0.00,0.00,0.00,0.00,0.00,London_NewYork_Overlap,NO,2020.11.13 15:45:00,1970.01.01 00:00:00,0.00,12345,M15,REJECTED,CHoCH H1 EMA200 Filter,0.00,0.00,NO,N/A,0.00,0.00,0.00,0.00,0,0,0,0,NO,0,NO,0,0,0,REJECTED
0,XAUUSD,BUY,REJECTED,REJECTED,1897.62,0.00,0.00,0.00,0.00,0.00,0.00,0.00,0.00,Sydney_Tokyo_Overlap,NO,2020.11.16 03:45:00,1970.01.01 00:00:00,0.00,12345,M15,REJECTED,H4 EMA Filter,0.00,0.00,NO,N/A,0.00,0.00,0.00,0.00,0,0,0,0,NO,0,NO,0,0,0,REJECTED
184,XAUUSD,SELL,CHoCH,HIT_SL,1869.17,1894.14,1894.09,1844.25,-299.16,9.84,0.00,0.00,-299.16,London_NewYork_Overlap,NO,2020.11.16 14:00:00,2020.11.16 18:37:42,0.12,12345,M15,EXECUTED,N/A,0.00,0.00,YES,DISABLED,1894.09,1844.25,1894.09,1844.25,2492,2492,2492,2492,NO,0,NO,0,336,2491,STOP_LOSS
186,XAUUSD,SELL,BoS_1,EXPERT_CLOSE,1862.36,1869.04,1880.17,1837.53,-79.56,5.16,0.00,-0.55,-80.11,Asia,NO,2020.11.19 08:00:00,2020.11.20 08:00:00,0.12,12345,M15,EXECUTED,N/A,0.00,0.00,YES,DISABLED,1887.19,1837.53,1880.17,1837.53,2483,2483,1781,2483,YES,5,NO,0,945,709,EXPERT_CLOSE
0,XAUUSD,BUY,REJECTED,REJECTED,1877.82,0.00,0.00,0.00,0.00,0.00,0.00,0.00,0.00,London_NewYork_Overlap,NO,2020.11.20 16:15:00,1970.01.01 00:00:00,0.00,12345,M15,REJECTED,CHoCH H1 EMA200 Filter,0.00,0.00,NO,N/A,0.00,0.00,0.00,0.00,0,0,0,0,NO,0,NO,0,0,0,REJECTED
188,XAUUSD,SELL,CHoCH,HIT_TP1,1869.00,1843.84,1884.45,1844.08,302.52,4.68,0.00,0.00,302.52,London,NO,2020.11.23 11:00:00,2020.11.23 16:55:31,0.12,12345,M15,EXECUTED,N/A,0.00,0.00,YES,DISABLED,1884.45,1844.08,1884.45,1844.08,1545,2492,1545,2492,NO,0,NO,0,2446,203,TAKE_PROFIT
190,XAUUSD,SELL,BoS_1,PROFIT_TARGET,1829.16,1804.21,1829.56,1794.85,300.00,4.80,0.00,0.00,300.00,Sydney_Tokyo_Overlap,NO,2020.11.24 03:45:01,2020.11.24 16:16:41,0.12,12345,M15,EXECUTED,N/A,0.00,0.00,YES,DISABLED,1853.55,1804.77,1829.56,1794.85,2439,2439,40,3431,YES,13,YES,1,2495,395,Profit >= 300.00 USD (Running: 300.00 USD, Hold: 12 jam)
191,XAUUSD,SELL,BoS_2,EXPERT_CLOSE,1817.89,1808.67,1826.19,1793.65,111.00,4.56,0.00,-0.55,110.45,London,NO,2020.11.24 12:30:00,2020.11.25 12:30:00,0.12,12345,M15,EXECUTED,N/A,0.00,0.00,YES,DISABLED,1842.13,1793.65,1826.19,1793.65,2424,2424,830,2424,YES,9,NO,0,1739,265,EXPERT_CLOSE
194,XAUUSD,SELL,CHoCH,EXPERT_CLOSE,1793.76,1789.66,1799.96,1760.10,52.65,7.67,0.00,-0.60,52.05,London_NewYork_Overlap,NO,2020.11.27 15:15:00,2020.11.30 01:05:00,0.13,12345,M15,EXECUTED,N/A,0.00,0.00,YES,DISABLED,1817.68,1769.84,1799.96,1760.10,2392,2392,620,3366,YES,3,YES,1,1922,499,EXPERT_CLOSE
196,XAUUSD,SELL,BoS_1,EXPERT_CLOSE,1766.68,1783.22,1790.24,1743.12,-214.37,7.02,0.00,-0.60,-214.97,Sydney_Tokyo_Overlap,NO,2020.11.30 05:00:00,2020.12.01 05:00:00,0.13,12345,M15,EXECUTED,N/A,0.00,0.00,YES,DISABLED,1790.24,1743.12,1790.24,1743.12,2356,2356,2356,2356,NO,0,NO,0,172,1796,EXPERT_CLOSE
0,XAUUSD,BUY,REJECTED,REJECTED,1824.29,0.00,0.00,0.00,0.00,0.00,0.00,0.00,0.00,London,NO,2020.12.02 10:45:00,1970.01.01 00:00:00,0.00,12345,M15,REJECTED,H4 EMA Filter,0.00,0.00,NO,N/A,0.00,0.00,0.00,0.00,0,0,0,0,NO,0,NO,0,0,0,REJECTED
0,XAUUSD,BUY,REJECTED,REJECTED,1835.04,0.00,0.00,0.00,0.00,0.00,0.00,0.00,0.00,Sydney_Tokyo_Overlap,NO,2020.12.03 05:30:00,1970.01.01 00:00:00,0.00,12345,M15,REJECTED,H4 EMA Filter,0.00,0.00,NO,N/A,0.00,0.00,0.00,0.00,0,0,0,0,NO,0,NO,0,0,0,REJECTED
0,XAUUSD,BUY,REJECTED,REJECTED,1846.25,0.00,0.00,0.00,0.00,0.00,0.00,0.00,0.00,London_NewYork_Overlap,NO,2020.12.04 16:45:00,1970.01.01 00:00:00,0.00,12345,M15,REJECTED,Max BOS Cycle Limit (2),0.00,0.00,NO,N/A,0.00,0.00,0.00,0.00,0,0,0,0,NO,0,NO,0,0,0,REJECTED
0,XAUUSD,SELL,REJECTED,REJECTED,1832.01,0.00,0.00,0.00,0.00,0.00,0.00,0.00,0.00,NewYork,NO,2020.12.04 18:00:00,1970.01.01 00:00:00,0.00,12345,M15,REJECTED,CHoCH H1 EMA200 Filter,0.00,0.00,NO,N/A,0.00,0.00,0.00,0.00,0,0,0,0,NO,0,NO,0,0,0,REJECTED
0,XAUUSD,SELL,REJECTED,REJECTED,1827.96,0.00,0.00,0.00,0.00,0.00,0.00,0.00,0.00,London,NO,2020.12.07 11:00:00,1970.01.01 00:00:00,0.00,12345,M15,REJECTED,H1 EMA200 Filter,0.00,0.00,NO,N/A,0.00,0.00,0.00,0.00,0,0,0,0,NO,0,NO,0,0,0,REJECTED
0,XAUUSD,BUY,REJECTED,REJECTED,1845.90,0.00,0.00,0.00,0.00,0.00,0.00,0.00,0.00,London_NewYork_Overlap,NO,2020.12.07 16:45:00,1970.01.01 00:00:00,0.00,12345,M15,REJECTED,CHoCH H4 EMA Filter,0.00,0.00,NO,N/A,0.00,0.00,0.00,0.00,0,0,0,0,NO,0,NO,0,0,0,REJECTED
198,XAUUSD,BUY,BoS_1,24H_FORCE,1869.52,1861.01,1849.68,1894.45,-104.76,5.28,0.00,-1.51,-106.27,Sydney_Tokyo_Overlap,NO,2020.12.08 06:00:00,2020.12.09 06:00:00,0.12,12345,M15,EXECUTED,N/A,0.00,0.00,YES,DISABLED,1849.68,1894.45,1849.68,1894.45,1984,2493,1984,2493,NO,0,NO,0,576,974,Batas Waktu Hold Tercapai (24 jam >= Max 24 jam)
0,XAUUSD,SELL,REJECTED,REJECTED,1853.95,0.00,0.00,0.00,0.00,0.00,0.00,0.00,0.00,London,NO,2020.12.09 13:45:00,1970.01.01 00:00:00,0.00,12345,M15,REJECTED,H1 EMA200 Filter,0.00,0.00,NO,N/A,0.00,0.00,0.00,0.00,0,0,0,0,NO,0,NO,0,0,0,REJECTED
199,XAUUSD,BUY,BoS_2,HIT_SL,1874.28,1851.84,1851.84,1899.27,-271.32,5.64,0.00,-1.51,-272.83,London_NewYork_Overlap,NO,2020.12.08 16:45:00,2020.12.09 13:48:49,0.12,12345,M15,EXECUTED,N/A,0.00,0.00,YES,DISABLED,1851.84,1899.27,1851.84,1899.27,2244,2499,2244,2499,NO,0,NO,0,100,2242,STOP_LOSS
0,XAUUSD,BUY,REJECTED,REJECTED,1841.51,0.00,0.00,0.00,0.00,0.00,0.00,0.00,0.00,London_NewYork_Overlap,NO,2020.12.11 17:00:00,1970.01.01 00:00:00,0.00,12345,M15,REJECTED,CHoCH H4 EMA Filter,0.00,0.00,NO,N/A,0.00,0.00,0.00,0.00,0,0,0,0,NO,0,NO,0,0,0,REJECTED
202,XAUUSD,SELL,CHoCH,EXPERT_CLOSE,1830.06,1837.30,1848.81,1805.66,-86.28,5.76,0.00,-0.55,-86.83,London,NO,2020.12.11 13:15:01,2020.12.14 01:05:00,0.12,12345,M15,EXECUTED,N/A,0.00,0.00,YES,DISABLED,1848.81,1805.66,1848.81,1805.66,1875,2440,1875,2440,NO,0,NO,0,559,1786,EXPERT_CLOSE
0,XAUUSD,BUY,REJECTED,REJECTED,1840.31,0.00,0.00,0.00,0.00,0.00,0.00,0.00,0.00,Tokyo_London_Overlap,NO,2020.12.15 09:00:00,1970.01.01 00:00:00,0.00,12345,M15,REJECTED,CHoCH H4 EMA Filter,0.00,0.00,NO,N/A,0.00,0.00,0.00,0.00,0,0,0,0,NO,0,NO,0,0,0,REJECTED
204,XAUUSD,SELL,CHoCH,HIT_SL,1820.70,1845.65,1844.98,1796.42,-298.20,4.32,0.00,-0.55,-298.75,London,NO,2020.12.14 12:30:00,2020.12.15 10:30:18,0.12,12345,M15,EXECUTED,N/A,0.00,0.00,YES,DISABLED,1844.98,1796.42,1844.98,1796.42,2428,2428,2428,2428,NO,0,NO,0,36,2425,STOP_LOSS
0,XAUUSD,BUY,REJECTED,REJECTED,1857.96,0.00,0.00,0.00,0.00,0.00,0.00,0.00,0.00,Sydney_Tokyo_Overlap,NO,2020.12.16 04:45:00,1970.01.01 00:00:00,0.00,12345,M15,REJECTED,H4 EMA Filter,0.00,0.00,NO,N/A,0.00,0.00,0.00,0.00,0,0,0,0,NO,0,NO,0,0,0,REJECTED
206,XAUUSD,BUY,BoS_2,EXPERT_CLOSE,1866.77,1891.96,1864.18,1903.06,300.24,4.68,0.00,0.00,300.24,Sydney_Tokyo_Overlap,NO,2020.12.17 06:30:01,2020.12.17 16:39:57,0.12,12345,M15,EXECUTED,N/A,0.00,0.00,YES,DISABLED,1841.88,1891.66,1864.18,1903.06,2489,2489,259,3629,YES,13,YES,1,2512,63,EXPERT_CLOSE
208,XAUUSD,BUY,CHoCH,EXPERT_CLOSE,1887.47,1882.51,1868.99,1912.64,-62.04,12.60,0.00,-1.51,-63.55,London_NewYork_Overlap,NO,2020.12.18 14:15:00,2020.12.21 01:05:00,0.12,12345,M15,EXECUTED,N/A,0.00,0.00,YES,DISABLED,1868.99,1912.64,1868.99,1912.64,1848,2517,1848,2517,NO,0,NO,0,211,983,EXPERT_CLOSE
210,XAUUSD,BUY,BoS_1,HIT_SL,1894.42,1881.21,1881.27,1919.68,-162.72,12.00,0.00,0.00,-162.72,Sydney_Tokyo_Overlap,NO,2020.12.21 03:15:00,2020.12.21 11:47:22,0.12,12345,M15,EXECUTED,N/A,0.00,0.00,YES,DISABLED,1869.22,1919.68,1881.27,1919.68,2520,2526,1315,2526,YES,7,NO,0,1228,1312,STOP_LOSS
0,XAUUSD,SELL,REJECTED,REJECTED,1868.83,0.00,0.00,0.00,0.00,0.00,0.00,0.00,0.00,London,NO,2020.12.21 12:15:00,1970.01.01 00:00:00,0.00,12345,M15,REJECTED,CHoCH H1 EMA200 Filter,0.00,0.00,NO,N/A,0.00,0.00,0.00,0.00,0,0,0,0,NO,0,NO,0,0,0,REJECTED
212,XAUUSD,BUY,CHoCH,HIT_SL,1887.11,1873.36,1873.41,1912.27,-169.92,10.32,0.00,0.00,-169.92,Sydney_Tokyo_Overlap,NO,2020.12.28 01:15:00,2020.12.28 13:41:54,0.12,12345,M15,EXECUTED,N/A,0.00,0.00,YES,DISABLED,1861.95,1912.27,1873.41,1912.27,2516,2516,1370,2516,YES,5,NO,0,1309,1358,STOP_LOSS
