Time,Session,IsActive,OpenPrice,HighPrice,LowPrice,ClosePrice,BarsCount,SessionRangePoints
2021.01.04 01:05:00,Asia,NO,1909.07,1925.25,1907.72,1922.66,16666,1753
2021.01.04 08:00:00,London,NO,1921.66,1935.14,1921.47,1933.57,14841,1367
2021.01.04 13:00:00,London_NewYork_Overlap,NO,1933.57,1943.69,1929.82,1941.36,13334,1387
2021.01.04 17:00:00,NewYork,NO,1941.36,1944.43,1929.39,1942.50,16761,1504
2021.01.04 22:00:00,Asia,NO,1942.50,1945.58,1934.31,1939.70,19544,1127
2021.01.05 08:00:00,London,NO,1938.51,1948.27,1937.00,1946.88,15096,1127
2021.01.05 13:00:00,London_NewYork_Overlap,NO,1946.88,1952.48,1941.54,1943.83,13957,1094
2021.01.05 17:00:00,NewYork,NO,1943.83,1953.09,1939.06,1951.31,14906,1403
2021.01.05 22:00:00,Asia,NO,1951.31,1955.33,1941.41,1944.65,21071,1392
2021.01.06 08:00:00,London,NO,1943.85,1959.26,1943.22,1956.63,16535,1604
2021.01.06 13:00:00,London_NewYork_Overlap,NO,1956.63,1957.83,1925.46,1932.40,14276,3237
2021.01.06 17:00:00,NewYork,NO,1932.40,1933.78,1900.84,1918.40,17373,3294
2021.01.06 22:00:00,Asia,NO,1918.40,1924.62,1914.73,1917.79,21856,989
2021.01.07 08:00:00,London,NO,1920.81,1927.62,1908.80,1911.98,16069,1882
2021.01.07 13:00:00,London_NewYork_Overlap,NO,1911.98,1921.10,1906.82,1909.08,13842,1428
2021.01.07 17:00:00,NewYork,NO,1909.08,1918.13,1908.77,1917.04,15991,936
2021.01.07 22:00:00,Asia,NO,1917.04,1918.06,1906.50,1909.33,18006,1156
2021.01.08 08:00:00,London,NO,1908.18,1911.65,1877.80,1891.04,16452,3385
2021.01.08 13:00:00,London_NewYork_Overlap,NO,1891.04,1894.53,1857.99,1864.97,13300,3654
2021.01.08 17:00:00,NewYork,NO,1864.97,1866.53,1828.34,1846.53,17963,3819
2021.01.08 22:00:00,Asia,NO,1846.53,1855.59,1817.11,1834.13,24392,3848
2021.01.11 08:00:00,London,NO,1840.59,1855.30,1838.98,1852.00,17452,1632
2021.01.11 13:00:00,London_NewYork_Overlap,NO,1852.00,1852.40,1829.06,1842.25,13596,2334
2021.01.11 17:00:00,NewYork,NO,1842.25,1851.69,1840.66,1847.03,15942,1103
2021.01.11 22:00:00,Asia,NO,1847.03,1852.01,1841.27,1850.70,18202,1074
2021.01.12 08:00:00,London,NO,1858.15,1863.77,1853.81,1859.89,15705,996
2021.01.12 13:00:00,London_NewYork_Overlap,NO,1859.89,1862.72,1836.70,1841.48,13394,2602
2021.01.12 17:00:00,NewYork,NO,1841.48,1857.26,1837.61,1854.20,17180,1965
2021.01.12 22:00:00,Asia,NO,1854.20,1862.94,1852.31,1859.71,17239,1063
2021.01.13 08:00:00,London,NO,1858.44,1862.67,1849.31,1854.36,15310,1336
2021.01.13 13:00:00,London_NewYork_Overlap,NO,1854.36,1861.19,1849.65,1858.49,13130,1154
2021.01.13 17:00:00,NewYork,NO,1858.49,1860.36,1852.86,1853.53,14615,750
2021.01.13 22:00:00,Asia,NO,1853.53,1854.12,1831.01,1840.22,18278,2311
2021.01.14 08:00:00,London,NO,1844.42,1845.27,1836.13,1838.85,15262,914
2021.01.14 13:00:00,London_NewYork_Overlap,NO,1838.85,1852.17,1836.72,1844.83,12882,1545
2021.01.14 17:00:00,NewYork,NO,1844.83,1857.42,1841.32,1844.36,16091,1610
2021.01.14 22:00:00,Asia,NO,1844.36,1855.58,1844.32,1853.30,15972,1126
2021.01.15 08:00:00,London,NO,1849.92,1856.83,1846.74,1853.97,15564,1009
2021.01.15 13:00:00,London_NewYork_Overlap,NO,1853.97,1854.73,1836.57,1839.35,13864,1816
2021.01.15 17:00:00,NewYork,NO,1839.35,1841.52,1823.40,1828.49,17893,1812
2021.01.15 22:00:00,Asia,NO,1828.49,1832.36,1810.29,1828.83,23383,2207
2021.01.18 08:00:00,London,NO,1838.52,1840.70,1829.97,1832.68,16712,1073
2021.01.18 13:00:00,London_NewYork_Overlap,NO,1832.68,1838.33,1829.62,1833.75,13837,871
2021.01.18 17:00:00,NewYork,NO,1833.75,1839.29,1832.92,1838.41,9077,637
2021.01.19 01:05:00,Asia,NO,1838.41,1843.62,1835.97,1839.64,16189,765
2021.01.19 08:00:00,London,NO,1837.73,1845.49,1836.63,1844.67,16810,886
2021.01.19 13:00:00,London_NewYork_Overlap,NO,1844.67,1845.26,1833.14,1835.87,13896,1212
2021.01.19 17:00:00,NewYork,NO,1835.87,1843.44,1833.45,1839.19,16554,999
2021.01.19 22:00:00,Asia,NO,1839.19,1850.83,1838.50,1849.50,18835,1233
2021.01.20 08:00:00,London,NO,1851.31,1857.37,1850.46,1853.72,16978,691
2021.01.20 13:00:00,London_NewYork_Overlap,NO,1853.72,1864.82,1832.52,1855.47,14067,3230
2021.01.20 17:00:00,NewYork,NO,1855.47,1870.30,1854.68,1868.13,17031,1562
2021.01.20 22:00:00,Asia,NO,1868.13,1872.70,1867.00,1871.05,19988,570
2021.01.21 08:00:00,London,NO,1874.22,1875.01,1866.20,1870.15,17283,881
2021.01.21 13:00:00,London_NewYork_Overlap,NO,1870.15,1872.44,1858.32,1864.22,14016,1412
2021.01.21 17:00:00,NewYork,NO,1864.22,1869.69,1860.75,1869.30,17150,894
2021.01.21 22:00:00,Asia,NO,1869.30,1871.49,1859.94,1864.09,20429,1155
2021.01.22 08:00:00,London,NO,1862.56,1863.93,1850.11,1852.00,17583,1382
2021.01.22 13:00:00,London_NewYork_Overlap,NO,1852.00,1852.59,1837.42,1850.40,14388,1517
2021.01.22 17:00:00,NewYork,NO,1850.40,1858.36,1850.40,1855.69,16932,796
2021.01.22 22:00:00,Asia,NO,1855.69,1860.01,1852.51,1854.39,19811,750
2021.01.25 08:00:00,London,NO,1853.31,1863.39,1849.64,1862.71,17630,1375
2021.01.25 13:00:00,London_NewYork_Overlap,NO,1862.71,1867.90,1855.04,1855.89,14310,1286
2021.01.25 17:00:00,NewYork,NO,1855.89,1859.11,1847.12,1854.98,17254,1199
2021.01.25 22:00:00,Asia,NO,1854.98,1861.73,1853.21,1856.42,20079,852
2021.01.26 08:00:00,London,NO,1857.28,1857.36,1848.44,1849.34,17363,892
2021.01.26 13:00:00,London_NewYork_Overlap,NO,1849.34,1860.10,1848.90,1856.34,13946,1120
2021.01.26 17:00:00,NewYork,NO,1856.34,1858.07,1849.56,1851.68,16662,851
2021.01.26 22:00:00,Asia,NO,1851.68,1852.98,1843.28,1847.51,19307,970
2021.01.27 08:00:00,London,NO,1851.09,1853.11,1844.36,1846.69,16492,875
2021.01.27 13:00:00,London_NewYork_Overlap,NO,1846.69,1846.71,1831.40,1837.16,14363,1531
2021.01.27 17:00:00,NewYork,NO,1837.16,1850.59,1834.91,1841.65,17783,1568
2021.01.27 22:00:00,Asia,NO,1841.65,1845.11,1834.05,1837.16,24542,1106
2021.01.28 08:00:00,London,NO,1836.92,1843.36,1834.12,1841.68,17720,924
2021.01.28 13:00:00,London_NewYork_Overlap,NO,1841.68,1863.39,1837.67,1854.74,14164,2572
2021.01.28 17:00:00,NewYork,NO,1854.74,1863.93,1835.09,1843.88,17973,2884
2021.01.28 22:00:00,Asia,NO,1843.88,1845.33,1839.60,1842.94,25356,573
2021.01.29 08:00:00,London,NO,1845.92,1860.09,1842.36,1857.49,17898,1773
2021.01.29 13:00:00,London_NewYork_Overlap,NO,1857.49,1875.67,1852.61,1865.06,14398,2306
2021.01.29 17:00:00,NewYork,NO,1865.06,1866.22,1847.84,1850.06,17993,1838
2021.01.29 22:00:00,Asia,NO,1850.06,1863.90,1841.54,1860.38,26338,2236
2021.02.01 08:00:00,London,NO,1859.75,1871.74,1856.48,1859.97,17995,1526
2021.02.01 13:00:00,London_NewYork_Overlap,NO,1859.97,1869.52,1857.82,1863.59,14387,1170
2021.02.01 17:00:00,NewYork,NO,1863.59,1868.14,1856.71,1859.61,17956,1143
2021.02.01 22:00:00,Asia,NO,1859.61,1864.03,1852.80,1854.04,25760,1123
2021.02.02 08:00:00,London,NO,1856.36,1857.20,1844.84,1849.41,17934,1236
2021.02.02 13:00:00,London_NewYork_Overlap,NO,1849.41,1850.02,1829.56,1834.21,14338,2046
2021.02.02 17:00:00,NewYork,NO,1834.21,1839.77,1830.47,1836.75,17582,930
2021.02.02 22:00:00,Asia,NO,1836.75,1844.98,1834.59,1840.60,22421,1039
2021.02.03 08:00:00,London,NO,1839.11,1840.28,1832.64,1834.78,17653,764
2021.02.03 13:00:00,London_NewYork_Overlap,NO,1834.78,1842.30,1831.80,1835.33,14254,1050
2021.02.03 17:00:00,NewYork,NO,1835.33,1838.02,1829.81,1833.24,16757,821
2021.02.03 22:00:00,Asia,NO,1833.24,1834.74,1821.05,1822.27,22189,1369
2021.02.04 08:00:00,London,NO,1817.59,1827.21,1810.39,1811.83,17876,1682
2021.02.04 13:00:00,London_NewYork_Overlap,NO,1811.83,1819.56,1785.36,1785.78,14236,3420
2021.02.04 17:00:00,NewYork,NO,1785.78,1796.03,1784.93,1795.10,17755,1110
2021.02.04 22:00:00,Asia,NO,1795.10,1797.87,1791.98,1795.49,21029,589
2021.02.05 08:00:00,London,NO,1797.88,1811.22,1796.33,1807.46,16702,1489
2021.02.05 13:00:00,London_NewYork_Overlap,NO,1807.46,1808.03,1793.48,1802.78,13969,1455
2021.02.05 17:00:00,NewYork,NO,1802.78,1815.20,1802.39,1810.01,17568,1281
2021.02.05 22:00:00,Asia,NO,1810.01,1818.87,1808.41,1810.87,22337,1046
2021.02.08 08:00:00,London,NO,1812.96,1817.87,1807.77,1815.45,16926,1010
2021.02.08 13:00:00,London_NewYork_Overlap,NO,1815.45,1834.91,1815.44,1832.09,14325,1947
2021.02.08 17:00:00,NewYork,NO,1832.09,1839.19,1830.39,1832.18,17358,880
2021.02.08 22:00:00,Asia,NO,1832.18,1843.34,1828.83,1841.22,22231,1451
2021.02.09 08:00:00,London,NO,1840.02,1848.56,1838.19,1841.82,17659,1037
2021.02.09 13:00:00,London_NewYork_Overlap,NO,1841.82,1847.52,1832.23,1836.99,14020,1529
2021.02.09 17:00:00,NewYork,NO,1836.99,1845.76,1834.35,1837.50,17494,1141
2021.02.09 22:00:00,Asia,NO,1837.50,1845.22,1834.05,1843.84,19556,1117
2021.02.10 08:00:00,London,NO,1842.77,1846.96,1839.11,1841.59,16725,785
2021.02.10 13:00:00,London_NewYork_Overlap,NO,1841.59,1855.31,1837.72,1841.60,14003,1759
2021.02.10 17:00:00,NewYork,NO,1841.60,1846.24,1834.92,1843.03,17552,1132
2021.02.10 22:00:00,Asia,NO,1843.03,1844.24,1834.14,1835.91,18131,1010
2021.02.11 08:00:00,London,NO,1836.92,1845.84,1836.37,1840.53,15527,947
2021.02.11 13:00:00,London_NewYork_Overlap,NO,1840.53,1847.54,1838.80,1842.46,13292,874
2021.02.11 17:00:00,NewYork,NO,1842.46,1842.75,1821.20,1824.43,17896,2155
2021.02.11 22:00:00,Asia,NO,1824.43,1827.90,1819.39,1822.61,16448,851
2021.02.12 08:00:00,London,NO,1823.97,1824.04,1812.48,1820.54,16511,1156
2021.02.12 13:00:00,London_NewYork_Overlap,NO,1820.54,1820.71,1810.53,1814.71,14044,1018
2021.02.12 17:00:00,NewYork,NO,1814.71,1830.63,1814.25,1819.30,17437,1638
2021.02.12 22:00:00,Asia,NO,1819.30,1827.02,1817.44,1822.67,19882,958
2021.02.15 08:00:00,London,NO,1824.95,1825.12,1816.11,1818.49,16382,901
2021.02.15 13:00:00,London_NewYork_Overlap,NO,1818.49,1824.33,1816.08,1818.50,13541,825
2021.02.15 17:00:00,NewYork,NO,1818.50,1820.83,1816.47,1819.62,8460,436
2021.02.16 01:05:00,Asia,NO,1819.62,1826.42,1817.50,1824.55,16025,892
2021.02.16 08:00:00,London,NO,1821.17,1825.62,1818.90,1822.85,17423,672
2021.02.16 13:00:00,London_NewYork_Overlap,NO,1822.85,1823.66,1789.48,1791.62,14340,3418
2021.02.16 17:00:00,NewYork,NO,1791.62,1814.26,1790.91,1795.28,17834,2335
2021.02.16 22:00:00,Asia,NO,1795.28,1796.30,1786.66,1792.91,23909,964
2021.02.17 08:00:00,London,NO,1792.11,1793.98,1783.70,1789.33,17710,1028
2021.02.17 13:00:00,London_NewYork_Overlap,NO,1789.33,1793.41,1774.12,1781.53,14260,1929
2021.02.17 17:00:00,NewYork,NO,1781.53,1782.58,1769.47,1771.93,17921,1311
2021.02.17 22:00:00,Asia,NO,1771.93,1785.83,1771.77,1782.66,23252,1406
2021.02.18 08:00:00,London,NO,1783.83,1788.99,1778.87,1784.99,17702,1012
2021.02.18 13:00:00,London_NewYork_Overlap,NO,1784.99,1789.58,1773.12,1775.75,14339,1646
2021.02.18 17:00:00,NewYork,NO,1775.75,1780.10,1768.43,1775.36,17587,1167
2021.02.18 22:00:00,Asia,NO,1775.36,1776.98,1760.64,1767.91,24331,1634
2021.02.19 08:00:00,London,NO,1772.56,1777.61,1769.10,1772.12,17830,851
2021.02.19 13:00:00,London_NewYork_Overlap,NO,1772.12,1791.63,1767.87,1786.91,14301,2376
2021.02.19 17:00:00,NewYork,NO,1786.91,1787.88,1777.38,1780.23,17883,1050
2021.02.19 22:00:00,Asia,NO,1780.23,1789.71,1779.56,1784.83,24847,1015
2021.02.22 08:00:00,London,NO,1789.41,1799.22,1788.82,1796.16,17915,1040
2021.02.22 13:00:00,London_NewYork_Overlap,NO,1796.16,1808.33,1793.51,1804.72,14306,1482
2021.02.22 17:00:00,NewYork,NO,1804.72,1812.67,1803.29,1808.12,17860,938
2021.02.22 22:00:00,Asia,NO,1808.12,1816.00,1806.23,1812.68,23132,977
2021.02.23 08:00:00,London,NO,1812.68,1814.66,1803.64,1805.77,17937,1102
2021.02.23 13:00:00,London_NewYork_Overlap,NO,1805.77,1812.81,1795.60,1801.54,14303,1721
2021.02.23 17:00:00,NewYork,NO,1801.54,1810.85,1799.18,1803.71,17885,1167
2021.02.23 22:00:00,Asia,NO,1803.71,1813.93,1803.67,1809.21,24276,1026
2021.02.24 08:00:00,London,NO,1809.55,1809.85,1803.09,1807.06,17847,676
2021.02.24 13:00:00,London_NewYork_Overlap,NO,1807.06,1810.20,1783.63,1785.62,14304,2657
2021.02.24 17:00:00,NewYork,NO,1785.62,1804.41,1783.69,1797.30,17908,2072
2021.02.24 22:00:00,Asia,NO,1797.30,1805.35,1793.92,1797.92,23990,1143
2021.02.25 08:00:00,London,NO,1800.67,1801.23,1787.37,1794.79,17978,1386
2021.02.25 13:00:00,London_NewYork_Overlap,NO,1794.79,1795.24,1778.37,1781.52,14397,1687
2021.02.25 17:00:00,NewYork,NO,1781.52,1783.06,1765.32,1773.34,17980,1774
2021.02.25 22:00:00,Asia,NO,1773.34,1775.74,1765.27,1767.86,27778,1047
2021.02.26 08:00:00,London,NO,1760.59,1770.09,1755.35,1764.54,17998,1474
2021.02.26 13:00:00,London_NewYork_Overlap,NO,1764.54,1767.10,1744.96,1745.05,14400,2214
2021.02.26 17:00:00,NewYork,NO,1745.05,1745.90,1717.18,1727.21,17938,2872
2021.02.26 22:00:00,Asia,NO,1727.21,1751.67,1726.63,1749.85,26689,2504
2021.03.01 08:00:00,London,NO,1750.69,1759.86,1743.67,1745.63,17925,1619
2021.03.01 13:00:00,London_NewYork_Overlap,NO,1745.63,1747.47,1730.82,1734.71,14365,1665
2021.03.01 17:00:00,NewYork,NO,1734.71,1742.56,1720.48,1724.44,17980,2208
2021.03.01 22:00:00,Asia,NO,1724.44,1728.47,1707.20,1713.44,26215,2127
2021.03.02 08:00:00,London,NO,1714.82,1730.90,1713.55,1727.83,17905,1735
2021.03.02 13:00:00,London_NewYork_Overlap,NO,1727.83,1736.22,1721.38,1725.81,14378,1484
2021.03.02 17:00:00,NewYork,NO,1725.81,1738.45,1720.33,1734.76,17896,1812
2021.03.02 22:00:00,Asia,NO,1734.76,1740.49,1729.99,1735.23,23379,1050
2021.03.03 08:00:00,London,NO,1733.13,1735.91,1723.92,1726.56,17894,1199
2021.03.03 13:00:00,London_NewYork_Overlap,NO,1726.56,1726.69,1708.41,1711.42,14355,1828
2021.03.03 17:00:00,NewYork,NO,1711.42,1725.07,1701.93,1715.67,17957,2314
2021.03.03 22:00:00,Asia,NO,1715.67,1717.15,1706.70,1715.00,25971,1045
2021.03.04 08:00:00,London,NO,1718.20,1721.29,1706.24,1715.36,17965,1505
2021.03.04 13:00:00,London_NewYork_Overlap,NO,1715.36,1723.17,1712.30,1714.68,14381,1087
2021.03.04 17:00:00,NewYork,NO,1714.68,1722.32,1690.56,1699.10,18000,3176
2021.03.04 22:00:00,Asia,NO,1699.10,1700.54,1687.34,1692.08,26544,1320
2021.03.05 08:00:00,London,NO,1697.00,1700.38,1690.99,1694.73,17923,939
2021.03.05 13:00:00,London_NewYork_Overlap,NO,1694.73,1707.56,1687.30,1694.52,14330,2026
2021.03.05 17:00:00,NewYork,NO,1694.52,1705.18,1694.38,1699.15,17955,1080
2021.03.05 22:00:00,Asia,NO,1699.15,1714.27,1697.61,1707.77,25118,1666
2021.03.08 08:00:00,London,NO,1707.67,1709.22,1689.75,1692.64,17872,1947
2021.03.08 13:00:00,London_NewYork_Overlap,NO,1692.64,1696.52,1684.77,1686.90,14379,1175
2021.03.08 17:00:00,NewYork,NO,1686.90,1690.91,1676.85,1685.10,17874,1406
2021.03.08 22:00:00,Asia,NO,1685.10,1691.51,1680.12,1687.52,24655,1139
2021.03.09 08:00:00,London,NO,1688.88,1705.02,1688.25,1702.77,17764,1677
2021.03.09 13:00:00,London_NewYork_Overlap,NO,1702.77,1720.56,1701.72,1717.74,14384,1884
2021.03.09 17:00:00,NewYork,NO,1717.74,1719.67,1711.79,1717.09,17524,788
2021.03.09 22:00:00,Asia,NO,1717.09,1719.57,1710.82,1713.13,22953,875
2021.03.10 08:00:00,London,NO,1712.85,1716.67,1709.72,1711.24,17673,695
2021.03.10 13:00:00,London_NewYork_Overlap,NO,1711.24,1723.65,1708.20,1718.47,14312,1545
2021.03.10 17:00:00,NewYork,NO,1718.47,1726.01,1714.38,1723.97,17782,1163
2021.03.10 22:00:00,Asia,NO,1723.97,1734.66,1723.22,1732.26,22228,1144
2021.03.11 08:00:00,London,NO,1735.56,1739.81,1731.44,1735.98,17684,837
2021.03.11 13:00:00,London_NewYork_Overlap,NO,1735.98,1737.20,1719.30,1722.81,14316,1790
2021.03.11 17:00:00,NewYork,NO,1722.81,1728.32,1719.75,1724.71,17789,857
2021.03.11 22:00:00,Asia,NO,1724.71,1727.94,1716.85,1718.82,21776,1109
2021.03.12 08:00:00,London,NO,1718.14,1718.24,1699.21,1703.41,17941,1903
2021.03.12 13:00:00,London_NewYork_Overlap,NO,1703.41,1708.12,1699.52,1706.24,14322,860
2021.03.12 17:00:00,NewYork,NO,1706.24,1725.28,1702.05,1722.45,17710,2323
2021.03.12 22:00:00,Asia,NO,1722.45,1734.01,1721.27,1726.73,24816,1274
2021.03.15 08:00:00,London,NO,1723.97,1732.62,1722.16,1729.15,17453,1046
2021.03.15 13:00:00,London_NewYork_Overlap,NO,1729.15,1734.52,1723.43,1723.94,14339,1109
2021.03.15 17:00:00,NewYork,NO,1723.94,1732.11,1722.89,1730.96,16863,922
2021.03.15 22:00:00,Asia,NO,1730.96,1735.00,1729.57,1734.16,18130,543
2021.03.16 08:00:00,London,NO,1736.25,1736.74,1726.27,1734.22,17337,1047
2021.03.16 13:00:00,London_NewYork_Overlap,NO,1734.22,1741.18,1730.37,1734.00,14037,1081
2021.03.16 17:00:00,NewYork,NO,1734.00,1735.24,1726.80,1732.56,17742,844
2021.03.16 22:00:00,Asia,NO,1732.56,1737.61,1729.64,1736.79,20417,797
2021.03.17 08:00:00,London,NO,1735.37,1737.99,1733.43,1735.13,16668,456
2021.03.17 13:00:00,London_NewYork_Overlap,NO,1735.13,1735.30,1724.19,1732.01,14381,1111
2021.03.17 17:00:00,NewYork,NO,1732.01,1751.62,1725.89,1745.12,17475,2573
2021.03.17 22:00:00,Asia,NO,1745.12,1755.46,1743.76,1749.97,22394,1170
2021.03.18 08:00:00,London,NO,1749.97,1752.91,1732.71,1734.17,17697,2020
2021.03.18 13:00:00,London_NewYork_Overlap,NO,1734.17,1736.07,1719.25,1728.38,14386,1682
2021.03.18 17:00:00,NewYork,NO,1728.38,1737.24,1726.67,1734.71,17931,1057
2021.03.18 22:00:00,Asia,NO,1734.71,1737.74,1728.50,1734.16,23134,924
2021.03.19 08:00:00,London,NO,1734.60,1745.40,1734.17,1736.90,17758,1123
2021.03.19 13:00:00,London_NewYork_Overlap,NO,1736.90,1743.75,1733.33,1735.58,14285,1042
2021.03.19 17:00:00,NewYork,NO,1735.58,1744.19,1734.47,1742.59,17273,972
2021.03.19 22:00:00,Asia,NO,1742.59,1746.72,1732.58,1742.53,21908,1414
2021.03.22 08:00:00,London,NO,1737.00,1737.90,1727.42,1733.40,17757,1048
2021.03.22 13:00:00,London_NewYork_Overlap,NO,1733.40,1739.04,1730.58,1737.97,14359,846
2021.03.22 17:00:00,NewYork,NO,1737.97,1741.09,1733.73,1739.54,16505,736
2021.03.22 22:00:00,Asia,NO,1739.54,1740.49,1731.06,1735.77,19562,943
2021.03.23 08:00:00,London,NO,1737.71,1742.58,1736.26,1740.35,17486,632
2021.03.23 13:00:00,London_NewYork_Overlap,NO,1740.35,1741.96,1725.74,1729.93,14351,1622
2021.03.23 17:00:00,NewYork,NO,1729.93,1730.37,1724.69,1727.19,17824,568
2021.03.23 22:00:00,Asia,NO,1727.19,1734.45,1723.80,1733.42,19809,1065
2021.03.24 08:00:00,London,NO,1731.25,1735.90,1727.16,1731.26,17551,874
2021.03.24 13:00:00,London_NewYork_Overlap,NO,1731.26,1733.97,1728.40,1732.50,14163,557
2021.03.24 17:00:00,NewYork,NO,1732.50,1738.45,1729.28,1733.02,17284,917
2021.03.24 22:00:00,Asia,NO,1733.02,1739.17,1731.93,1735.75,18157,724
2021.03.25 08:00:00,London,NO,1734.02,1735.52,1729.91,1731.44,16440,561
2021.03.25 13:00:00,London_NewYork_Overlap,NO,1731.44,1745.43,1724.98,1736.91,14331,2045
2021.03.25 17:00:00,NewYork,NO,1736.91,1737.47,1721.81,1726.78,17821,1566
2021.03.25 22:00:00,Asia,NO,1726.78,1729.79,1723.31,1726.32,19573,648
2021.03.26 08:00:00,London,NO,1727.96,1732.00,1725.13,1725.77,17257,687
2021.03.26 13:00:00,London_NewYork_Overlap,NO,1725.77,1732.37,1721.64,1731.14,14235,1073
2021.03.26 17:00:00,NewYork,NO,1731.14,1736.65,1730.20,1731.80,16612,645
2021.03.26 22:00:00,Asia,NO,1731.80,1732.84,1726.40,1729.40,15561,644
2021.03.29 08:00:00,London,NO,1727.86,1729.18,1723.80,1724.69,16868,538
2021.03.29 13:00:00,London_NewYork_Overlap,NO,1724.69,1728.19,1706.05,1711.12,13046,2214
2021.03.29 17:00:00,NewYork,NO,1711.12,1715.83,1705.67,1710.58,17380,1016
2021.03.29 22:00:00,Asia,NO,1710.58,1714.36,1704.68,1707.38,19968,968
2021.03.30 08:00:00,London,NO,1707.81,1708.50,1695.45,1696.20,16995,1305
2021.03.30 13:00:00,London_NewYork_Overlap,NO,1696.20,1696.70,1678.77,1688.15,14298,1793
2021.03.30 17:00:00,NewYork,NO,1688.15,1688.15,1681.63,1681.67,17718,652
2021.03.30 22:00:00,Asia,NO,1681.67,1686.39,1677.87,1679.43,21799,852
2021.03.31 08:00:00,London,NO,1679.35,1688.79,1678.56,1685.77,17027,1023
2021.03.31 13:00:00,London_NewYork_Overlap,NO,1685.77,1697.88,1682.31,1697.24,14021,1557
2021.03.31 17:00:00,NewYork,NO,1697.24,1715.29,1693.78,1707.80,17673,2151
2021.03.31 22:00:00,Asia,NO,1707.80,1714.13,1705.76,1712.78,20804,837
2021.04.01 08:00:00,London,NO,1711.22,1719.82,1710.13,1714.81,17238,969
2021.04.01 13:00:00,London_NewYork_Overlap,NO,1714.81,1728.10,1710.46,1724.66,13770,1764
2021.04.01 17:00:00,NewYork,NO,1724.66,1730.06,1721.47,1726.74,17052,859
2021.04.01 22:00:00,Asia,NO,1726.74,1730.40,1724.42,1724.93,17171,598
2021.04.05 08:00:00,London,NO,1724.48,1728.45,1721.25,1725.70,12999,720
2021.04.05 13:00:00,London_NewYork_Overlap,NO,1725.70,1729.60,1721.88,1725.79,12939,772
2021.04.05 17:00:00,NewYork,NO,1725.79,1733.57,1725.06,1725.85,17069,851
2021.04.05 22:00:00,Asia,NO,1725.85,1735.40,1725.85,1733.44,18904,955
2021.04.06 08:00:00,London,NO,1735.73,1738.54,1727.81,1731.98,16765,1073
2021.04.06 13:00:00,London_NewYork_Overlap,NO,1731.98,1741.95,1731.03,1740.62,13937,1092
2021.04.06 17:00:00,NewYork,NO,1740.62,1745.47,1739.66,1743.38,16940,581
2021.04.06 22:00:00,Asia,NO,1743.38,1744.46,1735.86,1738.19,18115,860
2021.04.07 08:00:00,London,NO,1739.10,1742.31,1736.21,1737.77,16329,610
2021.04.07 13:00:00,London_NewYork_Overlap,NO,1737.77,1740.05,1730.57,1739.93,14121,948
2021.04.07 17:00:00,NewYork,NO,1739.93,1743.20,1737.14,1739.14,16174,606
2021.04.07 22:00:00,Asia,NO,1739.14,1739.81,1733.14,1738.64,18263,667
2021.04.08 08:00:00,London,NO,1739.98,1747.61,1739.55,1743.26,16590,806
2021.04.08 13:00:00,London_NewYork_Overlap,NO,1743.26,1757.50,1743.25,1753.80,13882,1425
2021.04.08 17:00:00,NewYork,NO,1753.80,1758.66,1753.67,1754.99,16324,499
2021.04.08 22:00:00,Asia,NO,1754.99,1757.67,1751.41,1753.23,17290,626
2021.04.09 08:00:00,London,NO,1752.19,1752.69,1744.01,1745.85,16647,868
2021.04.09 13:00:00,London_NewYork_Overlap,NO,1745.85,1748.90,1731.29,1739.69,13995,1761
2021.04.09 17:00:00,NewYork,NO,1739.69,1746.81,1739.39,1743.15,16623,742
2021.04.09 22:00:00,Asia,NO,1743.15,1743.76,1736.73,1738.69,19087,703
2021.04.12 08:00:00,London,NO,1738.50,1743.28,1735.21,1741.47,16623,807
2021.04.12 13:00:00,London_NewYork_Overlap,NO,1741.47,1744.98,1732.14,1733.47,13747,1284
2021.04.12 17:00:00,NewYork,NO,1733.47,1736.53,1727.51,1730.41,17406,902
2021.04.12 22:00:00,Asia,NO,1730.41,1736.42,1728.04,1731.75,19453,838
2021.04.13 08:00:00,London,NO,1729.91,1730.70,1723.72,1726.40,16911,698
2021.04.13 13:00:00,London_NewYork_Overlap,NO,1726.40,1748.92,1724.61,1748.04,14073,2431
2021.04.13 17:00:00,NewYork,NO,1748.04,1748.67,1740.27,1745.23,17123,840
2021.04.13 22:00:00,Asia,NO,1745.23,1749.29,1743.55,1743.90,18972,574
2021.04.14 08:00:00,London,NO,1742.90,1748.69,1740.79,1743.27,17250,790
2021.04.14 13:00:00,London_NewYork_Overlap,NO,1743.27,1747.07,1734.00,1736.53,13922,1307
2021.04.14 17:00:00,NewYork,NO,1736.53,1740.49,1732.60,1736.20,16383,789
2021.04.14 22:00:00,Asia,NO,1736.20,1740.44,1734.35,1738.44,16843,609
2021.04.15 08:00:00,London,NO,1739.81,1749.18,1739.81,1747.32,16147,937
2021.04.15 13:00:00,London_NewYork_Overlap,NO,1747.32,1756.63,1744.57,1754.49,13153,1206
2021.04.15 17:00:00,NewYork,NO,1754.49,1769.67,1754.49,1766.94,16752,1518
2021.04.15 22:00:00,Asia,NO,1766.94,1767.14,1759.72,1763.25,18163,742
2021.04.16 08:00:00,London,NO,1764.86,1771.23,1761.51,1771.04,16020,972
2021.04.16 13:00:00,London_NewYork_Overlap,NO,1771.04,1783.79,1770.26,1772.62,14253,1353
2021.04.16 17:00:00,NewYork,NO,1772.62,1780.66,1772.62,1778.13,15685,804
2021.04.16 22:00:00,Asia,NO,1778.13,1783.58,1773.18,1777.34,17970,1040
2021.04.19 08:00:00,London,NO,1777.93,1789.91,1775.33,1788.52,16141,1458
2021.04.19 13:00:00,London_NewYork_Overlap,NO,1788.52,1790.02,1766.80,1773.64,14085,2322
2021.04.19 17:00:00,NewYork,NO,1773.64,1776.77,1768.95,1771.49,15241,782
2021.04.19 22:00:00,Asia,NO,1771.49,1775.61,1765.62,1773.31,17162,999
2021.04.20 08:00:00,London,NO,1772.37,1774.28,1763.53,1770.12,16901,1075
2021.04.20 13:00:00,London_NewYork_Overlap,NO,1770.12,1775.57,1766.04,1773.54,14186,953
2021.04.20 17:00:00,NewYork,NO,1773.54,1780.41,1773.03,1777.83,16133,738
2021.04.20 22:00:00,Asia,NO,1777.83,1784.68,1776.24,1782.02,17372,844
2021.04.21 08:00:00,London,NO,1781.12,1788.35,1777.83,1779.25,16725,1052
2021.04.21 13:00:00,London_NewYork_Overlap,NO,1779.25,1797.59,1777.72,1795.82,13788,1987
2021.04.21 17:00:00,NewYork,NO,1795.82,1797.58,1789.26,1793.07,16638,832
2021.04.21 22:00:00,Asia,NO,1793.07,1797.88,1792.33,1793.45,15610,555
2021.04.22 08:00:00,London,NO,1793.37,1794.71,1785.66,1787.30,16201,905
2021.04.22 13:00:00,London_NewYork_Overlap,NO,1787.30,1789.91,1779.33,1787.02,13107,1058
2021.04.22 17:00:00,NewYork,NO,1787.02,1788.14,1777.46,1782.55,17512,1068
2021.04.22 22:00:00,Asia,NO,1782.55,1789.71,1781.38,1786.03,15292,833
2021.04.23 08:00:00,London,NO,1784.94,1787.22,1781.70,1786.36,16051,552
2021.04.23 13:00:00,London_NewYork_Overlap,NO,1786.36,1795.93,1781.07,1781.67,13534,1486
2021.04.23 17:00:00,NewYork,NO,1781.67,1782.47,1770.03,1776.69,16289,1244
2021.04.23 22:00:00,Asia,NO,1776.69,1782.94,1773.89,1781.11,17372,905
2021.04.26 08:00:00,London,NO,1780.29,1783.50,1774.94,1781.07,16539,856
2021.04.26 13:00:00,London_NewYork_Overlap,NO,1781.07,1782.20,1768.93,1776.07,13902,1327
2021.04.26 17:00:00,NewYork,NO,1776.07,1780.69,1772.71,1779.70,14847,798
2021.04.26 22:00:00,Asia,NO,1779.70,1784.04,1773.76,1779.78,15361,1028
2021.04.27 08:00:00,London,NO,1781.47,1783.30,1776.07,1781.42,15582,723
2021.04.27 13:00:00,London_NewYork_Overlap,NO,1781.42,1785.55,1777.89,1783.05,13497,766
2021.04.27 17:00:00,NewYork,NO,1783.05,1784.51,1775.61,1776.76,16661,890
2021.04.27 22:00:00,Asia,NO,1776.76,1777.70,1766.46,1771.93,16933,1124
2021.04.28 08:00:00,London,NO,1771.10,1771.85,1763.50,1766.23,16575,835
2021.04.28 13:00:00,London_NewYork_Overlap,NO,1766.23,1773.97,1762.62,1773.78,13445,1135
2021.04.28 17:00:00,NewYork,NO,1773.78,1782.44,1770.47,1781.82,16108,1197
2021.04.28 22:00:00,Asia,NO,1781.82,1789.98,1779.08,1784.62,18167,1090
2021.04.29 08:00:00,London,NO,1785.19,1785.96,1774.59,1774.84,16190,1137
2021.04.29 13:00:00,London_NewYork_Overlap,NO,1774.84,1781.41,1757.18,1757.78,14136,2423
2021.04.29 17:00:00,NewYork,NO,1757.78,1774.20,1756.22,1773.36,16568,1798
2021.04.29 22:00:00,Asia,NO,1773.36,1774.87,1765.42,1766.29,17217,945
2021.04.30 08:00:00,London,NO,1768.75,1773.20,1766.91,1767.40,15715,629
2021.04.30 13:00:00,London_NewYork_Overlap,NO,1767.40,1772.47,1765.56,1769.06,13795,691
2021.04.30 17:00:00,NewYork,NO,1769.06,1772.24,1764.26,1768.41,16574,798
2021.04.30 22:00:00,Asia,NO,1768.41,1775.65,1766.04,1774.81,14141,961
2021.05.03 08:00:00,London,NO,1774.12,1781.46,1772.29,1777.67,14644,917
2021.05.03 13:00:00,London_NewYork_Overlap,NO,1777.67,1792.89,1776.97,1792.21,13664,1592
2021.05.03 17:00:00,NewYork,NO,1792.21,1797.91,1790.52,1792.19,16835,739
2021.05.03 22:00:00,Asia,NO,1792.19,1793.39,1788.90,1789.69,14386,449
2021.05.04 08:00:00,London,NO,1788.75,1790.51,1782.78,1782.99,15705,773
2021.05.04 13:00:00,London_NewYork_Overlap,NO,1782.99,1795.05,1780.85,1794.88,14016,1420
2021.05.04 17:00:00,NewYork,NO,1794.88,1799.07,1771.05,1777.61,17306,2802
2021.05.04 22:00:00,Asia,NO,1777.61,1783.40,1775.97,1782.71,14338,743
2021.05.05 08:00:00,London,NO,1780.78,1780.91,1774.27,1778.43,15467,664
2021.05.05 13:00:00,London_NewYork_Overlap,NO,1778.43,1783.31,1770.51,1781.33,13403,1280
2021.05.05 17:00:00,NewYork,NO,1781.33,1785.71,1779.27,1784.60,15239,644
2021.05.05 22:00:00,Asia,NO,1784.60,1790.14,1782.03,1789.79,17498,811
2021.05.06 08:00:00,London,NO,1788.62,1795.72,1788.53,1793.47,16485,719
2021.05.06 13:00:00,London_NewYork_Overlap,NO,1793.47,1813.12,1788.29,1812.75,13522,2483
2021.05.06 17:00:00,NewYork,NO,1812.75,1818.09,1809.78,1813.96,16375,831
2021.05.06 22:00:00,Asia,NO,1813.96,1822.24,1812.85,1820.59,18005,939
2021.05.07 08:00:00,London,NO,1819.20,1823.15,1817.29,1820.26,16054,586
2021.05.07 13:00:00,London_NewYork_Overlap,NO,1820.26,1843.28,1817.11,1838.51,13377,2617
2021.05.07 17:00:00,NewYork,NO,1838.51,1842.19,1828.78,1830.87,17774,1341
2021.05.07 22:00:00,Asia,NO,1830.87,1836.83,1829.76,1832.61,20835,707
2021.05.10 08:00:00,London,NO,1834.09,1839.11,1833.46,1836.46,16466,565
2021.05.10 13:00:00,London_NewYork_Overlap,NO,1836.46,1845.49,1835.71,1840.36,13647,978
2021.05.10 17:00:00,NewYork,NO,1840.36,1842.83,1834.01,1836.06,17474,882
2021.05.10 22:00:00,Asia,NO,1836.06,1838.72,1831.34,1834.79,20517,738
2021.05.11 08:00:00,London,NO,1836.21,1838.62,1832.68,1838.40,16539,594
2021.05.11 13:00:00,London_NewYork_Overlap,NO,1838.40,1841.80,1818.11,1829.29,14140,2369
2021.05.11 17:00:00,NewYork,NO,1829.29,1836.12,1826.50,1835.60,17434,962
2021.05.11 22:00:00,Asia,NO,1835.60,1838.33,1825.97,1827.03,19078,1236
2021.05.12 08:00:00,London,NO,1830.01,1835.63,1828.58,1835.18,16282,705
2021.05.12 13:00:00,London_NewYork_Overlap,NO,1835.18,1843.62,1821.50,1833.50,13349,2212
2021.05.12 17:00:00,NewYork,NO,1833.50,1834.07,1819.13,1820.77,17984,1494
2021.05.12 22:00:00,Asia,NO,1820.77,1823.01,1813.24,1817.47,21498,977
2021.05.13 08:00:00,London,NO,1819.30,1822.35,1810.81,1811.37,17192,1154
2021.05.13 13:00:00,London_NewYork_Overlap,NO,1811.37,1822.42,1808.80,1821.98,14336,1362
2021.05.13 17:00:00,NewYork,NO,1821.98,1828.76,1819.64,1825.47,17764,912
2021.05.13 22:00:00,Asia,NO,1825.47,1828.32,1819.80,1822.43,18790,852
2021.05.14 08:00:00,London,NO,1823.67,1837.36,1822.47,1833.50,17042,1489
2021.05.14 13:00:00,London_NewYork_Overlap,NO,1833.50,1841.21,1832.97,1838.76,13300,824
2021.05.14 17:00:00,NewYork,NO,1838.76,1841.86,1834.76,1841.71,15608,710
2021.05.14 22:00:00,Asia,NO,1841.71,1853.03,1841.14,1851.31,18096,1189
2021.05.17 08:00:00,London,NO,1852.74,1855.44,1848.48,1850.03,16068,696
2021.05.17 13:00:00,London_NewYork_Overlap,NO,1850.03,1856.55,1844.04,1854.43,13706,1251
2021.05.17 17:00:00,NewYork,NO,1854.43,1868.41,1852.98,1866.91,16730,1543
2021.05.17 22:00:00,Asia,NO,1866.91,1873.83,1865.34,1868.18,17839,849
2021.05.18 08:00:00,London,NO,1868.04,1871.62,1867.33,1867.87,16004,429
2021.05.18 13:00:00,London_NewYork_Overlap,NO,1867.87,1875.03,1863.62,1863.94,13352,1141
2021.05.18 17:00:00,NewYork,NO,1863.94,1869.68,1863.23,1868.88,14224,645
2021.05.18 22:00:00,Asia,NO,1868.88,1871.51,1864.56,1868.57,16460,695
2021.05.19 08:00:00,London,NO,1867.99,1873.99,1857.84,1858.90,16571,1615
2021.05.19 13:00:00,London_NewYork_Overlap,NO,1858.90,1890.07,1852.23,1889.06,14377,3784
2021.05.19 17:00:00,NewYork,NO,1889.06,1889.72,1863.11,1863.23,17757,2661
2021.05.19 22:00:00,Asia,NO,1863.23,1877.57,1862.00,1875.74,21253,1557
2021.05.20 08:00:00,London,NO,1875.47,1879.08,1866.10,1867.76,17178,1298
2021.05.20 13:00:00,London_NewYork_Overlap,NO,1867.76,1878.52,1865.26,1877.12,14178,1326
2021.05.20 17:00:00,NewYork,NO,1877.12,1883.91,1873.36,1874.59,17739,1055
2021.05.20 22:00:00,Asia,NO,1874.59,1878.77,1870.42,1874.51,19916,835
2021.05.21 08:00:00,London,NO,1876.12,1880.17,1872.78,1878.23,16289,739
2021.05.21 13:00:00,London_NewYork_Overlap,NO,1878.23,1889.41,1875.40,1877.15,13997,1401
2021.05.21 17:00:00,NewYork,NO,1877.15,1879.93,1870.12,1879.34,17879,981
2021.05.21 22:00:00,Asia,NO,1879.34,1887.02,1878.93,1883.51,20111,809
2021.05.24 08:00:00,London,NO,1884.66,1886.32,1875.21,1881.27,17185,1111
2021.05.24 13:00:00,London_NewYork_Overlap,NO,1881.27,1886.24,1877.99,1880.93,14104,825
2021.05.24 17:00:00,NewYork,NO,1880.93,1885.47,1877.93,1883.21,16954,754
2021.05.24 22:00:00,Asia,NO,1883.21,1883.68,1872.71,1879.27,18650,1097
2021.05.25 08:00:00,London,NO,1879.57,1887.24,1873.31,1883.58,16731,1393
2021.05.25 13:00:00,London_NewYork_Overlap,NO,1883.58,1886.71,1879.90,1884.25,13712,681
2021.05.25 17:00:00,NewYork,NO,1884.25,1899.75,1884.25,1899.47,17148,1550
2021.05.25 22:00:00,Asia,NO,1899.47,1907.75,1897.07,1905.37,19270,1068
2021.05.26 08:00:00,London,NO,1906.57,1910.18,1900.56,1907.08,16816,962
2021.05.26 13:00:00,London_NewYork_Overlap,NO,1907.08,1912.73,1899.11,1899.19,13850,1362
2021.05.26 17:00:00,NewYork,NO,1899.19,1905.19,1890.78,1895.85,17869,1441
2021.05.26 22:00:00,Asia,NO,1895.85,1897.75,1892.21,1896.60,18837,554
2021.05.27 08:00:00,London,NO,1899.31,1903.67,1894.18,1896.59,16512,949
2021.05.27 13:00:00,London_NewYork_Overlap,NO,1896.59,1898.87,1888.28,1891.81,13873,1059
2021.05.27 17:00:00,NewYork,NO,1891.81,1898.18,1888.36,1897.75,17402,982
2021.05.27 22:00:00,Asia,NO,1897.75,1898.84,1893.00,1893.76,18713,584
2021.05.28 08:00:00,London,NO,1892.99,1894.76,1887.95,1892.60,16568,681
2021.05.28 13:00:00,London_NewYork_Overlap,NO,1892.60,1899.99,1882.27,1898.23,13942,1772
2021.05.28 17:00:00,NewYork,NO,1898.23,1903.44,1892.89,1901.45,17474,1055
2021.05.28 22:00:00,Asia,NO,1901.45,1910.65,1901.14,1908.44,19006,951
2021.05.31 08:00:00,London,NO,1906.80,1908.04,1903.56,1904.65,15524,448
2021.05.31 13:00:00,London_NewYork_Overlap,NO,1904.65,1906.44,1902.14,1906.18,10589,430
2021.05.31 17:00:00,NewYork,NO,1906.18,1906.93,1904.31,1907.26,8521,262
2021.06.01 01:05:00,Asia,NO,1907.26,1914.44,1906.19,1911.51,14066,825
2021.06.01 08:00:00,London,NO,1910.70,1916.58,1905.15,1905.61,16840,1143
2021.06.01 13:00:00,London_NewYork_Overlap,NO,1905.61,1911.97,1902.30,1903.81,14146,967
2021.06.01 17:00:00,NewYork,NO,1903.81,1908.97,1892.37,1900.84,16275,1660
2021.06.01 22:00:00,Asia,NO,1900.84,1902.26,1896.15,1897.92,18267,611
2021.06.02 08:00:00,London,NO,1896.26,1900.79,1895.16,1897.25,16407,563
2021.06.02 13:00:00,London_NewYork_Overlap,NO,1897.25,1908.74,1894.39,1903.22,13455,1435
2021.06.02 17:00:00,NewYork,NO,1903.22,1908.32,1900.59,1907.82,16061,773
2021.06.02 22:00:00,Asia,NO,1907.82,1909.64,1904.07,1905.05,14818,557
2021.06.03 08:00:00,London,NO,1903.70,1904.07,1890.74,1893.12,16662,1333
2021.06.03 13:00:00,London_NewYork_Overlap,NO,1893.12,1898.19,1865.38,1867.76,14313,3281
2021.06.03 17:00:00,NewYork,NO,1867.76,1874.04,1865.50,1872.29,17115,854
2021.06.03 22:00:00,Asia,NO,1872.29,1873.21,1855.60,1870.06,19355,1761
2021.06.04 08:00:00,London,NO,1868.34,1875.16,1865.63,1871.08,16630,953
2021.06.04 13:00:00,London_NewYork_Overlap,NO,1871.08,1891.78,1868.72,1891.34,14120,2306
2021.06.04 17:00:00,NewYork,NO,1891.34,1896.14,1888.31,1891.52,17152,783
2021.06.04 22:00:00,Asia,NO,1891.52,1892.17,1884.98,1887.31,15126,719
2021.06.07 08:00:00,London,NO,1885.90,1887.33,1881.58,1884.32,16045,575
2021.06.07 13:00:00,London_NewYork_Overlap,NO,1884.32,1891.08,1884.04,1888.73,13732,704
2021.06.07 17:00:00,NewYork,NO,1888.73,1899.92,1887.71,1898.89,15753,1221
2021.06.07 22:00:00,Asia,NO,1898.89,1903.39,1895.67,1896.05,16199,772
2021.06.08 08:00:00,London,NO,1897.09,1898.47,1889.70,1892.48,15557,877
2021.06.08 13:00:00,London_NewYork_Overlap,NO,1892.48,1903.67,1883.86,1887.93,13426,1981
2021.06.08 17:00:00,NewYork,NO,1887.93,1896.27,1887.03,1893.25,15229,924
2021.06.08 22:00:00,Asia,NO,1893.25,1896.30,1891.40,1894.50,14042,490
2021.06.09 08:00:00,London,NO,1893.89,1895.61,1887.35,1890.08,15132,826
2021.06.09 13:00:00,London_NewYork_Overlap,NO,1890.08,1898.93,1888.58,1894.57,13137,1035
2021.06.09 17:00:00,NewYork,NO,1894.57,1895.34,1887.97,1890.80,16458,737
2021.06.09 22:00:00,Asia,NO,1890.80,1891.17,1884.26,1887.37,15389,691
2021.06.10 08:00:00,London,NO,1885.47,1888.02,1876.50,1880.84,16142,1152
2021.06.10 13:00:00,London_NewYork_Overlap,NO,1880.84,1893.93,1869.91,1888.73,13610,2402
2021.06.10 17:00:00,NewYork,NO,1888.73,1896.12,1887.78,1895.98,15703,834
2021.06.10 22:00:00,Asia,NO,1895.98,1900.89,1895.61,1899.00,16671,528
2021.06.11 08:00:00,London,NO,1900.24,1903.02,1889.25,1892.62,16541,1377
2021.06.11 13:00:00,London_NewYork_Overlap,NO,1892.62,1895.17,1881.03,1881.06,13990,1414
2021.06.11 17:00:00,NewYork,NO,1881.06,1884.35,1874.46,1877.23,16184,989
2021.06.11 22:00:00,Asia,NO,1877.23,1877.62,1863.20,1865.48,17823,1442
2021.06.14 08:00:00,London,NO,1865.48,1866.18,1854.82,1858.34,16549,1136
2021.06.14 13:00:00,London_NewYork_Overlap,NO,1858.34,1866.74,1844.81,1864.46,13979,2193
2021.06.14 17:00:00,NewYork,NO,1864.46,1869.76,1862.47,1864.56,14316,729
2021.06.14 22:00:00,Asia,NO,1864.56,1867.84,1858.68,1863.51,14634,916
2021.06.15 08:00:00,London,NO,1864.43,1869.16,1862.22,1863.85,14754,694
2021.06.15 13:00:00,London_NewYork_Overlap,NO,1863.85,1868.10,1861.29,1865.15,8150,681
2021.06.15 17:00:00,NewYork,NO,1865.15,1865.45,1851.67,1857.49,16045,1378
2021.06.15 22:00:00,Asia,NO,1857.49,1860.77,1853.20,1857.95,16825,757
2021.06.16 08:00:00,London,NO,1859.97,1861.57,1857.05,1860.47,15151,452
2021.06.16 13:00:00,London_NewYork_Overlap,NO,1860.47,1860.57,1852.77,1856.48,11434,780
2021.06.16 17:17:00,NewYork,NO,1856.48,1862.84,1830.98,1835.11,14685,3186
2021.06.16 22:00:00,Asia,NO,1835.11,1840.27,1803.38,1822.28,25766,3689
2021.06.17 08:00:00,London,NO,1821.53,1821.57,1802.73,1806.04,17679,1884
2021.06.17 13:00:00,London_NewYork_Overlap,NO,1806.04,1806.44,1776.01,1783.09,14294,3043
2021.06.17 17:00:00,NewYork,NO,1783.09,1783.45,1767.35,1778.15,15426,1610
2021.06.17 22:32:00,Asia,NO,1778.15,1786.29,1769.64,1785.77,19297,1665
2021.06.18 08:00:00,London,NO,1784.49,1797.11,1782.07,1794.38,17743,1504
2021.06.18 13:00:00,London_NewYork_Overlap,NO,1794.38,1794.94,1773.86,1776.52,12440,2108
2021.06.18 18:18:00,NewYork,NO,1776.52,1778.73,1768.42,1770.73,13089,1031
2021.06.18 22:00:00,Asia,NO,1770.73,1776.79,1760.91,1774.51,23387,1588
2021.06.21 08:00:00,London,NO,1773.12,1785.81,1766.40,1783.93,17780,1941
2021.06.21 13:00:00,London_NewYork_Overlap,NO,1783.93,1784.78,1773.76,1775.26,14157,1102
2021.06.21 17:00:00,NewYork,NO,1775.26,1786.61,1773.42,1783.77,16050,1319
2021.06.21 22:00:00,Asia,NO,1783.77,1790.09,1782.51,1788.92,18327,758
2021.06.22 08:00:00,London,NO,1787.98,1788.05,1776.49,1779.90,17532,1156
2021.06.22 13:00:00,London_NewYork_Overlap,NO,1779.90,1787.45,1772.49,1775.79,14097,1496
2021.06.22 17:00:00,NewYork,NO,1775.79,1783.12,1774.32,1780.07,15976,880
2021.06.22 22:00:00,Asia,NO,1780.07,1783.88,1775.20,1781.74,16866,868
2021.06.23 08:00:00,London,NO,1781.97,1785.51,1777.59,1782.47,16600,792
2021.06.23 13:00:00,London_NewYork_Overlap,NO,1782.47,1794.67,1780.00,1794.33,13421,1467
2021.06.23 17:00:00,NewYork,NO,1794.33,1794.93,1777.29,1778.87,16528,1764
2021.06.23 22:00:00,Asia,NO,1778.87,1780.15,1773.34,1775.99,19342,681
2021.06.24 08:00:00,London,NO,1775.03,1782.39,1773.87,1781.49,16863,852
2021.06.24 13:00:00,London_NewYork_Overlap,NO,1781.49,1787.94,1780.23,1783.67,14021,771
2021.06.24 17:00:00,NewYork,NO,1783.67,1785.37,1774.51,1776.62,16126,1086
2021.06.24 22:00:00,Asia,NO,1776.62,1779.66,1773.59,1777.84,16267,607
2021.06.25 08:15:00,London,NO,1776.16,1784.83,1775.95,1782.56,14957,888
2021.06.25 13:00:00,London_NewYork_Overlap,NO,1782.56,1790.31,1781.33,1788.15,13027,898
2021.06.25 17:00:00,NewYork,NO,1788.15,1788.18,1776.31,1778.17,16520,1187
2021.06.25 22:00:00,Asia,NO,1778.17,1782.88,1770.71,1779.15,17052,1217
2021.06.28 08:00:00,London,NO,1780.74,1785.74,1774.16,1776.06,16447,1158
2021.06.28 13:00:00,London_NewYork_Overlap,NO,1776.06,1782.90,1773.44,1780.09,12697,946
2021.06.28 17:00:00,NewYork,NO,1780.09,1782.56,1777.05,1778.97,11889,551
2021.06.28 22:00:00,Asia,NO,1778.97,1779.53,1774.08,1775.17,10409,545
2021.06.29 08:00:00,London,NO,1774.51,1778.96,1767.46,1771.96,14419,1150
2021.06.29 13:00:00,London_NewYork_Overlap,NO,1771.96,1775.84,1750.70,1756.58,13015,2514
2021.06.29 17:00:00,NewYork,NO,1756.58,1765.75,1752.43,1763.86,13382,1332
2021.06.29 22:00:00,Asia,NO,1763.86,1764.64,1759.03,1761.09,11268,561
2021.06.30 08:00:00,London,NO,1758.99,1760.91,1753.33,1757.00,15277,758
2021.06.30 13:00:00,London_NewYork_Overlap,NO,1757.00,1762.35,1754.86,1760.24,13262,749
2021.06.30 17:00:00,NewYork,NO,1760.24,1774.39,1760.24,1769.34,14195,1415
2021.06.30 22:00:00,Asia,NO,1769.34,1776.25,1765.66,1776.04,12218,1059
2021.07.01 08:00:00,London,NO,1774.54,1779.02,1773.06,1775.62,14947,596
2021.07.01 13:00:00,London_NewYork_Overlap,NO,1775.62,1782.74,1772.38,1779.82,13133,1036
2021.07.01 17:00:00,NewYork,NO,1779.82,1782.76,1768.27,1774.86,12886,1449
2021.07.01 22:00:00,Asia,NO,1774.86,1779.76,1774.36,1778.84,10698,540
2021.07.02 08:00:00,London,NO,1777.96,1784.16,1774.33,1781.84,14105,983
2021.07.02 13:00:00,London_NewYork_Overlap,NO,1781.84,1795.03,1775.84,1785.49,12924,1919
2021.07.02 17:00:00,NewYork,NO,1785.49,1791.71,1778.20,1789.95,12602,1351
2021.07.02 22:00:00,Asia,NO,1789.95,1791.35,1784.47,1785.50,11989,688
2021.07.05 08:00:00,London,NO,1787.35,1794.30,1784.69,1791.38,12620,961
2021.07.05 13:00:00,London_NewYork_Overlap,NO,1791.38,1793.23,1789.17,1791.12,9200,406
2021.07.05 17:00:00,NewYork,NO,1791.12,1791.96,1789.90,1791.27,4332,206
2021.07.06 01:05:00,Asia,NO,1791.27,1799.74,1790.85,1797.34,10083,889
2021.07.06 08:00:00,London,NO,1800.80,1809.12,1800.12,1807.55,15229,900
2021.07.06 13:00:00,London_NewYork_Overlap,NO,1807.55,1814.96,1806.22,1810.63,12209,874
2021.07.06 17:00:00,NewYork,NO,1810.63,1812.52,1790.11,1796.66,16076,2241
2021.07.06 22:00:00,Asia,NO,1796.66,1802.92,1793.85,1801.07,14958,907
2021.07.07 08:00:00,London,NO,1797.90,1807.66,1797.38,1806.50,14624,1028
2021.07.07 13:00:00,London_NewYork_Overlap,NO,1806.50,1809.71,1800.73,1806.66,12049,898
2021.07.07 17:00:00,NewYork,NO,1806.66,1808.16,1797.04,1804.00,14956,1112
2021.07.07 22:00:00,Asia,NO,1804.00,1805.49,1796.38,1797.47,15667,911
2021.07.08 08:00:00,London,NO,1797.94,1815.12,1796.41,1812.90,16399,1871
2021.07.08 13:00:00,London_NewYork_Overlap,NO,1812.90,1818.33,1806.57,1808.47,14173,1176
2021.07.08 17:00:00,NewYork,NO,1808.47,1810.59,1793.83,1800.20,14870,1676
2021.07.08 22:00:00,Asia,NO,1800.20,1807.77,1796.59,1805.26,16386,1118
2021.07.09 08:00:00,London,NO,1801.27,1806.00,1796.38,1804.48,16892,962
2021.07.09 13:00:00,London_NewYork_Overlap,NO,1804.48,1805.20,1798.22,1803.86,13067,698
2021.07.09 17:00:00,NewYork,NO,1803.86,1812.33,1803.71,1812.12,11265,862
2021.07.09 22:00:00,Asia,NO,1812.12,1812.31,1802.22,1802.91,12831,1009
2021.07.12 08:00:00,London,NO,1803.00,1806.21,1798.90,1801.90,14108,731
2021.07.12 13:00:00,London_NewYork_Overlap,NO,1801.90,1805.09,1792.06,1792.32,12761,1303
2021.07.12 17:00:00,NewYork,NO,1792.32,1807.45,1791.65,1806.55,11026,1580
2021.07.12 22:00:00,Asia,NO,1806.55,1812.68,1805.15,1809.37,10472,753
2021.07.13 08:00:00,London,NO,1809.69,1812.30,1805.88,1808.31,13225,642
2021.07.13 13:00:00,London_NewYork_Overlap,NO,1808.31,1817.13,1798.66,1813.80,11494,1847
2021.07.13 17:00:00,NewYork,NO,1813.80,1814.84,1805.30,1807.53,14712,954
2021.07.13 22:00:00,Asia,NO,1807.53,1813.56,1804.55,1812.60,12766,901
2021.07.14 08:00:00,London,NO,1811.74,1815.35,1809.84,1814.06,14508,551
2021.07.14 13:00:00,London_NewYork_Overlap,NO,1814.06,1829.71,1813.26,1823.16,13050,1645
2021.07.14 17:00:00,NewYork,NO,1823.16,1825.96,1819.48,1825.11,13848,648
2021.07.14 22:00:00,Asia,NO,1825.11,1829.09,1823.62,1825.48,13019,547
2021.07.15 08:00:00,London,NO,1826.13,1834.05,1825.84,1831.95,14701,821
2021.07.15 13:00:00,London_NewYork_Overlap,NO,1831.95,1832.22,1822.30,1825.19,13936,992
2021.07.15 17:00:00,NewYork,NO,1825.19,1829.79,1820.22,1828.77,14577,957
2021.07.15 22:00:00,Asia,NO,1828.77,1832.00,1825.65,1827.45,13357,635
2021.07.16 08:00:00,London,NO,1826.42,1827.27,1820.96,1823.92,14206,631
2021.07.16 13:00:00,London_NewYork_Overlap,NO,1823.92,1826.68,1815.57,1824.92,13626,1111
2021.07.16 17:00:00,NewYork,NO,1824.92,1826.06,1809.62,1813.28,17233,1644
2021.07.16 22:00:00,Asia,NO,1813.28,1817.27,1808.96,1813.04,19654,831
2021.07.19 08:00:00,London,NO,1812.29,1813.22,1801.81,1802.90,17245,1141
2021.07.19 13:00:00,London_NewYork_Overlap,NO,1802.90,1815.41,1794.98,1815.25,14191,2043
2021.07.19 17:00:00,NewYork,NO,1815.25,1815.45,1804.91,1807.55,17536,1054
2021.07.19 22:00:00,Asia,NO,1807.55,1819.13,1806.90,1817.31,19019,1223
2021.07.20 08:00:00,London,NO,1817.71,1818.19,1811.66,1816.12,16702,653
2021.07.20 13:00:00,London_NewYork_Overlap,NO,1816.12,1824.91,1814.91,1823.96,14171,1000
2021.07.20 17:00:00,NewYork,NO,1823.96,1824.32,1805.10,1809.05,16533,1922
2021.07.20 22:00:00,Asia,NO,1809.05,1810.97,1805.15,1808.58,16267,582
2021.07.21 08:00:00,London,NO,1808.00,1813.74,1802.70,1804.89,16618,1104
2021.07.21 13:00:00,London_NewYork_Overlap,NO,1804.89,1806.02,1794.68,1805.08,14134,1134
2021.07.21 17:00:00,NewYork,NO,1805.08,1805.47,1799.25,1804.32,15382,622
2021.07.21 22:00:00,Asia,NO,1804.32,1805.33,1797.29,1798.52,14902,804
2021.07.22 08:00:00,London,NO,1799.13,1803.39,1792.74,1796.56,16353,1065
2021.07.22 13:00:00,London_NewYork_Overlap,NO,1796.56,1806.16,1794.07,1798.94,13930,1209
2021.07.22 17:00:00,NewYork,NO,1798.94,1808.02,1798.92,1806.78,16219,910
2021.07.22 22:00:00,Asia,NO,1806.78,1808.55,1802.26,1803.09,14733,629
2021.07.23 08:00:00,London,NO,1803.29,1810.30,1800.81,1802.41,15812,949
2021.07.23 13:00:00,London_NewYork_Overlap,NO,1802.41,1804.92,1789.70,1802.15,14192,1522
2021.07.23 17:00:00,NewYork,NO,1802.15,1804.65,1794.95,1801.85,15528,970
2021.07.23 22:00:00,Asia,NO,1801.85,1807.29,1798.41,1806.66,16620,888
2021.07.26 08:00:00,London,NO,1806.33,1811.46,1804.53,1808.28,16537,693
2021.07.26 13:00:00,London_NewYork_Overlap,NO,1808.28,1809.90,1799.47,1802.38,13320,1043
2021.07.26 17:00:00,NewYork,NO,1802.38,1802.60,1796.38,1797.13,15914,622
2021.07.26 22:00:00,Asia,NO,1797.13,1799.86,1794.65,1799.29,15564,521
2021.07.27 08:00:00,London,NO,1797.95,1801.13,1793.61,1797.07,16058,752
2021.07.27 13:00:00,London_NewYork_Overlap,NO,1797.07,1805.22,1795.09,1800.33,12707,1013
2021.07.27 17:00:00,NewYork,NO,1800.33,1803.16,1794.60,1799.94,16126,856
2021.07.27 22:00:00,Asia,NO,1799.94,1807.35,1797.99,1806.24,17271,936
2021.07.28 08:00:00,London,NO,1804.90,1807.01,1798.10,1799.32,15949,891
2021.07.28 13:00:00,London_NewYork_Overlap,NO,1799.32,1801.39,1794.52,1795.19,13236,687
2021.07.28 17:00:00,NewYork,NO,1795.19,1804.89,1792.53,1802.24,15782,1236
2021.07.28 22:00:00,Asia,NO,1802.24,1817.48,1801.42,1814.98,18822,1606
2021.07.29 08:00:00,London,NO,1815.66,1822.11,1815.14,1821.55,16482,697
2021.07.29 13:00:00,London_NewYork_Overlap,NO,1821.55,1828.07,1821.47,1826.98,13942,660
2021.07.29 17:00:00,NewYork,NO,1826.98,1832.62,1825.77,1831.14,15185,685
2021.07.29 22:00:00,Asia,NO,1831.14,1831.31,1826.76,1828.49,17344,455
2021.07.30 08:00:00,London,NO,1827.58,1831.31,1825.89,1828.33,14685,542
2021.07.30 13:00:00,London_NewYork_Overlap,NO,1828.33,1829.79,1821.74,1824.54,12683,805
2021.07.30 17:00:00,NewYork,NO,1824.54,1825.59,1810.20,1811.88,16599,1539
2021.07.30 22:00:00,Asia,NO,1811.88,1816.87,1808.51,1812.08,18224,836
2021.08.02 08:00:00,London,NO,1810.62,1813.32,1806.31,1810.21,15267,701
2021.08.02 13:00:00,London_NewYork_Overlap,NO,1810.21,1812.56,1805.79,1808.73,12442,677
2021.08.02 17:00:00,NewYork,NO,1808.73,1819.51,1808.14,1816.41,16695,1137
2021.08.02 22:00:00,Asia,NO,1816.41,1816.41,1809.42,1810.80,15931,699
2021.08.03 08:00:00,London,NO,1811.77,1812.12,1808.26,1810.34,14512,386
2021.08.03 13:00:00,London_NewYork_Overlap,NO,1810.34,1814.99,1807.16,1813.62,11939,783
2021.08.03 17:00:00,NewYork,NO,1813.62,1814.28,1808.67,1809.95,13400,561
2021.08.03 22:00:00,Asia,NO,1809.95,1814.78,1808.95,1813.11,12627,583
2021.08.04 08:00:00,London,NO,1812.37,1815.10,1810.76,1814.90,12895,434
2021.08.04 13:00:00,London_NewYork_Overlap,NO,1814.90,1831.64,1813.11,1828.90,12101,1853
2021.08.04 17:00:00,NewYork,NO,1828.90,1829.54,1806.43,1811.21,14935,2311
2021.08.04 22:00:00,Asia,NO,1811.21,1812.50,1808.99,1811.00,13695,351
2021.08.05 08:00:00,London,NO,1810.96,1814.56,1808.39,1810.47,14301,617
2021.08.05 13:00:00,London_NewYork_Overlap,NO,1810.47,1814.81,1797.87,1803.68,13492,1694
2021.08.05 17:00:00,NewYork,NO,1803.68,1808.17,1800.40,1803.73,15024,777
2021.08.05 22:00:00,Asia,NO,1803.73,1805.71,1799.28,1801.06,12595,643
2021.08.06 08:00:00,London,NO,1800.62,1802.10,1797.08,1798.77,13415,502
2021.08.06 13:00:00,London_NewYork_Overlap,NO,1798.77,1801.33,1763.19,1763.68,13062,3814
2021.08.06 17:00:00,NewYork,NO,1763.68,1768.02,1758.68,1763.55,16358,934
2021.08.06 22:00:00,Asia,NO,1763.55,1764.28,1683.20,1738.07,23088,8108
2021.08.09 08:00:00,London,NO,1738.61,1752.53,1737.66,1743.64,17111,1487
2021.08.09 13:00:00,London_NewYork_Overlap,NO,1743.64,1748.71,1737.85,1738.68,13946,1086
2021.08.09 17:00:00,NewYork,NO,1738.68,1741.02,1723.80,1728.31,17249,1722
2021.08.09 22:00:00,Asia,NO,1728.31,1737.44,1728.28,1737.32,17671,916
2021.08.10 08:00:00,London,NO,1735.81,1738.25,1728.61,1729.71,16088,964
2021.08.10 13:00:00,London_NewYork_Overlap,NO,1729.71,1733.68,1720.98,1721.87,13621,1270
2021.08.10 17:00:00,NewYork,NO,1721.87,1732.76,1717.71,1730.22,15631,1505
2021.08.10 22:00:00,Asia,NO,1730.22,1735.14,1724.08,1733.87,15619,1106
2021.08.11 08:00:00,London,NO,1732.61,1734.55,1729.01,1733.22,14742,554
2021.08.11 13:00:00,London_NewYork_Overlap,NO,1733.22,1747.42,1733.12,1739.97,13118,1430
2021.08.11 17:00:00,NewYork,NO,1739.97,1754.30,1739.80,1751.48,16937,1450
2021.08.11 22:00:00,Asia,NO,1751.48,1753.58,1748.90,1750.64,14973,468
2021.08.12 08:00:00,London,NO,1751.72,1758.15,1750.53,1753.77,14783,762
2021.08.12 13:00:00,London_NewYork_Overlap,NO,1753.77,1753.78,1741.59,1747.62,12526,1219
2021.08.12 17:00:00,NewYork,NO,1747.62,1753.94,1745.52,1751.72,15773,842
2021.08.12 22:00:00,Asia,NO,1751.72,1756.74,1751.62,1755.20,13238,512
2021.08.13 08:00:00,London,NO,1755.37,1760.25,1754.62,1758.41,14161,563
2021.08.13 13:00:00,London_NewYork_Overlap,NO,1758.41,1765.69,1756.94,1764.76,12395,875
2021.08.13 17:00:00,NewYork,NO,1764.76,1779.27,1764.47,1776.86,15443,1480
2021.08.13 22:00:00,Asia,NO,1776.86,1782.58,1775.82,1776.79,17697,676
2021.08.16 08:00:00,London,NO,1777.03,1777.42,1771.84,1776.13,15615,558
2021.08.16 13:00:00,London_NewYork_Overlap,NO,1776.13,1786.84,1770.80,1786.61,13290,1604
2021.08.16 17:00:00,NewYork,NO,1786.61,1789.28,1782.48,1787.46,14252,680
2021.08.16 22:00:00,Asia,NO,1787.46,1788.61,1784.37,1785.94,15253,424
2021.08.17 08:00:00,London,NO,1786.06,1795.40,1786.02,1793.88,15718,938
2021.08.17 13:00:00,London_NewYork_Overlap,NO,1793.88,1795.41,1786.71,1789.76,12652,870
2021.08.17 17:00:00,NewYork,NO,1789.76,1790.42,1780.53,1783.10,16063,989
2021.08.17 22:00:00,Asia,NO,1783.10,1792.27,1782.37,1790.24,15400,990
2021.08.18 08:00:00,London,NO,1789.39,1793.75,1786.35,1788.09,14793,740
2021.08.18 13:00:00,London_NewYork_Overlap,NO,1788.09,1791.17,1782.94,1785.96,12842,823
2021.08.18 17:00:00,NewYork,NO,1785.96,1790.29,1777.32,1785.64,16461,1297
2021.08.18 22:00:00,Asia,NO,1785.64,1788.87,1774.41,1779.96,19428,1446
2021.08.19 08:00:00,London,NO,1777.43,1789.76,1775.65,1789.06,16962,1411
2021.08.19 13:00:00,London_NewYork_Overlap,NO,1789.06,1792.39,1782.04,1784.04,13500,1035
2021.08.19 17:00:00,NewYork,NO,1784.04,1784.27,1777.15,1780.04,16543,712
2021.08.19 22:00:00,Asia,NO,1780.04,1785.61,1776.35,1785.20,15763,926
2021.08.20 08:00:00,London,NO,1785.86,1788.34,1780.52,1781.78,15412,782
2021.08.20 13:00:00,London_NewYork_Overlap,NO,1781.78,1786.68,1779.24,1781.59,12203,744
2021.08.20 17:00:00,NewYork,NO,1781.59,1786.66,1778.33,1782.69,14301,833
2021.08.20 22:00:00,Asia,NO,1782.69,1788.63,1776.44,1786.92,16900,1219
2021.08.23 08:00:00,London,NO,1787.59,1788.95,1784.27,1788.11,15143,468
2021.08.23 13:00:00,London_NewYork_Overlap,NO,1788.11,1806.40,1787.72,1803.40,12352,1868
2021.08.23 17:00:00,NewYork,NO,1803.40,1805.50,1795.53,1804.93,14362,997
2021.08.23 22:00:00,Asia,NO,1804.93,1805.89,1800.77,1801.12,12680,512
2021.08.24 08:00:00,London,NO,1801.98,1805.06,1800.70,1802.91,14591,436
2021.08.24 13:00:00,London_NewYork_Overlap,NO,1802.91,1809.42,1801.52,1806.59,11552,790
2021.08.24 17:00:00,NewYork,NO,1806.59,1809.50,1803.80,1805.91,13621,570
2021.08.24 22:00:00,Asia,NO,1805.91,1806.20,1793.54,1794.83,14590,1266
2021.08.25 08:00:00,London,NO,1794.22,1797.51,1791.80,1794.27,13386,571
2021.08.25 13:00:00,London_NewYork_Overlap,NO,1794.27,1797.74,1785.67,1789.36,11178,1207
2021.08.25 17:00:00,NewYork,NO,1789.36,1793.00,1782.65,1792.21,12624,1035
2021.08.25 22:00:00,Asia,NO,1792.21,1792.39,1787.27,1787.86,9129,512
2021.08.26 08:00:00,London,NO,1786.99,1788.36,1783.39,1785.68,12553,497
2021.08.26 13:00:00,London_NewYork_Overlap,NO,1785.68,1790.81,1780.11,1785.87,11763,1070
2021.08.26 17:00:00,NewYork,NO,1785.87,1798.12,1785.57,1791.04,12288,1255
2021.08.26 22:00:00,Asia,NO,1791.04,1799.25,1790.81,1798.03,9328,844
2021.08.27 08:00:00,London,NO,1799.86,1805.08,1794.97,1796.89,11884,1011
2021.08.27 13:00:00,London_NewYork_Overlap,NO,1796.89,1800.57,1787.77,1792.24,10549,1280
2021.08.27 17:00:00,NewYork,NO,1792.24,1818.65,1784.11,1817.62,14027,3454
2021.08.27 22:00:00,Asia,NO,1817.62,1823.23,1813.34,1814.91,12403,989
2021.08.30 08:00:00,London,NO,1816.08,1818.20,1812.79,1815.95,10468,541
2021.08.30 13:00:00,London_NewYork_Overlap,NO,1815.95,1817.79,1812.02,1812.35,9579,577
2021.08.30 17:00:00,NewYork,NO,1812.35,1815.61,1807.76,1810.95,10176,785
2021.08.30 22:00:00,Asia,NO,1810.95,1815.86,1809.39,1815.83,8698,647
2021.08.31 08:00:00,London,NO,1814.68,1819.15,1813.74,1814.36,11820,541
2021.08.31 13:00:00,London_NewYork_Overlap,NO,1814.36,1817.00,1801.76,1810.49,11962,1524
2021.08.31 17:00:00,NewYork,NO,1810.49,1816.28,1804.24,1815.04,14210,1204
2021.08.31 22:00:00,Asia,NO,1815.04,1815.60,1810.27,1815.25,11877,533
2021.09.01 08:00:00,London,NO,1814.97,1817.05,1809.41,1813.07,13893,764
2021.09.01 13:00:00,London_NewYork_Overlap,NO,1813.07,1820.03,1811.29,1813.17,10715,874
2021.09.01 17:00:00,NewYork,NO,1813.17,1816.45,1808.72,1813.17,11663,773
2021.09.01 22:00:00,Asia,NO,1813.17,1816.03,1811.16,1811.19,7982,487
2021.09.02 08:00:00,London,NO,1810.98,1817.05,1810.85,1816.79,8708,620
2021.09.02 13:00:00,London_NewYork_Overlap,NO,1816.79,1817.15,1809.24,1812.42,9741,791
2021.09.02 17:00:00,NewYork,NO,1812.42,1813.49,1804.89,1809.26,11000,860
2021.09.02 22:00:00,Asia,NO,1809.26,1814.78,1808.94,1812.51,8073,584
2021.09.03 08:00:00,London,NO,1811.61,1814.40,1810.56,1813.51,8807,384
2021.09.03 13:00:00,London_NewYork_Overlap,NO,1813.51,1829.40,1812.79,1824.91,10487,1661
2021.09.03 17:00:00,NewYork,NO,1824.91,1833.94,1821.99,1830.48,11790,1195
2021.09.03 22:00:00,Asia,NO,1830.48,1830.57,1825.19,1825.77,10489,538
2021.09.06 08:00:00,London,NO,1826.50,1828.28,1823.62,1824.67,10163,466
2021.09.06 13:00:00,London_NewYork_Overlap,NO,1824.67,1824.94,1821.78,1823.40,6601,316
2021.09.06 17:00:00,NewYork,NO,1823.40,1823.51,1821.42,1823.53,3408,209
2021.09.07 01:05:00,Asia,NO,1823.53,1827.22,1821.93,1823.19,6799,529
2021.09.07 08:00:00,London,NO,1821.53,1821.78,1810.06,1810.63,13727,1172
2021.09.07 13:00:00,London_NewYork_Overlap,NO,1810.63,1814.96,1808.38,1809.80,12540,658
2021.09.07 17:00:00,NewYork,NO,1809.80,1809.98,1792.04,1796.20,11944,1794
2021.09.07 22:00:00,Asia,NO,1796.20,1801.00,1793.21,1798.13,9540,779
2021.09.08 08:00:00,London,NO,1798.25,1801.21,1794.32,1796.96,13258,689
2021.09.08 13:00:00,London_NewYork_Overlap,NO,1796.96,1802.09,1782.44,1788.76,11315,1965
2021.09.08 17:00:00,NewYork,NO,1788.76,1795.04,1783.94,1791.39,13629,1110
2021.09.08 22:00:00,Asia,NO,1791.39,1791.49,1787.13,1788.27,8880,436
2021.09.09 08:00:00,London,NO,1788.08,1795.64,1786.60,1794.70,12708,904
2021.09.09 13:00:00,London_NewYork_Overlap,NO,1794.70,1800.90,1788.71,1790.23,11602,1219
2021.09.09 17:00:00,NewYork,NO,1790.23,1799.09,1783.91,1794.74,14628,1518
2021.09.09 22:00:00,Asia,NO,1794.74,1799.83,1790.89,1798.09,14389,894
2021.09.10 08:00:00,London,NO,1796.40,1803.77,1796.15,1797.44,11476,762
2021.09.10 13:00:00,London_NewYork_Overlap,NO,1797.44,1800.21,1789.70,1794.84,11575,1051
2021.09.10 17:00:00,NewYork,NO,1794.84,1796.78,1788.32,1790.56,13331,846
2021.09.10 22:00:00,Asia,NO,1790.56,1792.51,1783.64,1792.25,10676,887
2021.09.13 08:00:00,London,NO,1790.96,1793.56,1786.92,1790.03,11418,664
2021.09.13 13:00:00,London_NewYork_Overlap,NO,1790.03,1794.33,1785.20,1793.91,9945,913
2021.09.13 17:00:00,NewYork,NO,1793.91,1798.43,1791.00,1792.49,10382,743
2021.09.13 22:00:00,Asia,NO,1792.49,1793.67,1789.65,1791.02,10369,402
2021.09.14 08:00:00,London,NO,1790.83,1794.94,1787.41,1787.94,11696,753
2021.09.14 13:00:00,London_NewYork_Overlap,NO,1787.94,1800.44,1779.60,1794.13,11746,2084
2021.09.14 17:00:00,NewYork,NO,1794.13,1808.58,1792.09,1803.04,12350,1649
2021.09.14 22:00:00,Asia,NO,1803.04,1805.40,1801.39,1803.47,10712,401
2021.09.15 08:00:00,London,NO,1803.37,1804.29,1798.92,1801.92,14246,537
2021.09.15 13:00:00,London_NewYork_Overlap,NO,1801.92,1806.91,1794.54,1796.83,12327,1237
2021.09.15 17:00:00,NewYork,NO,1796.83,1798.13,1790.75,1793.21,11984,738
2021.09.15 22:00:00,Asia,NO,1793.21,1796.20,1789.95,1791.48,10713,625
2021.09.16 08:00:00,London,NO,1791.18,1792.36,1777.69,1777.89,15504,1467
2021.09.16 13:00:00,London_NewYork_Overlap,NO,1777.89,1780.41,1745.24,1752.94,13285,3517
2021.09.16 17:00:00,NewYork,NO,1752.94,1758.42,1748.82,1754.05,13575,960
2021.09.16 22:00:00,Asia,NO,1754.05,1759.48,1751.63,1758.13,15032,785
2021.09.17 08:00:00,London,NO,1760.46,1767.47,1759.91,1766.13,16061,756
2021.09.17 13:00:00,London_NewYork_Overlap,NO,1766.13,1767.09,1748.62,1749.87,13727,1847
2021.09.17 17:00:00,NewYork,NO,1749.87,1756.96,1747.39,1753.07,15413,957
2021.09.17 22:00:00,Asia,NO,1753.07,1755.13,1742.13,1746.38,15185,1300
