=== Market Structure Events (Sorted by Time) ===,,,,,,,
Type,Direction/Action,Price,Time,Timeframe,Status,PreviousPrice,PreviousTime
LL,Update,2621.86,2024.12.02 08:00:00,H1,Accepted,,
HH,Bullish,2655.56,2024.12.03 16:00:00,H1,Updated,,1970.01.01 00:00:00
HH,Update,2655.56,2024.12.03 16:00:00,H1,Accepted,,
HH,Bullish,2656.99,2024.12.04 17:00:00,H1,Updated,2655.56,1970.01.01 00:00:00
HH,Update,2656.99,2024.12.04 17:00:00,H1,Accepted,,
LL,Bearish,2612.32,2024.12.06 03:00:00,H1,Updated,2621.86,1970.01.01 00:00:00
LL,Update,2612.32,2024.12.06 03:00:00,H1,Accepted,,
HH,Bullish,2676.32,2024.12.09 17:00:00,H1,Updated,2656.99,1970.01.01 00:00:00
HH,Update,2676.32,2024.12.09 17:00:00,H1,Accepted,,
HH,Bullish,2726.15,2024.12.12 03:00:00,H1,Updated,2676.32,1970.01.01 00:00:00
HH,Update,2726.15,2024.12.12 03:00:00,H1,Accepted,,
LL,Bearish,2582.92,2024.12.19 01:00:00,H1,Updated,2612.32,1970.01.01 00:00:00
LL,Update,2582.92,2024.12.19 01:00:00,H1,Accepted,,
LL,Update,2608.13,2024.12.23 18:00:00,M15,Accepted,,
HH,Update,2621.46,2024.12.24 09:00:00,M15,Accepted,,
HH,Update,2639.14,2024.12.26 17:45:00,M15,Accepted,,
LL,Update,2596.09,2024.12.30 18:15:00,M15,Accepted,,
LL,Update,2596.09,2025.01.02 12:30:00,M15,Accepted,,
CHoCH,Bullish,2665.15,2025.01.03 05:15:00,M15,Confirmed,2596.09,1970.01.01 00:00:00
LL,Update,2596.09,2025.01.03 05:15:00,M15,Accepted,,
HH,Update,2665.15,2025.01.03 05:15:00,M15,Accepted,,
LL,Update,2614.45,2025.01.06 16:15:00,M15,Accepted,,
BoS,Bullish,2614.45,2025.01.08 17:30:00,M15,Confirmed,2665.15,1970.01.01 00:00:00
HH,Update,2670.00,2025.01.08 18:45:00,M15,Accepted,,
LL,Update,2655.51,2025.01.09 06:30:00,M15,Accepted,,
BoS,Bullish,2655.51,2025.01.09 13:15:00,M15,Confirmed,2670.00,1970.01.01 00:00:00
HH,Update,2678.23,2025.01.09 15:30:00,M15,Accepted,,
LL,Update,2662.65,2025.01.09 19:30:00,M15,Accepted,,
BoS,Bullish,2662.65,2025.01.10 10:30:00,M15,Confirmed,2678.23,1970.01.01 00:00:00
HH,Update,2698.01,2025.01.10 17:30:00,M15,Accepted,,
LL,Update,2679.46,2025.01.13 03:15:00,M15,Accepted,,
HH,Update,2698.01,2025.01.13 12:15:00,M15,Accepted,,
CHoCH,Bearish,2656.84,2025.01.13 21:00:00,M15,Confirmed,2698.01,1970.01.01 00:00:00
HH,Update,2698.01,2025.01.13 21:00:00,M15,Accepted,,
LL,Update,2656.84,2025.01.13 21:00:00,M15,Accepted,,
HH,Update,2698.01,2025.01.13 21:00:00,M15,Accepted,,
HH,Update,2675.36,2025.01.14 07:00:00,M15,Accepted,,
LL,Update,2656.84,2025.01.14 23:00:00,M15,Accepted,,
CHoCH,Bullish,2679.22,2025.01.15 01:00:00,M15,Confirmed,2656.84,1970.01.01 00:00:00
LL,Update,2656.84,2025.01.15 01:00:00,M15,Accepted,,
HH,Update,2679.22,2025.01.15 01:00:00,M15,Accepted,,
LL,Update,2669.39,2025.01.15 04:00:00,M15,Accepted,,
BoS,Bullish,2656.84,2025.01.15 08:00:00,M15,Confirmed,2679.22,1970.01.01 00:00:00
HH,Update,2696.04,2025.01.15 16:00:00,M15,Accepted,,
LL,Update,2676.79,2025.01.15 17:00:00,M15,Accepted,,
BoS,Bullish,2676.79,2025.01.15 23:00:00,M15,Confirmed,2696.04,1970.01.01 00:00:00
HH,Update,2702.15,2025.01.16 03:30:00,M15,Accepted,,
LL,Update,2690.03,2025.01.16 08:15:00,M15,Accepted,,
BoS,Bullish,2676.79,2025.01.16 11:15:00,M15,Confirmed,2702.15,1970.01.01 00:00:00
HH,Update,2724.76,2025.01.16 19:30:00,M15,Accepted,,
LL,Update,2709.88,2025.01.17 03:15:00,M15,Accepted,,
HH,Update,2717.38,2025.01.17 11:15:00,M15,Accepted,,
HH,Update,2717.29,2025.01.17 18:45:00,M15,Accepted,,
CHoCH,Bearish,2689.26,2025.01.20 03:00:00,M15,Confirmed,2724.76,1970.01.01 00:00:00
HH,Update,2717.29,2025.01.20 03:00:00,M15,Accepted,,
LL,Update,2689.26,2025.01.20 03:00:00,M15,Accepted,,
HH,Update,2717.29,2025.01.20 03:00:00,M15,Accepted,,
HH,Update,2713.76,2025.01.20 08:45:00,M15,Accepted,,
LL,Update,2689.26,2025.01.21 03:45:00,M15,Accepted,,
CHoCH,Bullish,2732.84,2025.01.21 09:30:00,M15,Confirmed,2689.26,1970.01.01 00:00:00
LL,Update,2689.26,2025.01.21 09:30:00,M15,Accepted,,
HH,Update,2732.84,2025.01.21 09:30:00,M15,Accepted,,
LL,Update,2716.43,2025.01.21 13:15:00,M15,Accepted,,
BoS,Bullish,2689.26,2025.01.21 16:30:00,M15,Confirmed,2732.84,1970.01.01 00:00:00
HH,Update,2763.45,2025.01.22 12:30:00,M15,Accepted,,
LL,Update,2735.58,2025.01.23 15:30:00,M15,Accepted,,
BoS,Bullish,2735.58,2025.01.24 04:00:00,M15,Confirmed,2763.45,1970.01.01 00:00:00
HH,Update,2785.94,2025.01.24 17:30:00,M15,Accepted,,
LL,Update,2747.32,2025.01.27 09:30:00,M15,Accepted,,
HH,Update,2785.94,2025.01.27 17:00:00,M15,Accepted,,
CHoCH,Bearish,2730.48,2025.01.27 19:00:00,M15,Confirmed,2785.94,1970.01.01 00:00:00
HH,Update,2785.94,2025.01.27 19:00:00,M15,Accepted,,
LL,Update,2730.48,2025.01.27 19:00:00,M15,Accepted,,
HH,Update,2785.94,2025.01.27 19:00:00,M15,Accepted,,
HH,Update,2745.32,2025.01.28 01:15:00,M15,Accepted,,
LL,Update,2730.48,2025.01.28 15:15:00,M15,Accepted,,
CHoCH,Bullish,2766.20,2025.01.29 03:30:00,M15,Confirmed,2730.48,1970.01.01 00:00:00
LL,Update,2730.48,2025.01.29 03:30:00,M15,Accepted,,
HH,Update,2766.20,2025.01.29 03:30:00,M15,Accepted,,
LL,Update,2744.76,2025.01.29 21:15:00,M15,Accepted,,
BoS,Bullish,2744.76,2025.01.30 09:30:00,M15,Confirmed,2766.20,1970.01.01 00:00:00
HH,Update,2799.65,2025.01.31 02:00:00,M15,Accepted,,
LL,Update,2791.02,2025.01.31 12:30:00,M15,Accepted,,
BoS,Bullish,2744.76,2025.01.31 13:45:00,M15,Confirmed,2799.65,1970.01.01 00:00:00
HH,Update,2817.23,2025.01.31 17:00:00,M15,Accepted,,
HH,Update,2817.23,2025.02.03 03:00:00,M15,Accepted,,
CHoCH,Bearish,2772.17,2025.02.03 05:30:00,M15,Confirmed,2817.23,1970.01.01 00:00:00
HH,Update,2817.23,2025.02.03 05:30:00,M15,Accepted,,
LL,Update,2772.17,2025.02.03 05:30:00,M15,Accepted,,
HH,Update,2817.23,2025.02.03 05:30:00,M15,Accepted,,
CHoCH,Bullish,2830.40,2025.02.03 16:45:00,M15,Confirmed,2772.17,1970.01.01 00:00:00
LL,Update,2772.17,2025.02.03 16:45:00,M15,Accepted,,
LL,Update,2772.17,2025.02.03 16:45:00,M15,Accepted,,
HH,Update,2830.40,2025.02.03 16:45:00,M15,Accepted,,
LL,Update,2810.32,2025.02.04 01:30:00,M15,Accepted,,
HH,Update,2830.40,2025.02.04 09:15:00,M15,Accepted,,
LL,Update,2810.32,2025.02.04 15:30:00,M15,Accepted,,
CHoCH,Bullish,2845.49,2025.02.04 17:30:00,M15,Confirmed,2810.32,1970.01.01 00:00:00
LL,Update,2810.32,2025.02.04 17:30:00,M15,Accepted,,
HH,Update,2845.49,2025.02.04 17:30:00,M15,Accepted,,
BoS,Bullish,2810.32,2025.02.05 02:30:00,M15,Confirmed,2845.49,1970.01.01 00:00:00
HH,Update,2882.49,2025.02.05 17:45:00,M15,Accepted,,
LL,Update,2859.97,2025.02.05 22:45:00,M15,Accepted,,
HH,Update,2882.49,2025.02.06 08:45:00,M15,Accepted,,
CHoCH,Bearish,2848.94,2025.02.06 10:15:00,M15,Confirmed,2882.49,1970.01.01 00:00:00
HH,Update,2882.49,2025.02.06 10:15:00,M15,Accepted,,
LL,Update,2848.94,2025.02.06 10:15:00,M15,Accepted,,
HH,Update,2882.49,2025.02.06 10:15:00,M15,Accepted,,
BoS,Bearish,2848.94,2025.02.06 16:45:00,M15,Confirmed,2882.49,1970.01.01 00:00:00
LL,Update,2834.10,2025.02.06 17:00:00,M15,Accepted,,
CHoCH,Bullish,2886.68,2025.02.07 17:45:00,M15,Confirmed,2834.10,1970.01.01 00:00:00
LL,Update,2834.10,2025.02.07 17:45:00,M15,Accepted,,
LL,Update,2834.10,2025.02.07 17:45:00,M15,Accepted,,
HH,Update,2886.68,2025.02.07 17:45:00,M15,Accepted,,
BoS,Bullish,2834.10,2025.02.10 08:45:00,M15,Confirmed,2886.68,1970.01.01 00:00:00
HH,Update,2911.77,2025.02.10 17:30:00,M15,Accepted,,
BoS,Bullish,2834.10,2025.02.11 01:30:00,M15,Confirmed,2911.77,1970.01.01 00:00:00
HH,Update,2942.58,2025.02.11 04:00:00,M15,Accepted,,
LL,Update,2881.81,2025.02.11 15:15:00,M15,Accepted,,
HH,Update,2908.61,2025.02.12 12:30:00,M15,Accepted,,
CHoCH,Bearish,2863.54,2025.02.12 15:30:00,M15,Confirmed,2942.58,1970.01.01 00:00:00
HH,Update,2908.61,2025.02.12 15:30:00,M15,Accepted,,
LL,Update,2863.54,2025.02.12 15:30:00,M15,Accepted,,
HH,Update,2908.61,2025.02.12 15:30:00,M15,Accepted,,
HH,Update,2909.15,2025.02.12 19:00:00,M15,Accepted,,
HH,Update,2909.15,2025.02.12 19:00:00,M15,Accepted,,
LL,Update,2863.54,2025.02.13 05:30:00,M15,Accepted,,
CHoCH,Bullish,2922.71,2025.02.13 07:15:00,M15,Confirmed,2863.54,1970.01.01 00:00:00
LL,Update,2863.54,2025.02.13 07:15:00,M15,Accepted,,
HH,Update,2922.71,2025.02.13 07:15:00,M15,Accepted,,
LL,Update,2905.89,2025.02.13 15:45:00,M15,Accepted,,
BoS,Bullish,2863.54,2025.02.13 20:45:00,M15,Confirmed,2922.71,1970.01.01 00:00:00
HH,Update,2940.06,2025.02.14 12:30:00,M15,Accepted,,
HH,Update,2921.32,2025.02.14 17:15:00,M15,Accepted,,
CHoCH,Bearish,2877.03,2025.02.14 22:30:00,M15,Confirmed,2922.71,1970.01.01 00:00:00
HH,Update,2940.06,2025.02.14 22:30:00,M15,Accepted,,
LL,Update,2877.03,2025.02.14 22:30:00,M15,Accepted,,
HH,Update,2940.06,2025.02.14 22:30:00,M15,Accepted,,
HH,Update,2906.40,2025.02.17 11:15:00,M15,Accepted,,
LL,Update,2877.03,2025.02.18 05:15:00,M15,Accepted,,
CHoCH,Bullish,2915.54,2025.02.18 07:30:00,M15,Confirmed,2877.03,1970.01.01 00:00:00
LL,Update,2877.03,2025.02.18 07:30:00,M15,Accepted,,
HH,Update,2915.54,2025.02.18 07:30:00,M15,Accepted,,
LL,Update,2906.95,2025.02.18 12:45:00,M15,Accepted,,
BoS,Bullish,2877.03,2025.02.18 14:30:00,M15,Confirmed,2915.54,1970.01.01 00:00:00
HH,Update,2939.53,2025.02.19 03:45:00,M15,Accepted,,
LL,Update,2924.16,2025.02.19 04:45:00,M15,Accepted,,
BoS,Bullish,2924.16,2025.02.19 11:15:00,M15,Confirmed,2939.53,1970.01.01 00:00:00
HH,Update,2947.05,2025.02.19 12:00:00,M15,Accepted,,
HH,Update,2947.05,2025.02.19 19:30:00,M15,Accepted,,
CHoCH,Bearish,2918.61,2025.02.19 20:15:00,M15,Confirmed,2947.05,1970.01.01 00:00:00
HH,Update,2947.05,2025.02.19 20:15:00,M15,Accepted,,
LL,Update,2918.61,2025.02.19 20:15:00,M15,Accepted,,
HH,Update,2947.05,2025.02.19 20:15:00,M15,Accepted,,
LL,Update,2918.61,2025.02.20 09:00:00,M15,Accepted,,
CHoCH,Bullish,2954.91,2025.02.20 11:00:00,M15,Confirmed,2918.61,1970.01.01 00:00:00
LL,Update,2918.61,2025.02.20 11:00:00,M15,Accepted,,
HH,Update,2954.91,2025.02.20 11:00:00,M15,Accepted,,
LL,Update,2924.26,2025.02.20 16:00:00,M15,Accepted,,
HH,Update,2949.59,2025.02.21 10:00:00,M15,Accepted,,
CHoCH,Bearish,2916.74,2025.02.21 10:15:00,M15,Confirmed,2954.91,1970.01.01 00:00:00
HH,Update,2949.59,2025.02.21 10:15:00,M15,Accepted,,
LL,Update,2916.74,2025.02.21 10:15:00,M15,Accepted,,
HH,Update,2949.59,2025.02.21 10:15:00,M15,Accepted,,
HH,Update,2942.72,2025.02.21 20:45:00,M15,Accepted,,
LL,Update,2916.74,2025.02.24 09:45:00,M15,Accepted,,
CHoCH,Bullish,2956.18,2025.02.24 16:00:00,M15,Confirmed,2916.74,1970.01.01 00:00:00
LL,Update,2916.74,2025.02.24 16:00:00,M15,Accepted,,
HH,Update,2956.18,2025.02.24 16:00:00,M15,Accepted,,
LL,Update,2930.78,2025.02.24 17:00:00,M15,Accepted,,
HH,Update,2953.79,2025.02.25 14:30:00,M15,Accepted,,
HH,Update,2944.84,2025.02.25 16:30:00,M15,Accepted,,
CHoCH,Bearish,2888.27,2025.02.25 18:00:00,M15,Confirmed,2956.18,1970.01.01 00:00:00
HH,Update,2944.84,2025.02.25 18:00:00,M15,Accepted,,
LL,Update,2888.27,2025.02.25 18:00:00,M15,Accepted,,
HH,Update,2944.84,2025.02.25 18:00:00,M15,Accepted,,
HH,Update,2930.08,2025.02.26 03:15:00,M15,Accepted,,
LL,Update,2905.80,2025.02.26 09:00:00,M15,Accepted,,
LL,Update,2890.77,2025.02.26 16:30:00,M15,Accepted,,
LL,Update,2890.77,2025.02.26 16:30:00,M15,Accepted,,
BoS,Bearish,2890.77,2025.02.27 10:00:00,M15,Confirmed,2930.08,1970.01.01 00:00:00
LL,Update,2867.79,2025.02.27 16:45:00,M15,Accepted,,
LL,Update,2867.79,2025.02.27 16:45:00,M15,Accepted,,
BoS,Bearish,2867.79,2025.02.28 05:30:00,M15,Confirmed,2930.08,1970.01.01 00:00:00
LL,Update,2832.57,2025.02.28 17:00:00,M15,Accepted,,
LL,Update,2832.57,2025.02.28 17:00:00,M15,Accepted,,
HH,Update,2876.88,2025.03.03 01:00:00,M15,Accepted,,
LL,Update,2832.57,2025.03.03 16:45:00,M15,Accepted,,
CHoCH,Bullish,2895.29,2025.03.03 23:30:00,M15,Confirmed,2832.57,1970.01.01 00:00:00
LL,Update,2832.57,2025.03.03 23:30:00,M15,Accepted,,
HH,Update,2895.29,2025.03.03 23:30:00,M15,Accepted,,
BoS,Bullish,2832.57,2025.03.04 09:15:00,M15,Confirmed,2895.29,1970.01.01 00:00:00
HH,Update,2927.76,2025.03.04 15:00:00,M15,Accepted,,
LL,Update,2900.34,2025.03.04 17:00:00,M15,Accepted,,
HH,Update,2927.76,2025.03.05 15:30:00,M15,Accepted,,
CHoCH,Bullish,2930.06,2025.03.05 18:30:00,M15,Confirmed,2900.34,1970.01.01 00:00:00
LL,Update,2900.34,2025.03.05 18:30:00,M15,Accepted,,
LL,Update,2900.34,2025.03.05 18:30:00,M15,Accepted,,
HH,Update,2930.06,2025.03.05 18:30:00,M15,Accepted,,
HH,Update,2926.52,2025.03.06 11:15:00,M15,Accepted,,
CHoCH,Bearish,2891.12,2025.03.06 11:45:00,M15,Confirmed,2930.06,1970.01.01 00:00:00
HH,Update,2926.52,2025.03.06 11:45:00,M15,Accepted,,
LL,Update,2891.12,2025.03.06 11:45:00,M15,Accepted,,
HH,Update,2926.52,2025.03.06 11:45:00,M15,Accepted,,
HH,Update,2922.67,2025.03.06 17:00:00,M15,Accepted,,
CHoCH,Bullish,2930.33,2025.03.07 17:00:00,M15,Confirmed,2891.12,1970.01.01 00:00:00
LL,Update,2891.12,2025.03.07 17:00:00,M15,Accepted,,
LL,Update,2891.12,2025.03.07 17:00:00,M15,Accepted,,
HH,Update,2930.33,2025.03.07 17:00:00,M15,Accepted,,
LL,Update,2902.00,2025.03.07 20:15:00,M15,Accepted,,
HH,Update,2918.22,2025.03.10 10:30:00,M15,Accepted,,
CHoCH,Bearish,2880.26,2025.03.11 03:00:00,M15,Confirmed,2930.33,1970.01.01 00:00:00
HH,Update,2918.22,2025.03.11 03:00:00,M15,Accepted,,
LL,Update,2880.26,2025.03.11 03:00:00,M15,Accepted,,
HH,Update,2918.22,2025.03.11 03:00:00,M15,Accepted,,
CHoCH,Bullish,2922.03,2025.03.11 15:45:00,M15,Confirmed,2880.26,1970.01.01 00:00:00
LL,Update,2880.26,2025.03.11 15:45:00,M15,Accepted,,
LL,Update,2880.26,2025.03.11 15:45:00,M15,Accepted,,
HH,Update,2922.03,2025.03.11 15:45:00,M15,Accepted,,
LL,Update,2905.97,2025.03.12 15:15:00,M15,Accepted,,
BoS,Bullish,2880.26,2025.03.12 17:00:00,M15,Confirmed,2922.03,1970.01.01 00:00:00
HH,Update,2940.63,2025.03.12 19:45:00,M15,Accepted,,
BoS,Bullish,2905.97,2025.03.13 04:00:00,M15,Confirmed,2940.63,1970.01.01 00:00:00
LL,Update,2932.99,2025.03.13 09:45:00,M15,Accepted,,
HH,Update,3004.85,2025.03.14 12:15:00,M15,Accepted,,
LL,Update,2978.45,2025.03.14 17:15:00,M15,Accepted,,
BoS,Bullish,2978.45,2025.03.18 03:45:00,M15,Confirmed,3004.85,1970.01.01 00:00:00
HH,Update,3038.26,2025.03.18 15:30:00,M15,Accepted,,
LL,Update,3027.40,2025.03.19 03:45:00,M15,Accepted,,
BoS,Bullish,2978.45,2025.03.19 07:30:00,M15,Confirmed,3038.26,1970.01.01 00:00:00
CHoCH,Bullish,3045.32,2025.03.19 07:45:00,M15,Confirmed,3027.40,1970.01.01 00:00:00
LL,Update,3027.40,2025.03.19 07:45:00,M15,Accepted,,
HH,Update,3045.32,2025.03.19 07:45:00,M15,Accepted,,
HH,Update,3038.26,2025.03.19 10:45:00,M15,Accepted,,
LL,Update,3022.89,2025.03.19 11:00:00,M15,Accepted,,
LL,Update,3027.40,2025.03.19 13:30:00,M15,Accepted,,
BoS,Bullish,3022.89,2025.03.19 20:30:00,M15,Confirmed,3045.32,1970.01.01 00:00:00
HH,Update,3057.26,2025.03.20 06:45:00,M15,Accepted,,
LL,Update,3025.52,2025.03.20 12:30:00,M15,Accepted,,
CHoCH,Bearish,3021.59,2025.03.21 07:30:00,M15,Confirmed,3057.26,1970.01.01 00:00:00
HH,Update,3057.26,2025.03.21 07:30:00,M15,Accepted,,
HH,Update,3057.26,2025.03.21 07:30:00,M15,Accepted,,
LL,Update,3021.59,2025.03.21 07:30:00,M15,Accepted,,
HH,Update,3057.26,2025.03.21 07:30:00,M15,Accepted,,
HH,Update,3038.08,2025.03.21 14:45:00,M15,Accepted,,
BoS,Bearish,3021.59,2025.03.21 15:30:00,M15,Confirmed,3057.26,1970.01.01 00:00:00
LL,Update,2999.55,2025.03.21 16:00:00,M15,Accepted,,
HH,Update,3026.15,2025.03.24 01:15:00,M15,Accepted,,
LL,Update,2999.55,2025.03.24 10:45:00,M15,Accepted,,
CHoCH,Bullish,3033.22,2025.03.24 12:30:00,M15,Confirmed,2999.55,1970.01.01 00:00:00
LL,Update,2999.55,2025.03.24 12:30:00,M15,Accepted,,
HH,Update,3033.22,2025.03.24 12:30:00,M15,Accepted,,
LL,Update,3002.46,2025.03.24 20:00:00,M15,Accepted,,
HH,Update,3035.95,2025.03.25 16:00:00,M15,Accepted,,
BoS,Bullish,3002.46,2025.03.27 06:00:00,M15,Confirmed,3035.95,1970.01.01 00:00:00
HH,Update,3059.56,2025.03.27 16:45:00,M15,Accepted,,
BoS,Bullish,3002.46,2025.03.28 02:15:00,M15,Confirmed,3059.56,1970.01.01 00:00:00
HH,Update,3085.96,2025.03.28 09:00:00,M15,Accepted,,
LL,Update,3066.21,2025.03.28 10:30:00,M15,Accepted,,
HH,Update,3086.77,2025.03.28 16:00:00,M15,Accepted,,
BoS,Bullish,3066.21,2025.03.31 01:00:00,M15,Confirmed,3086.77,1970.01.01 00:00:00
HH,Update,3127.94,2025.03.31 09:00:00,M15,Accepted,,
LL,Update,3099.94,2025.03.31 16:45:00,M15,Accepted,,
BoS,Bullish,3099.94,2025.04.01 04:00:00,M15,Confirmed,3127.94,1970.01.01 00:00:00
HH,Update,3149.04,2025.04.01 08:30:00,M15,Accepted,,
LL,Update,3124.19,2025.04.01 10:45:00,M15,Accepted,,
HH,Update,3149.04,2025.04.01 18:30:00,M15,Accepted,,
CHoCH,Bearish,3100.87,2025.04.01 19:15:00,M15,Confirmed,3149.04,1970.01.01 00:00:00
HH,Update,3149.04,2025.04.01 19:15:00,M15,Accepted,,
LL,Update,3100.87,2025.04.01 19:15:00,M15,Accepted,,
HH,Update,3149.04,2025.04.01 19:15:00,M15,Accepted,,
HH,Update,3135.64,2025.04.02 05:00:00,M15,Accepted,,
LL,Update,3100.87,2025.04.03 01:15:00,M15,Accepted,,
CHoCH,Bullish,3167.73,2025.04.03 02:45:00,M15,Confirmed,3100.87,1970.01.01 00:00:00
LL,Update,3100.87,2025.04.03 02:45:00,M15,Accepted,,
HH,Update,3167.73,2025.04.03 02:45:00,M15,Accepted,,
HH,Update,3167.73,2025.04.03 13:45:00,M15,Accepted,,
CHoCH,Bearish,3054.08,2025.04.03 16:00:00,M15,Confirmed,3167.73,1970.01.01 00:00:00
HH,Update,3167.73,2025.04.03 16:00:00,M15,Accepted,,
LL,Update,3054.08,2025.04.03 16:00:00,M15,Accepted,,
HH,Update,3167.73,2025.04.03 16:00:00,M15,Accepted,,
HH,Update,3135.52,2025.04.03 17:45:00,M15,Accepted,,
HH,Update,3136.58,2025.04.04 14:00:00,M15,Accepted,,
HH,Update,3136.58,2025.04.04 14:00:00,M15,Accepted,,
BoS,Bearish,3054.08,2025.04.04 17:00:00,M15,Confirmed,3135.52,1970.01.01 00:00:00
LL,Update,2970.37,2025.04.07 03:00:00,M15,Accepted,,
HH,Update,3055.31,2025.04.07 05:00:00,M15,Accepted,,
HH,Update,3045.98,2025.04.07 14:30:00,M15,Accepted,,
BoS,Bearish,2970.37,2025.04.07 20:00:00,M15,Confirmed,3055.31,1970.01.01 00:00:00
LL,Update,2956.26,2025.04.07 20:30:00,M15,Accepted,,
LL,Update,2956.26,2025.04.09 12:45:00,M15,Accepted,,
CHoCH,Bullish,3132.58,2025.04.10 08:00:00,M15,Confirmed,2956.26,1970.01.01 00:00:00
LL,Update,2956.26,2025.04.10 08:00:00,M15,Accepted,,
HH,Update,3132.58,2025.04.10 08:00:00,M15,Accepted,,
LL,Update,3103.43,2025.04.10 12:00:00,M15,Accepted,,
BoS,Bullish,2956.26,2025.04.10 17:00:00,M15,Confirmed,3132.58,1970.01.01 00:00:00
HH,Update,3245.36,2025.04.11 19:00:00,M15,Accepted,,
LL,Update,3210.24,2025.04.14 01:00:00,M15,Accepted,,
HH,Update,3245.69,2025.04.14 05:00:00,M15,Accepted,,
HH,Update,3245.69,2025.04.14 13:15:00,M15,Accepted,,
CHoCH,Bearish,3193.57,2025.04.14 16:15:00,M15,Confirmed,3245.69,1970.01.01 00:00:00
HH,Update,3245.69,2025.04.14 16:15:00,M15,Accepted,,
LL,Update,3193.57,2025.04.14 16:15:00,M15,Accepted,,
HH,Update,3245.69,2025.04.14 16:15:00,M15,Accepted,,
HH,Update,3232.68,2025.04.15 07:45:00,M15,Accepted,,
LL,Update,3193.57,2025.04.16 01:30:00,M15,Accepted,,
CHoCH,Bullish,3357.65,2025.04.17 01:15:00,M15,Confirmed,3193.57,1970.01.01 00:00:00
LL,Update,3193.57,2025.04.17 01:15:00,M15,Accepted,,
HH,Update,3357.65,2025.04.17 01:15:00,M15,Accepted,,
LL,Update,3283.84,2025.04.17 17:30:00,M15,Accepted,,
BoS,Bullish,3283.84,2025.04.21 03:30:00,M15,Confirmed,3357.65,1970.01.01 00:00:00
HH,Update,3499.98,2025.04.22 09:15:00,M15,Accepted,,
LL,Update,3312.89,2025.04.23 01:00:00,M15,Accepted,,
HH,Update,3499.98,2025.04.23 09:30:00,M15,Accepted,,
CHoCH,Bearish,3291.82,2025.04.23 09:45:00,M15,Confirmed,3499.98,1970.01.01 00:00:00
HH,Update,3499.98,2025.04.23 09:45:00,M15,Accepted,,
LL,Update,3291.82,2025.04.23 09:45:00,M15,Accepted,,
HH,Update,3499.98,2025.04.23 09:45:00,M15,Accepted,,
BoS,Bearish,3291.82,2025.04.23 16:45:00,M15,Confirmed,3499.98,1970.01.01 00:00:00
LL,Update,3259.98,2025.04.23 17:00:00,M15,Accepted,,
HH,Update,3367.17,2025.04.24 04:30:00,M15,Accepted,,
HH,Update,3370.76,2025.04.25 01:30:00,M15,Accepted,,
BoS,Bearish,3259.98,2025.05.01 03:15:00,M15,Confirmed,3370.76,1970.01.01 00:00:00
LL,Update,3201.91,2025.05.01 15:00:00,M15,Accepted,,
HH,Update,3269.28,2025.05.02 14:45:00,M15,Accepted,,
LL,Update,3201.91,2025.05.05 06:00:00,M15,Accepted,,
CHoCH,Bullish,3386.99,2025.05.06 05:15:00,M15,Confirmed,3201.91,1970.01.01 00:00:00
LL,Update,3201.91,2025.05.06 05:15:00,M15,Accepted,,
HH,Update,3386.99,2025.05.06 05:15:00,M15,Accepted,,
BoS,Bullish,3201.91,2025.05.06 15:30:00,M15,Confirmed,3386.99,1970.01.01 00:00:00
HH,Update,3437.85,2025.05.07 01:00:00,M15,Accepted,,
LL,Update,3360.21,2025.05.07 04:30:00,M15,Accepted,,
HH,Update,3414.78,2025.05.08 05:00:00,M15,Accepted,,
HH,Update,3398.09,2025.05.08 08:45:00,M15,Accepted,,
CHoCH,Bearish,3320.32,2025.05.08 09:45:00,M15,Confirmed,3437.85,1970.01.01 00:00:00
HH,Update,3414.78,2025.05.08 09:45:00,M15,Accepted,,
LL,Update,3320.32,2025.05.08 09:45:00,M15,Accepted,,
HH,Update,3414.78,2025.05.08 09:45:00,M15,Accepted,,
HH,Update,3369.28,2025.05.08 16:30:00,M15,Accepted,,
BoS,Bearish,3320.32,2025.05.08 19:00:00,M15,Confirmed,3414.78,1970.01.01 00:00:00
LL,Update,3274.86,2025.05.09 05:00:00,M15,Accepted,,
HH,Update,3347.53,2025.05.09 19:15:00,M15,Accepted,,
BoS,Bearish,3274.86,2025.05.12 01:30:00,M15,Confirmed,3369.28,1970.01.01 00:00:00
LL,Update,3207.74,2025.05.12 13:45:00,M15,Accepted,,
BoS,Bearish,3207.74,2025.05.14 15:30:00,M15,Confirmed,3347.53,1970.01.01 00:00:00
LL,Update,3168.03,2025.05.14 22:00:00,M15,Accepted,,
HH,Update,3192.65,2025.05.15 04:00:00,M15,Accepted,,
BoS,Bearish,3168.03,2025.05.15 05:15:00,M15,Confirmed,3347.53,1970.01.01 00:00:00
LL,Update,3120.78,2025.05.15 09:00:00,M15,Accepted,,
LL,Update,3120.78,2025.05.15 16:15:00,M15,Accepted,,
CHoCH,Bullish,3252.14,2025.05.16 01:45:00,M15,Confirmed,3120.78,1970.01.01 00:00:00
LL,Update,3120.78,2025.05.16 01:45:00,M15,Accepted,,
HH,Update,3252.14,2025.05.16 01:45:00,M15,Accepted,,
LL,Update,3154.35,2025.05.16 14:45:00,M15,Accepted,,
BoS,Bullish,3154.35,2025.05.20 16:45:00,M15,Confirmed,3252.14,1970.01.01 00:00:00
HH,Update,3320.67,2025.05.21 09:45:00,M15,Accepted,,
LL,Update,3290.95,2025.05.21 15:15:00,M15,Accepted,,
BoS,Bullish,3290.95,2025.05.21 22:00:00,M15,Confirmed,3320.67,1970.01.01 00:00:00
HH,Update,3345.31,2025.05.22 06:15:00,M15,Accepted,,
HH,Update,3345.31,2025.05.22 13:45:00,M15,Accepted,,
CHoCH,Bearish,3279.37,2025.05.22 17:00:00,M15,Confirmed,3345.31,1970.01.01 00:00:00
HH,Update,3345.31,2025.05.22 17:00:00,M15,Accepted,,
LL,Update,3279.37,2025.05.22 17:00:00,M15,Accepted,,
HH,Update,3345.31,2025.05.22 17:00:00,M15,Accepted,,
LL,Update,3279.37,2025.05.23 15:00:00,M15,Accepted,,
CHoCH,Bullish,3365.87,2025.05.23 20:30:00,M15,Confirmed,3279.37,1970.01.01 00:00:00
LL,Update,3279.37,2025.05.23 20:30:00,M15,Accepted,,
HH,Update,3365.87,2025.05.23 20:30:00,M15,Accepted,,
LL,Update,3331.60,2025.05.26 03:15:00,M15,Accepted,,
CHoCH,Bearish,3323.52,2025.05.26 12:15:00,M15,Confirmed,3365.87,1970.01.01 00:00:00
HH,Update,3365.87,2025.05.26 12:15:00,M15,Accepted,,
HH,Update,3365.87,2025.05.26 12:15:00,M15,Accepted,,
LL,Update,3323.52,2025.05.26 12:15:00,M15,Accepted,,
HH,Update,3365.87,2025.05.26 12:15:00,M15,Accepted,,
HH,Update,3349.77,2025.05.27 03:15:00,M15,Accepted,,
BoS,Bearish,3323.52,2025.05.27 09:15:00,M15,Confirmed,3349.77,1970.01.01 00:00:00
LL,Update,3284.90,2025.05.27 17:00:00,M15,Accepted,,
HH,Update,3315.76,2025.05.28 03:30:00,M15,Accepted,,
LL,Update,3284.90,2025.05.28 10:45:00,M15,Accepted,,
CHoCH,Bullish,3325.44,2025.05.28 12:45:00,M15,Confirmed,3284.90,1970.01.01 00:00:00
LL,Update,3284.90,2025.05.28 12:45:00,M15,Accepted,,
HH,Update,3325.44,2025.05.28 12:45:00,M15,Accepted,,
HH,Update,3325.44,2025.05.29 02:00:00,M15,Accepted,,
CHoCH,Bearish,3245.52,2025.05.29 04:15:00,M15,Confirmed,3325.44,1970.01.01 00:00:00
HH,Update,3325.44,2025.05.29 04:15:00,M15,Accepted,,
LL,Update,3245.52,2025.05.29 04:15:00,M15,Accepted,,
HH,Update,3325.44,2025.05.29 04:15:00,M15,Accepted,,
CHoCH,Bullish,3331.23,2025.05.29 19:15:00,M15,Confirmed,3245.52,1970.01.01 00:00:00
LL,Update,3245.52,2025.05.29 19:15:00,M15,Accepted,,
LL,Update,3245.52,2025.05.29 19:15:00,M15,Accepted,,
HH,Update,3331.23,2025.05.29 19:15:00,M15,Accepted,,
LL,Update,3271.82,2025.05.30 17:00:00,M15,Accepted,,
BoS,Bullish,3271.82,2025.06.02 09:15:00,M15,Confirmed,3331.23,1970.01.01 00:00:00
HH,Update,3392.24,2025.06.03 02:15:00,M15,Accepted,,
LL,Update,3333.20,2025.06.03 17:00:00,M15,Accepted,,
BoS,Bullish,3333.20,2025.06.05 13:15:00,M15,Confirmed,3392.24,1970.01.01 00:00:00
HH,Update,3403.33,2025.06.05 14:15:00,M15,Accepted,,
LL,Update,3339.61,2025.06.05 18:45:00,M15,Accepted,,
HH,Update,3375.60,2025.06.06 17:00:00,M15,Accepted,,
CHoCH,Bearish,3293.61,2025.06.09 05:00:00,M15,Confirmed,3403.33,1970.01.01 00:00:00
HH,Update,3375.60,2025.06.09 05:00:00,M15,Accepted,,
LL,Update,3293.61,2025.06.09 05:00:00,M15,Accepted,,
HH,Update,3375.60,2025.06.09 05:00:00,M15,Accepted,,
HH,Update,3328.43,2025.06.09 10:15:00,M15,Accepted,,
LL,Update,3293.61,2025.06.09 18:30:00,M15,Accepted,,
CHoCH,Bullish,3338.16,2025.06.09 20:00:00,M15,Confirmed,3293.61,1970.01.01 00:00:00
LL,Update,3293.61,2025.06.09 20:00:00,M15,Accepted,,
HH,Update,3338.16,2025.06.09 20:00:00,M15,Accepted,,
LL,Update,3301.94,2025.06.10 05:30:00,M15,Accepted,,
BoS,Bullish,3301.94,2025.06.10 14:00:00,M15,Confirmed,3338.16,1970.01.01 00:00:00
HH,Update,3349.08,2025.06.10 16:45:00,M15,Accepted,,
LL,Update,3315.53,2025.06.11 02:15:00,M15,Accepted,,
BoS,Bullish,3315.53,2025.06.11 15:30:00,M15,Confirmed,3349.08,1970.01.01 00:00:00
HH,Update,3360.68,2025.06.11 15:30:00,M15,Accepted,,
LL,Update,3319.29,2025.06.11 20:30:00,M15,Accepted,,
BoS,Bullish,3315.53,2025.06.12 01:15:00,M15,Confirmed,3360.68,1970.01.01 00:00:00
HH,Update,3377.73,2025.06.12 05:30:00,M15,Accepted,,
LL,Update,3338.67,2025.06.12 10:30:00,M15,Accepted,,
BoS,Bullish,3319.29,2025.06.12 13:15:00,M15,Confirmed,3377.73,1970.01.01 00:00:00
HH,Update,3398.77,2025.06.12 16:45:00,M15,Accepted,,
BoS,Bullish,3338.67,2025.06.13 03:00:00,M15,Confirmed,3398.77,1970.01.01 00:00:00
HH,Update,3444.40,2025.06.13 06:00:00,M15,Accepted,,
HH,Update,3446.80,2025.06.13 16:30:00,M15,Accepted,,
BoS,Bullish,3338.67,2025.06.16 01:00:00,M15,Confirmed,3446.80,1970.01.01 00:00:00
HH,Update,3451.23,2025.06.16 03:15:00,M15,Accepted,,
LL,Update,3409.52,2025.06.16 10:00:00,M15,Accepted,,
HH,Update,3451.23,2025.06.16 16:30:00,M15,Accepted,,
CHoCH,Bearish,3382.76,2025.06.16 16:45:00,M15,Confirmed,3451.23,1970.01.01 00:00:00
HH,Update,3451.23,2025.06.16 16:45:00,M15,Accepted,,
LL,Update,3382.76,2025.06.16 16:45:00,M15,Accepted,,
HH,Update,3451.23,2025.06.16 16:45:00,M15,Accepted,,
HH,Update,3403.24,2025.06.17 03:30:00,M15,Accepted,,
LL,Update,3373.18,2025.06.17 06:15:00,M15,Accepted,,
BoS,Bearish,3382.76,2025.06.17 09:30:00,M15,Confirmed,3403.24,1970.01.01 00:00:00
HH,Update,3400.08,2025.06.17 14:00:00,M15,Accepted,,
LL,Update,3366.15,2025.06.17 17:30:00,M15,Accepted,,
HH,Update,3396.77,2025.06.18 16:30:00,M15,Accepted,,
BoS,Bearish,3366.15,2025.06.18 22:15:00,M15,Confirmed,3400.08,1970.01.01 00:00:00
LL,Update,3362.56,2025.06.18 23:00:00,M15,Accepted,,
BoS,Bearish,3362.56,2025.06.19 09:00:00,M15,Confirmed,3396.77,1970.01.01 00:00:00
LL,Update,3347.65,2025.06.19 09:30:00,M15,Accepted,,
HH,Update,3379.00,2025.06.19 13:30:00,M15,Accepted,,
BoS,Bearish,3347.65,2025.06.20 06:00:00,M15,Confirmed,3379.00,1970.01.01 00:00:00
LL,Update,3340.37,2025.06.20 09:30:00,M15,Accepted,,
HH,Update,3374.51,2025.06.20 17:00:00,M15,Accepted,,
CHoCH,Bullish,3396.70,2025.06.23 01:00:00,M15,Confirmed,3340.37,1970.01.01 00:00:00
LL,Update,3340.37,2025.06.23 01:00:00,M15,Accepted,,
HH,Update,3396.70,2025.06.23 01:00:00,M15,Accepted,,
LL,Update,3340.37,2025.06.23 01:15:00,M15,Accepted,,
LL,Update,3347.12,2025.06.23 08:30:00,M15,Accepted,,
HH,Update,3393.53,2025.06.24 02:45:00,M15,Accepted,,
CHoCH,Bearish,3295.50,2025.06.24 16:45:00,M15,Confirmed,3396.70,1970.01.01 00:00:00
HH,Update,3393.53,2025.06.24 16:45:00,M15,Accepted,,
LL,Update,3295.50,2025.06.24 16:45:00,M15,Accepted,,
HH,Update,3393.53,2025.06.24 16:45:00,M15,Accepted,,
HH,Update,3337.07,2025.06.25 10:45:00,M15,Accepted,,
LL,Update,3295.50,2025.06.26 02:45:00,M15,Accepted,,
CHoCH,Bullish,3350.28,2025.06.26 11:45:00,M15,Confirmed,3295.50,1970.01.01 00:00:00
LL,Update,3295.50,2025.06.26 11:45:00,M15,Accepted,,
HH,Update,3350.28,2025.06.26 11:45:00,M15,Accepted,,
LL,Update,3309.99,2025.06.26 16:30:00,M15,Accepted,,
HH,Update,3350.28,2025.06.27 05:45:00,M15,Accepted,,
CHoCH,Bearish,3255.89,2025.06.27 16:30:00,M15,Confirmed,3350.28,1970.01.01 00:00:00
HH,Update,3350.28,2025.06.27 16:30:00,M15,Accepted,,
LL,Update,3255.89,2025.06.27 16:30:00,M15,Accepted,,
HH,Update,3350.28,2025.06.27 16:30:00,M15,Accepted,,
BoS,Bearish,3255.89,2025.06.30 01:15:00,M15,Confirmed,3350.28,1970.01.01 00:00:00
LL,Update,3248.48,2025.06.30 01:15:00,M15,Accepted,,
HH,Update,3296.79,2025.06.30 10:15:00,M15,Accepted,,
LL,Update,3248.48,2025.06.30 20:00:00,M15,Accepted,,
CHoCH,Bullish,3357.92,2025.07.01 15:30:00,M15,Confirmed,3248.48,1970.01.01 00:00:00
LL,Update,3248.48,2025.07.01 15:30:00,M15,Accepted,,
HH,Update,3357.92,2025.07.01 15:30:00,M15,Accepted,,
LL,Update,3327.61,2025.07.02 10:15:00,M15,Accepted,,
BoS,Bullish,3327.61,2025.07.02 23:00:00,M15,Confirmed,3357.92,1970.01.01 00:00:00
HH,Update,3365.74,2025.07.03 01:15:00,M15,Accepted,,
CHoCH,Bearish,3311.69,2025.07.03 15:30:00,M15,Confirmed,3365.74,1970.01.01 00:00:00
HH,Update,3365.74,2025.07.03 15:30:00,M15,Accepted,,
HH,Update,3365.74,2025.07.03 15:30:00,M15,Accepted,,
LL,Update,3311.69,2025.07.03 15:30:00,M15,Accepted,,
HH,Update,3365.74,2025.07.03 15:30:00,M15,Accepted,,
HH,Update,3344.18,2025.07.04 11:30:00,M15,Accepted,,
HH,Update,3342.76,2025.07.07 01:00:00,M15,Accepted,,
BoS,Bearish,3311.69,2025.07.07 04:00:00,M15,Confirmed,3344.18,1970.01.01 00:00:00
LL,Update,3296.45,2025.07.07 13:45:00,M15,Accepted,,
CHoCH,Bullish,3345.76,2025.07.08 01:15:00,M15,Confirmed,3296.45,1970.01.01 00:00:00
LL,Update,3296.45,2025.07.08 01:15:00,M15,Accepted,,
LL,Update,3296.45,2025.07.08 01:15:00,M15,Accepted,,
HH,Update,3345.76,2025.07.08 01:15:00,M15,Accepted,,
CHoCH,Bearish,3287.13,2025.07.08 18:00:00,M15,Confirmed,3345.76,1970.01.01 00:00:00
HH,Update,3339.46,2025.07.08 18:00:00,M15,Accepted,,
HH,Update,3339.46,2025.07.08 18:00:00,M15,Accepted,,
LL,Update,3287.13,2025.07.08 18:00:00,M15,Accepted,,
HH,Update,3339.46,2025.07.08 18:00:00,M15,Accepted,,
BoS,Bearish,3287.13,2025.07.09 11:15:00,M15,Confirmed,3339.46,1970.01.01 00:00:00
LL,Update,3282.77,2025.07.09 11:30:00,M15,Accepted,,
HH,Update,3330.25,2025.07.10 14:15:00,M15,Accepted,,
LL,Update,3282.77,2025.07.11 03:45:00,M15,Accepted,,
CHoCH,Bullish,3373.94,2025.07.14 02:15:00,M15,Confirmed,3282.77,1970.01.01 00:00:00
LL,Update,3282.77,2025.07.14 02:15:00,M15,Accepted,,
HH,Update,3373.94,2025.07.14 02:15:00,M15,Accepted,,
LL,Update,3353.74,2025.07.14 07:15:00,M15,Accepted,,
BoS,Bullish,3282.77,2025.07.14 10:15:00,M15,Confirmed,3373.94,1970.01.01 00:00:00
HH,Update,3374.92,2025.07.14 10:30:00,M15,Accepted,,
HH,Update,3373.94,2025.07.14 15:30:00,M15,Accepted,,
CHoCH,Bearish,3340.71,2025.07.14 23:45:00,M15,Confirmed,3373.94,1970.01.01 00:00:00
HH,Update,3374.92,2025.07.14 23:45:00,M15,Accepted,,
LL,Update,3340.71,2025.07.14 23:45:00,M15,Accepted,,
HH,Update,3374.92,2025.07.14 23:45:00,M15,Accepted,,
HH,Update,3366.73,2025.07.15 13:00:00,M15,Accepted,,
BoS,Bearish,3340.71,2025.07.15 16:30:00,M15,Confirmed,3374.92,1970.01.01 00:00:00
LL,Update,3320.25,2025.07.15 19:15:00,M15,Accepted,,
LL,Update,3319.62,2025.07.16 17:30:00,M15,Accepted,,
HH,Update,3377.48,2025.07.16 18:30:00,M15,Accepted,,
BoS,Bearish,3319.62,2025.07.17 15:30:00,M15,Confirmed,3377.48,1970.01.01 00:00:00
LL,Update,3309.90,2025.07.17 15:45:00,M15,Accepted,,
HH,Update,3361.24,2025.07.18 15:45:00,M15,Accepted,,
LL,Update,3309.90,2025.07.21 08:15:00,M15,Accepted,,
CHoCH,Bullish,3401.59,2025.07.21 17:30:00,M15,Confirmed,3309.90,1970.01.01 00:00:00
LL,Update,3309.90,2025.07.21 17:30:00,M15,Accepted,,
HH,Update,3401.59,2025.07.21 17:30:00,M15,Accepted,,
HH,Update,3402.67,2025.07.22 02:30:00,M15,Accepted,,
LL,Update,3383.26,2025.07.22 10:30:00,M15,Accepted,,
BoS,Bullish,3309.90,2025.07.22 15:30:00,M15,Confirmed,3402.67,1970.01.01 00:00:00
HH,Update,3438.77,2025.07.23 03:15:00,M15,Accepted,,
LL,Update,3416.41,2025.07.23 08:45:00,M15,Accepted,,
HH,Update,3438.77,2025.07.23 16:00:00,M15,Accepted,,
CHoCH,Bearish,3381.52,2025.07.23 19:15:00,M15,Confirmed,3438.77,1970.01.01 00:00:00
HH,Update,3438.77,2025.07.23 19:15:00,M15,Accepted,,
LL,Update,3381.52,2025.07.23 19:15:00,M15,Accepted,,
HH,Update,3438.77,2025.07.23 19:15:00,M15,Accepted,,
BoS,Bearish,3381.52,2025.07.24 06:00:00,M15,Confirmed,3438.77,1970.01.01 00:00:00
LL,Update,3351.39,2025.07.24 16:00:00,M15,Accepted,,
HH,Update,3377.39,2025.07.24 17:30:00,M15,Accepted,,
BoS,Bearish,3351.39,2025.07.25 11:15:00,M15,Confirmed,3377.39,1970.01.01 00:00:00
LL,Update,3325.08,2025.07.25 18:30:00,M15,Accepted,,
LL,Update,3323.89,2025.07.28 01:45:00,M15,Accepted,,
HH,Update,3345.20,2025.07.28 09:00:00,M15,Accepted,,
BoS,Bearish,3323.89,2025.07.28 16:30:00,M15,Confirmed,3345.20,1970.01.01 00:00:00
LL,Update,3301.80,2025.07.28 17:00:00,M15,Accepted,,
HH,Update,3329.81,2025.07.29 11:15:00,M15,Accepted,,
HH,Update,3334.14,2025.07.29 18:00:00,M15,Accepted,,
HH,Update,3334.05,2025.07.30 12:45:00,M15,Accepted,,
BoS,Bearish,3301.80,2025.07.30 18:00:00,M15,Confirmed,3334.14,1970.01.01 00:00:00
LL,Update,3268.17,2025.07.30 22:30:00,M15,Accepted,,
LL,Update,3268.17,2025.08.01 15:45:00,M15,Accepted,,
CHoCH,Bullish,3364.62,2025.08.04 01:00:00,M15,Confirmed,3268.17,1970.01.01 00:00:00
LL,Update,3268.17,2025.08.04 01:00:00,M15,Accepted,,
HH,Update,3364.62,2025.08.04 01:00:00,M15,Accepted,,
LL,Update,3345.07,2025.08.04 04:15:00,M15,Accepted,,
BoS,Bullish,3345.07,2025.08.04 14:15:00,M15,Confirmed,3364.62,1970.01.01 00:00:00
HH,Update,3385.37,2025.08.04 16:45:00,M15,Accepted,,
LL,Update,3349.99,2025.08.05 14:30:00,M15,Accepted,,
BoS,Bullish,3345.07,2025.08.05 18:00:00,M15,Confirmed,3385.37,1970.01.01 00:00:00
HH,Update,3390.38,2025.08.05 19:00:00,M15,Accepted,,
LL,Update,3358.24,2025.08.06 12:45:00,M15,Accepted,,
BoS,Bullish,3358.24,2025.08.07 10:15:00,M15,Confirmed,3390.38,1970.01.01 00:00:00
HH,Update,3397.44,2025.08.07 10:45:00,M15,Accepted,,
BoS,Bullish,3358.24,2025.08.07 22:30:00,M15,Confirmed,3397.44,1970.01.01 00:00:00
HH,Update,3408.84,2025.08.08 01:00:00,M15,Accepted,,
LL,Update,3381.19,2025.08.08 04:30:00,M15,Accepted,,
HH,Update,3404.19,2025.08.11 04:00:00,M15,Accepted,,
CHoCH,Bearish,3341.40,2025.08.11 20:30:00,M15,Confirmed,3408.84,1970.01.01 00:00:00
HH,Update,3404.19,2025.08.11 20:30:00,M15,Accepted,,
LL,Update,3341.40,2025.08.11 20:30:00,M15,Accepted,,
HH,Update,3404.19,2025.08.11 20:30:00,M15,Accepted,,
HH,Update,3358.11,2025.08.12 10:30:00,M15,Accepted,,
BoS,Bearish,3341.40,2025.08.12 15:15:00,M15,Confirmed,3404.19,1970.01.01 00:00:00
LL,Update,3331.13,2025.08.12 17:15:00,M15,Accepted,,
HH,Update,3359.03,2025.08.12 18:15:00,M15,Accepted,,
LL,Update,3331.13,2025.08.13 11:45:00,M15,Accepted,,
CHoCH,Bullish,3370.76,2025.08.13 17:00:00,M15,Confirmed,3331.13,1970.01.01 00:00:00
LL,Update,3331.13,2025.08.13 17:00:00,M15,Accepted,,
HH,Update,3370.76,2025.08.13 17:00:00,M15,Accepted,,
LL,Update,3349.97,2025.08.13 21:15:00,M15,Accepted,,
BoS,Bullish,3331.13,2025.08.14 03:15:00,M15,Confirmed,3370.76,1970.01.01 00:00:00
HH,Update,3374.81,2025.08.14 03:30:00,M15,Accepted,,
HH,Update,3374.81,2025.08.14 10:45:00,M15,Accepted,,
CHoCH,Bearish,3329.85,2025.08.14 19:15:00,M15,Confirmed,3374.81,1970.01.01 00:00:00
HH,Update,3374.81,2025.08.14 19:15:00,M15,Accepted,,
LL,Update,3329.85,2025.08.14 19:15:00,M15,Accepted,,
HH,Update,3374.81,2025.08.14 19:15:00,M15,Accepted,,
HH,Update,3348.67,2025.08.15 08:00:00,M15,Accepted,,
BoS,Bearish,3329.85,2025.08.18 02:15:00,M15,Confirmed,3348.67,1970.01.01 00:00:00
LL,Update,3329.85,2025.08.18 07:15:00,M15,Accepted,,
CHoCH,Bullish,3358.39,2025.08.18 08:00:00,M15,Confirmed,3329.85,1970.01.01 00:00:00
LL,Update,3329.85,2025.08.18 08:00:00,M15,Accepted,,
HH,Update,3358.39,2025.08.18 08:00:00,M15,Accepted,,
LL,Update,3326.04,2025.08.19 03:00:00,M15,Accepted,,
HH,Update,3358.39,2025.08.19 17:45:00,M15,Accepted,,
CHoCH,Bearish,3311.55,2025.08.20 04:15:00,M15,Confirmed,3358.39,1970.01.01 00:00:00
HH,Update,3358.39,2025.08.20 04:15:00,M15,Accepted,,
LL,Update,3311.55,2025.08.20 04:15:00,M15,Accepted,,
HH,Update,3358.39,2025.08.20 04:15:00,M15,Accepted,,
HH,Update,3352.06,2025.08.21 01:00:00,M15,Accepted,,
LL,Update,3311.55,2025.08.22 17:15:00,M15,Accepted,,
CHoCH,Bullish,3378.79,2025.08.22 18:30:00,M15,Confirmed,3311.55,1970.01.01 00:00:00
LL,Update,3311.55,2025.08.22 18:30:00,M15,Accepted,,
HH,Update,3378.79,2025.08.22 18:30:00,M15,Accepted,,
LL,Update,3359.81,2025.08.25 05:00:00,M15,Accepted,,
HH,Update,3376.22,2025.08.26 02:00:00,M15,Accepted,,
LL,Update,3359.81,2025.08.26 03:30:00,M15,Accepted,,
CHoCH,Bullish,3386.44,2025.08.26 03:45:00,M15,Confirmed,3359.81,1970.01.01 00:00:00
LL,Update,3359.81,2025.08.26 03:45:00,M15,Accepted,,
HH,Update,3386.44,2025.08.26 03:45:00,M15,Accepted,,
LL,Update,3367.29,2025.08.26 13:30:00,M15,Accepted,,
BoS,Bullish,3367.29,2025.08.26 22:00:00,M15,Confirmed,3386.44,1970.01.01 00:00:00
HH,Update,3393.49,2025.08.27 03:15:00,M15,Accepted,,
LL,Update,3373.81,2025.08.27 10:15:00,M15,Accepted,,
BoS,Bullish,3373.81,2025.08.27 19:30:00,M15,Confirmed,3393.49,1970.01.01 00:00:00
HH,Update,3399.33,2025.08.28 02:45:00,M15,Accepted,,
LL,Update,3384.60,2025.08.28 05:30:00,M15,Accepted,,
BoS,Bullish,3384.60,2025.08.28 11:45:00,M15,Confirmed,3399.33,1970.01.01 00:00:00
HH,Update,3423.17,2025.08.28 22:45:00,M15,Accepted,,
LL,Update,3404.36,2025.08.29 14:00:00,M15,Accepted,,
BoS,Bullish,3384.60,2025.08.29 16:30:00,M15,Confirmed,3423.17,1970.01.01 00:00:00
HH,Update,3489.81,2025.09.01 09:30:00,M15,Accepted,,
LL,Update,3466.40,2025.09.01 13:00:00,M15,Accepted,,
BoS,Bullish,3466.40,2025.09.02 04:15:00,M15,Confirmed,3489.81,1970.01.01 00:00:00
HH,Update,3508.69,2025.09.02 04:45:00,M15,Accepted,,
LL,Update,3470.34,2025.09.02 11:00:00,M15,Accepted,,
BoS,Bullish,3470.34,2025.09.02 17:30:00,M15,Confirmed,3508.69,1970.01.01 00:00:00
HH,Update,3546.81,2025.09.03 03:15:00,M15,Accepted,,
BoS,Bullish,3470.34,2025.09.03 14:30:00,M15,Confirmed,3546.81,1970.01.01 00:00:00
HH,Update,3578.46,2025.09.03 21:00:00,M15,Accepted,,
LL,Update,3511.45,2025.09.04 06:00:00,M15,Accepted,,
BoS,Bullish,3511.45,2025.09.05 15:30:00,M15,Confirmed,3578.46,1970.01.01 00:00:00
HH,Update,3600.00,2025.09.05 19:15:00,M15,Accepted,,
LL,Update,3579.64,2025.09.08 07:00:00,M15,Accepted,,
BoS,Bullish,3511.45,2025.09.08 10:00:00,M15,Confirmed,3600.00,1970.01.01 00:00:00
HH,Update,3646.35,2025.09.08 18:00:00,M15,Accepted,,
LL,Update,3628.19,2025.09.09 02:15:00,M15,Accepted,,
BoS,Bullish,3579.64,2025.09.09 05:00:00,M15,Confirmed,3646.35,1970.01.01 00:00:00
HH,Update,3659.22,2025.09.09 08:45:00,M15,Accepted,,
BoS,Bullish,3628.19,2025.09.09 16:15:00,M15,Confirmed,3659.22,1970.01.01 00:00:00
HH,Update,3674.12,2025.09.09 17:00:00,M15,Accepted,,
HH,Update,3674.12,2025.09.09 23:45:00,M15,Accepted,,
CHoCH,Bearish,3620.29,2025.09.10 04:15:00,M15,Confirmed,3674.12,1970.01.01 00:00:00
HH,Update,3674.12,2025.09.10 04:15:00,M15,Accepted,,
LL,Update,3620.29,2025.09.10 04:15:00,M15,Accepted,,
HH,Update,3674.12,2025.09.10 04:15:00,M15,Accepted,,
HH,Update,3657.57,2025.09.10 15:30:00,M15,Accepted,,
BoS,Bearish,3620.29,2025.09.11 12:00:00,M15,Confirmed,3657.57,1970.01.01 00:00:00
LL,Update,3620.29,2025.09.15 16:45:00,M15,Accepted,,
CHoCH,Bullish,3685.50,2025.09.15 19:30:00,M15,Confirmed,3620.29,1970.01.01 00:00:00
LL,Update,3620.29,2025.09.15 19:30:00,M15,Accepted,,
HH,Update,3685.50,2025.09.15 19:30:00,M15,Accepted,,
BoS,Bullish,3620.29,2025.09.16 03:45:00,M15,Confirmed,3685.50,1970.01.01 00:00:00
HH,Update,3703.06,2025.09.16 17:15:00,M15,Accepted,,
LL,Update,3678.87,2025.09.16 18:30:00,M15,Accepted,,
HH,Update,3703.06,2025.09.17 04:30:00,M15,Accepted,,
CHoCH,Bearish,3659.76,2025.09.17 14:00:00,M15,Confirmed,3703.06,1970.01.01 00:00:00
HH,Update,3703.06,2025.09.17 14:00:00,M15,Accepted,,
LL,Update,3659.76,2025.09.17 14:00:00,M15,Accepted,,
HH,Update,3703.06,2025.09.17 14:00:00,M15,Accepted,,
HH,Update,3707.42,2025.09.17 21:00:00,M15,Accepted,,
HH,Update,3707.42,2025.09.17 21:00:00,M15,Accepted,,
BoS,Bearish,3659.76,2025.09.17 21:45:00,M15,Confirmed,3703.06,1970.01.01 00:00:00
LL,Update,3646.21,2025.09.17 21:45:00,M15,Accepted,,
BoS,Bearish,3646.21,2025.09.18 09:00:00,M15,Confirmed,3707.42,1970.01.01 00:00:00
LL,Update,3633.83,2025.09.18 09:00:00,M15,Accepted,,
HH,Update,3672.90,2025.09.18 12:30:00,M15,Accepted,,
BoS,Bearish,3633.83,2025.09.18 16:30:00,M15,Confirmed,3707.42,1970.01.01 00:00:00
LL,Update,3627.78,2025.09.18 16:45:00,M15,Accepted,,
LL,Update,3627.78,2025.09.19 21:00:00,M15,Accepted,,
CHoCH,Bullish,3759.35,2025.09.23 04:45:00,M15,Confirmed,3627.78,1970.01.01 00:00:00
LL,Update,3627.78,2025.09.23 04:45:00,M15,Accepted,,
HH,Update,3759.35,2025.09.23 04:45:00,M15,Accepted,,
LL,Update,3737.02,2025.09.23 05:45:00,M15,Accepted,,
BoS,Bullish,3627.78,2025.09.23 11:30:00,M15,Confirmed,3759.35,1970.01.01 00:00:00
HH,Update,3791.18,2025.09.23 12:15:00,M15,Accepted,,
LL,Update,3751.75,2025.09.23 22:15:00,M15,Accepted,,
HH,Update,3779.21,2025.09.24 18:15:00,M15,Accepted,,
CHoCH,Bearish,3717.48,2025.09.24 22:15:00,M15,Confirmed,3791.18,1970.01.01 00:00:00
HH,Update,3779.21,2025.09.24 22:15:00,M15,Accepted,,
LL,Update,3717.48,2025.09.24 22:15:00,M15,Accepted,,
HH,Update,3779.21,2025.09.24 22:15:00,M15,Accepted,,
HH,Update,3751.58,2025.09.25 03:30:00,M15,Accepted,,
LL,Update,3717.48,2025.09.25 11:00:00,M15,Accepted,,
CHoCH,Bullish,3761.62,2025.09.25 11:15:00,M15,Confirmed,3717.48,1970.01.01 00:00:00
LL,Update,3717.48,2025.09.25 11:15:00,M15,Accepted,,
HH,Update,3761.62,2025.09.25 11:15:00,M15,Accepted,,
LL,Update,3721.97,2025.09.25 16:45:00,M15,Accepted,,
BoS,Bullish,3721.97,2025.09.26 16:00:00,M15,Confirmed,3761.62,1970.01.01 00:00:00
HH,Update,3783.80,2025.09.26 17:15:00,M15,Accepted,,
LL,Update,3757.78,2025.09.29 01:00:00,M15,Accepted,,
BoS,Bullish,3721.97,2025.09.29 03:45:00,M15,Confirmed,3783.80,1970.01.01 00:00:00
HH,Update,3871.66,2025.09.30 09:00:00,M15,Accepted,,
LL,Update,3793.21,2025.09.30 12:45:00,M15,Accepted,,
BoS,Bullish,3793.21,2025.10.01 10:45:00,M15,Confirmed,3871.66,1970.01.01 00:00:00
HH,Update,3895.34,2025.10.01 11:15:00,M15,Accepted,,
LL,Update,3852.86,2025.10.02 04:00:00,M15,Accepted,,
HH,Update,3896.82,2025.10.02 16:30:00,M15,Accepted,,
HH,Update,3895.34,2025.10.02 17:30:00,M15,Accepted,,
CHoCH,Bearish,3819.28,2025.10.02 18:30:00,M15,Confirmed,3895.34,1970.01.01 00:00:00
HH,Update,3896.82,2025.10.02 18:30:00,M15,Accepted,,
LL,Update,3819.28,2025.10.02 18:30:00,M15,Accepted,,
HH,Update,3896.82,2025.10.02 18:30:00,M15,Accepted,,
HH,Update,3863.82,2025.10.03 02:45:00,M15,Accepted,,
LL,Update,3819.28,2025.10.03 10:45:00,M15,Accepted,,
CHoCH,Bullish,3977.48,2025.10.07 03:30:00,M15,Confirmed,3819.28,1970.01.01 00:00:00
LL,Update,3819.28,2025.10.07 03:30:00,M15,Accepted,,
HH,Update,3977.48,2025.10.07 03:30:00,M15,Accepted,,
LL,Update,3940.96,2025.10.07 11:00:00,M15,Accepted,,
BoS,Bullish,3819.28,2025.10.07 15:45:00,M15,Confirmed,3977.48,1970.01.01 00:00:00
HH,Update,3990.99,2025.10.07 18:15:00,M15,Accepted,,
BoS,Bullish,3940.96,2025.10.08 02:45:00,M15,Confirmed,3990.99,1970.01.01 00:00:00
LL,Update,4026.73,2025.10.08 16:30:00,M15,Accepted,,
HH,Update,4059.25,2025.10.08 19:30:00,M15,Accepted,,
HH,Update,3990.99,2025.10.09 01:00:00,M15,Accepted,,
HH,Update,3990.99,2025.10.09 01:15:00,M15,Accepted,,
HH,Update,3990.99,2025.10.09 01:30:00,M15,Accepted,,
LL,Update,4026.73,2025.10.09 01:30:00,M15,Accepted,,
HH,Update,3990.99,2025.10.09 01:45:00,M15,Accepted,,
LL,Update,4026.73,2025.10.09 01:45:00,M15,Accepted,,
HH,Update,3990.99,2025.10.09 02:00:00,M15,Accepted,,
LL,Update,4026.73,2025.10.09 02:00:00,M15,Accepted,,
HH,Update,3990.99,2025.10.09 02:15:00,M15,Accepted,,
LL,Update,4026.73,2025.10.09 02:15:00,M15,Accepted,,
LL,Update,4026.73,2025.10.09 02:30:00,M15,Accepted,,
CHoCH,Bearish,4001.38,2025.10.09 02:45:00,M15,Confirmed,3990.99,1970.01.01 00:00:00
HH,Update,4059.25,2025.10.09 02:45:00,M15,Accepted,,
LL,Update,4001.38,2025.10.09 02:45:00,M15,Accepted,,
HH,Update,4059.25,2025.10.09 02:45:00,M15,Accepted,,
HH,Update,4057.93,2025.10.09 16:15:00,M15,Accepted,,
BoS,Bearish,4001.38,2025.10.09 19:30:00,M15,Confirmed,4059.25,1970.01.01 00:00:00
LL,Update,3944.81,2025.10.09 20:15:00,M15,Accepted,,
HH,Update,3994.38,2025.10.10 03:45:00,M15,Accepted,,
LL,Update,3944.81,2025.10.10 12:15:00,M15,Accepted,,
CHoCH,Bullish,4117.01,2025.10.13 19:15:00,M15,Confirmed,3944.81,1970.01.01 00:00:00
LL,Update,3944.81,2025.10.13 19:15:00,M15,Accepted,,
HH,Update,4117.01,2025.10.13 19:15:00,M15,Accepted,,
BoS,Bullish,3944.81,2025.10.14 02:30:00,M15,Confirmed,4117.01,1970.01.01 00:00:00
HH,Update,4179.60,2025.10.14 08:15:00,M15,Accepted,,
LL,Update,4090.64,2025.10.14 09:15:00,M15,Accepted,,
BoS,Bullish,4090.64,2025.10.15 04:15:00,M15,Confirmed,4179.60,1970.01.01 00:00:00
HH,Update,4218.12,2025.10.15 11:15:00,M15,Accepted,,
LL,Update,4164.57,2025.10.15 12:15:00,M15,Accepted,,
BoS,Bullish,4164.57,2025.10.16 03:15:00,M15,Confirmed,4218.12,1970.01.01 00:00:00
HH,Update,4242.14,2025.10.16 06:00:00,M15,Accepted,,
LL,Update,4203.65,2025.10.16 09:00:00,M15,Accepted,,
BoS,Bullish,4164.57,2025.10.16 13:45:00,M15,Confirmed,4242.14,1970.01.01 00:00:00
HH,Update,4379.18,2025.10.17 01:15:00,M15,Accepted,,
CHoCH,Bearish,4186.45,2025.10.17 20:00:00,M15,Confirmed,4379.18,1970.01.01 00:00:00
HH,Update,4379.18,2025.10.17 20:00:00,M15,Accepted,,
LL,Update,4186.45,2025.10.17 20:00:00,M15,Accepted,,
HH,Update,4379.18,2025.10.17 20:00:00,M15,Accepted,,
HH,Update,4379.18,2025.10.17 20:15:00,M15,Accepted,,
HH,Update,4274.11,2025.10.20 01:00:00,M15,Accepted,,
LL,Update,4186.45,2025.10.20 15:00:00,M15,Accepted,,
CHoCH,Bullish,4381.53,2025.10.20 22:45:00,M15,Confirmed,4186.45,1970.01.01 00:00:00
LL,Update,4186.45,2025.10.20 22:45:00,M15,Accepted,,
HH,Update,4381.53,2025.10.20 22:45:00,M15,Accepted,,
HH,Update,4381.53,2025.10.21 16:45:00,M15,Accepted,,
CHoCH,Bearish,4080.66,2025.10.21 17:45:00,M15,Confirmed,4381.53,1970.01.01 00:00:00
HH,Update,4381.53,2025.10.21 17:45:00,M15,Accepted,,
LL,Update,4080.66,2025.10.21 17:45:00,M15,Accepted,,
HH,Update,4381.53,2025.10.21 17:45:00,M15,Accepted,,
BoS,Bearish,4080.66,2025.10.22 03:00:00,M15,Confirmed,4381.53,1970.01.01 00:00:00
LL,Update,4004.22,2025.10.22 03:00:00,M15,Accepted,,
HH,Update,4161.26,2025.10.22 09:45:00,M15,Accepted,,
BoS,Bearish,4004.22,2025.10.27 16:15:00,M15,Confirmed,4161.26,1970.01.01 00:00:00
LL,Update,3971.49,2025.10.27 17:00:00,M15,Accepted,,
HH,Update,4019.75,2025.10.28 03:15:00,M15,Accepted,,
BoS,Bearish,3971.49,2025.10.28 07:30:00,M15,Confirmed,4161.26,1970.01.01 00:00:00
LL,Update,3886.62,2025.10.28 11:00:00,M15,Accepted,,
LL,Update,3886.62,2025.10.29 12:00:00,M15,Accepted,,
CHoCH,Bullish,4030.22,2025.10.29 14:15:00,M15,Confirmed,3886.62,1970.01.01 00:00:00
LL,Update,3886.62,2025.10.29 14:15:00,M15,Accepted,,
HH,Update,4030.22,2025.10.29 14:15:00,M15,Accepted,,
LL,Update,3915.08,2025.10.30 05:00:00,M15,Accepted,,
BoS,Bullish,3915.08,2025.10.31 00:45:00,M15,Confirmed,4030.22,1970.01.01 00:00:00
HH,Update,4046.34,2025.10.31 00:45:00,M15,Accepted,,
LL,Update,3989.19,2025.10.31 06:00:00,M15,Accepted,,
HH,Update,4046.34,2025.10.31 18:00:00,M15,Accepted,,
CHoCH,Bearish,3962.74,2025.11.03 02:15:00,M15,Confirmed,4046.34,1970.01.01 00:00:00
HH,Update,4046.34,2025.11.03 02:15:00,M15,Accepted,,
LL,Update,3962.74,2025.11.03 02:15:00,M15,Accepted,,
HH,Update,4046.34,2025.11.03 02:15:00,M15,Accepted,,
HH,Update,4027.67,2025.11.03 10:00:00,M15,Accepted,,
HH,Update,4030.74,2025.11.03 17:00:00,M15,Accepted,,
HH,Update,4030.74,2025.11.03 17:00:00,M15,Accepted,,
BoS,Bearish,3962.74,2025.11.04 16:15:00,M15,Confirmed,4030.74,1970.01.01 00:00:00
LL,Update,3928.90,2025.11.04 16:30:00,M15,Accepted,,
HH,Update,3987.13,2025.11.05 10:00:00,M15,Accepted,,
CHoCH,Bullish,3990.32,2025.11.05 18:45:00,M15,Confirmed,3928.90,1970.01.01 00:00:00
LL,Update,3928.90,2025.11.05 18:45:00,M15,Accepted,,
HH,Update,3990.32,2025.11.05 18:45:00,M15,Accepted,,
LL,Update,3928.90,2025.11.05 22:00:00,M15,Accepted,,
LL,Update,3964.71,2025.11.06 03:00:00,M15,Accepted,,
BoS,Bullish,3928.90,2025.11.06 08:45:00,M15,Confirmed,3990.32,1970.01.01 00:00:00
HH,Update,4019.55,2025.11.06 13:45:00,M15,Accepted,,
LL,Update,3965.73,2025.11.06 19:15:00,M15,Accepted,,
BoS,Bullish,3965.73,2025.11.07 18:30:00,M15,Confirmed,4019.55,1970.01.01 00:00:00
HH,Update,4027.79,2025.11.07 18:30:00,M15,Accepted,,
BoS,Bullish,3965.73,2025.11.10 03:15:00,M15,Confirmed,4027.79,1970.01.01 00:00:00
HH,Update,4148.70,2025.11.11 06:00:00,M15,Accepted,,
LL,Update,4097.16,2025.11.11 17:15:00,M15,Accepted,,
BoS,Bullish,4097.16,2025.11.12 17:00:00,M15,Confirmed,4148.70,1970.01.01 00:00:00
HH,Update,4211.86,2025.11.12 20:15:00,M15,Accepted,,
LL,Update,4179.89,2025.11.13 03:15:00,M15,Accepted,,
BoS,Bullish,4097.16,2025.11.13 05:45:00,M15,Confirmed,4211.86,1970.01.01 00:00:00
HH,Update,4245.39,2025.11.13 14:45:00,M15,Accepted,,
HH,Update,4211.86,2025.11.13 20:30:00,M15,Accepted,,
CHoCH,Bearish,4145.36,2025.11.13 20:30:00,M15,Confirmed,4211.86,1970.01.01 00:00:00
HH,Update,4245.39,2025.11.13 20:30:00,M15,Accepted,,
LL,Update,4145.36,2025.11.13 20:30:00,M15,Accepted,,
HH,Update,4245.39,2025.11.13 20:30:00,M15,Accepted,,
HH,Update,4211.15,2025.11.14 05:30:00,M15,Accepted,,
BoS,Bearish,4145.36,2025.11.14 13:45:00,M15,Confirmed,4211.15,1970.01.01 00:00:00
LL,Update,4032.39,2025.11.14 16:30:00,M15,Accepted,,
BoS,Bearish,4032.39,2025.11.17 21:30:00,M15,Confirmed,4211.15,1970.01.01 00:00:00
LL,Update,4006.99,2025.11.17 22:00:00,M15,Accepted,,
BoS,Bearish,4006.99,2025.11.18 09:15:00,M15,Confirmed,4211.15,1970.01.01 00:00:00
LL,Update,3998.36,2025.11.18 09:30:00,M15,Accepted,,
HH,Update,4082.06,2025.11.18 22:00:00,M15,Accepted,,
LL,Update,3998.36,2025.11.19 07:30:00,M15,Accepted,,
CHoCH,Bullish,4132.46,2025.11.19 17:15:00,M15,Confirmed,3998.36,1970.01.01 00:00:00
LL,Update,3998.36,2025.11.19 17:15:00,M15,Accepted,,
HH,Update,4132.46,2025.11.19 17:15:00,M15,Accepted,,
LL,Update,4055.78,2025.11.19 19:00:00,M15,Accepted,,
HH,Update,4132.46,2025.11.20 04:15:00,M15,Accepted,,
CHoCH,Bearish,4038.55,2025.11.20 10:15:00,M15,Confirmed,4132.46,1970.01.01 00:00:00
HH,Update,4132.46,2025.11.20 10:15:00,M15,Accepted,,
LL,Update,4038.55,2025.11.20 10:15:00,M15,Accepted,,
HH,Update,4132.46,2025.11.20 10:15:00,M15,Accepted,,
HH,Update,4107.25,2025.11.20 16:45:00,M15,Accepted,,
BoS,Bearish,4038.55,2025.11.21 08:15:00,M15,Confirmed,4107.25,1970.01.01 00:00:00
LL,Update,4022.61,2025.11.21 10:00:00,M15,Accepted,,
HH,Update,4101.25,2025.11.21 19:00:00,M15,Accepted,,
LL,Update,4022.61,2025.11.24 20:45:00,M15,Accepted,,
CHoCH,Bullish,4155.61,2025.11.25 04:45:00,M15,Confirmed,4022.61,1970.01.01 00:00:00
LL,Update,4022.61,2025.11.25 04:45:00,M15,Accepted,,
HH,Update,4155.61,2025.11.25 04:45:00,M15,Accepted,,
LL,Update,4109.01,2025.11.25 10:45:00,M15,Accepted,,
HH,Update,4159.28,2025.11.25 19:30:00,M15,Accepted,,
BoS,Bullish,4109.01,2025.11.26 04:15:00,M15,Confirmed,4159.28,1970.01.01 00:00:00
HH,Update,4169.35,2025.11.26 05:45:00,M15,Accepted,,
BoS,Bullish,4109.01,2025.11.26 13:30:00,M15,Confirmed,4169.35,1970.01.01 00:00:00
HH,Update,4173.45,2025.11.26 14:00:00,M15,Accepted,,
LL,Update,4136.70,2025.11.26 17:00:00,M15,Accepted,,
BoS,Bullish,4136.70,2025.11.28 02:30:00,M15,Confirmed,4173.45,1970.01.01 00:00:00
HH,Update,4193.00,2025.11.28 03:30:00,M15,Accepted,,
LL,Update,4153.90,2025.11.28 10:15:00,M15,Accepted,,
BoS,Bullish,4153.90,2025.11.28 16:15:00,M15,Confirmed,4193.00,1970.01.01 00:00:00
HH,Update,4256.36,2025.12.01 04:00:00,M15,Accepted,,
BoS,Bullish,4153.90,2025.12.01 12:00:00,M15,Confirmed,4256.36,1970.01.01 00:00:00
HH,Update,4264.63,2025.12.01 15:30:00,M15,Accepted,,
LL,Update,4219.32,2025.12.01 17:15:00,M15,Accepted,,
CHoCH,Bearish,4191.11,2025.12.02 03:00:00,M15,Confirmed,4264.63,1970.01.01 00:00:00
HH,Update,4264.63,2025.12.02 03:00:00,M15,Accepted,,
HH,Update,4264.63,2025.12.02 03:00:00,M15,Accepted,,
LL,Update,4191.11,2025.12.02 03:00:00,M15,Accepted,,
HH,Update,4264.63,2025.12.02 03:00:00,M15,Accepted,,
BoS,Bearish,4191.11,2025.12.02 11:30:00,M15,Confirmed,4264.63,1970.01.01 00:00:00
LL,Update,4163.43,2025.12.02 17:45:00,M15,Accepted,,
HH,Update,4228.81,2025.12.03 04:30:00,M15,Accepted,,
LL,Update,4163.43,2025.12.03 16:00:00,M15,Accepted,,
CHoCH,Bullish,4241.35,2025.12.03 16:30:00,M15,Confirmed,4163.43,1970.01.01 00:00:00
LL,Update,4163.43,2025.12.03 16:30:00,M15,Accepted,,
HH,Update,4241.35,2025.12.03 16:30:00,M15,Accepted,,
LL,Update,4195.15,2025.12.03 20:45:00,M15,Accepted,,
HH,Update,4241.35,2025.12.04 05:00:00,M15,Accepted,,
CHoCH,Bearish,4175.07,2025.12.04 07:45:00,M15,Confirmed,4241.35,1970.01.01 00:00:00
HH,Update,4241.35,2025.12.04 07:45:00,M15,Accepted,,
LL,Update,4175.07,2025.12.04 07:45:00,M15,Accepted,,
HH,Update,4241.35,2025.12.04 07:45:00,M15,Accepted,,
HH,Update,4219.38,2025.12.04 18:15:00,M15,Accepted,,
LL,Update,4175.07,2025.12.05 07:45:00,M15,Accepted,,
CHoCH,Bullish,4259.10,2025.12.05 17:30:00,M15,Confirmed,4175.07,1970.01.01 00:00:00
LL,Update,4175.07,2025.12.05 17:30:00,M15,Accepted,,
HH,Update,4259.10,2025.12.05 17:30:00,M15,Accepted,,
LL,Update,4191.89,2025.12.05 23:15:00,M15,Accepted,,
HH,Update,4218.82,2025.12.08 17:00:00,M15,Accepted,,
CHoCH,Bearish,4176.64,2025.12.08 17:15:00,M15,Confirmed,4259.10,1970.01.01 00:00:00
HH,Update,4218.82,2025.12.08 17:15:00,M15,Accepted,,
LL,Update,4176.64,2025.12.08 17:15:00,M15,Accepted,,
HH,Update,4218.82,2025.12.08 17:15:00,M15,Accepted,,
BoS,Bearish,4176.64,2025.12.09 08:00:00,M15,Confirmed,4218.82,1970.01.01 00:00:00
LL,Update,4170.27,2025.12.09 08:00:00,M15,Accepted,,
HH,Update,4213.24,2025.12.09 11:15:00,M15,Accepted,,
LL,Update,4170.27,2025.12.09 18:15:00,M15,Accepted,,
CHoCH,Bullish,4221.43,2025.12.09 18:45:00,M15,Confirmed,4170.27,1970.01.01 00:00:00
LL,Update,4170.27,2025.12.09 18:45:00,M15,Accepted,,
HH,Update,4221.43,2025.12.09 18:45:00,M15,Accepted,,
LL,Update,4187.98,2025.12.10 12:30:00,M15,Accepted,,
HH,Update,4218.78,2025.12.10 21:30:00,M15,Accepted,,
LL,Update,4187.98,2025.12.10 22:15:00,M15,Accepted,,
CHoCH,Bullish,4247.63,2025.12.11 03:00:00,M15,Confirmed,4187.98,1970.01.01 00:00:00
LL,Update,4187.98,2025.12.11 03:00:00,M15,Accepted,,
HH,Update,4247.63,2025.12.11 03:00:00,M15,Accepted,,
LL,Update,4204.34,2025.12.11 08:00:00,M15,Accepted,,
BoS,Bullish,4204.34,2025.12.11 17:30:00,M15,Confirmed,4247.63,1970.01.01 00:00:00
HH,Update,4285.86,2025.12.11 20:00:00,M15,Accepted,,
BoS,Bullish,4204.34,2025.12.12 09:30:00,M15,Confirmed,4285.86,1970.01.01 00:00:00
HH,Update,4353.51,2025.12.12 16:45:00,M15,Accepted,,
LL,Update,4257.44,2025.12.12 18:30:00,M15,Accepted,,
BoS,Bullish,4257.44,2025.12.18 18:00:00,M15,Confirmed,4353.51,1970.01.01 00:00:00
HH,Update,4374.63,2025.12.18 18:15:00,M15,Accepted,,
LL,Update,4309.30,2025.12.19 03:30:00,M15,Accepted,,
BoS,Bullish,4309.30,2025.12.22 03:30:00,M15,Confirmed,4374.63,1970.01.01 00:00:00
HH,Update,4497.79,2025.12.23 04:30:00,M15,Accepted,,
LL,Update,4430.63,2025.12.23 17:00:00,M15,Accepted,,
BoS,Bullish,4430.63,2025.12.24 02:00:00,M15,Confirmed,4497.79,1970.01.01 00:00:00
HH,Update,4525.94,2025.12.24 03:15:00,M15,Accepted,,
LL,Update,4468.29,2025.12.24 05:00:00,M15,Accepted,,
HH,Update,4525.94,2025.12.24 16:45:00,M15,Accepted,,
CHoCH,Bearish,4448.33,2025.12.24 17:45:00,M15,Confirmed,4525.94,1970.01.01 00:00:00
HH,Update,4525.94,2025.12.24 17:45:00,M15,Accepted,,
LL,Update,4448.33,2025.12.24 17:45:00,M15,Accepted,,
HH,Update,4525.94,2025.12.24 17:45:00,M15,Accepted,,
HH,Update,4531.30,2025.12.26 03:00:00,M15,Accepted,,
HH,Update,4531.30,2025.12.26 03:00:00,M15,Accepted,,
LL,Update,4448.33,2025.12.26 17:30:00,M15,Accepted,,
CHoCH,Bullish,4549.92,2025.12.26 18:00:00,M15,Confirmed,4448.33,1970.01.01 00:00:00
LL,Update,4448.33,2025.12.26 18:00:00,M15,Accepted,,
HH,Update,4549.92,2025.12.26 18:00:00,M15,Accepted,,
LL,Update,4472.35,2025.12.29 02:30:00,M15,Accepted,,
HH,Update,4549.92,2025.12.29 09:15:00,M15,Accepted,,
CHoCH,Bearish,4302.53,2025.12.29 17:15:00,M15,Confirmed,4549.92,1970.01.01 00:00:00
HH,Update,4549.92,2025.12.29 17:15:00,M15,Accepted,,
LL,Update,4302.53,2025.12.29 17:15:00,M15,Accepted,,
HH,Update,4549.92,2025.12.29 17:15:00,M15,Accepted,,
HH,Update,4404.25,2025.12.30 15:00:00,M15,Accepted,,
