Ticket,Symbol,Type,SignalType,EntryPrice,ExitPrice,SL,TP,Profit,Spread_Cost,Commission,Swap,Net_Profit,Session,Session_IsDST,EntryTime,ExitTime,LotSize,MagicNumber,Timeframe,Status,Reject_Reason,BodyRatio,BodyRatioMin,BodyRatioPassed,BodyRatioMode,InitialSL,InitialTP,FinalSL,FinalTP,InitialRiskPoints,InitialRewardPoints,FinalRiskPoints,FinalRewardPoints,TrailingModified,TrailingCount,TPExpanded,TPExpandCount,MaxFavorablePoints,MaxAdversePoints,CloseReason
1,XAUUSD,BUY,CHoCH,4399.78,4407.62,4407.62,4457.62,39.2,0.25,0,0,38.95,Sydney_Tokyo_Overlap,NO,2026.01.05 04:45:00,2026.01.05 14:30:00,0.05,12345,M15,EXECUTED,N/A,0.65,0.4,YES,STRICT,4369.78,4429.78,4407.62,4457.62,3000,3000,3000,3000,YES,12,YES,2,0,0,STOP_LOSS
2,XAUUSD,BUY,BoS,4450.7,4468.44,4468.44,4511.11,88.7,0.25,0,0,88.45,Sydney_Tokyo_Overlap,NO,2026.01.06 04:00:00,2026.01.07 03:30:00,0.05,12345,M15,EXECUTED,N/A,0.7,0.4,YES,STRICT,4420.7,4475.7,4468.44,4511.11,3000,2500,3000,2500,YES,20,YES,3,0,0,STOP_LOSS
3,XAUUSD,BUY,CHoCH,4433.03,4506.95,4466.64,4506.95,369.6,0.25,0,0,369.35,London_NewYork_Overlap,NO,2026.01.08 17:00:00,2026.01.09 17:15:00,0.05,12345,M15,EXECUTED,N/A,0.65,0.4,YES,STRICT,4403.03,4463.03,4466.64,4506.95,3000,3000,3000,3000,YES,14,YES,4,0,0,TAKE_PROFIT
4,XAUUSD,BUY,BoS,4472.6,4509.33,4466.64,4509.33,183.65,0.25,0,0,183.4,London_NewYork_Overlap,NO,2026.01.09 15:30:00,2026.01.09 17:15:00,0.05,12345,M15,EXECUTED,N/A,0.7,0.4,YES,STRICT,4442.87,4497.6,4466.64,4509.33,2973,2500,2973,2500,YES,4,YES,1,0,0,TAKE_PROFIT
5,XAUUSD,BUY,CHoCH,4596.45,4626.45,4566.45,4626.45,150,0.25,0,0,149.75,Sydney,NO,2026.01.19 01:00:00,2026.01.19 01:15:00,0.05,12345,M15,EXECUTED,N/A,0.65,0.4,YES,STRICT,4566.45,4626.45,4566.45,4626.45,3000,3000,3000,3000,NO,0,NO,0,0,0,TAKE_PROFIT
6,XAUUSD,BUY,BoS,4689.8,4773.64,4733.56,4773.64,419.2,0.25,0,0,418.95,Sydney_Tokyo_Overlap,NO,2026.01.20 06:45:00,2026.01.21 01:30:00,0.05,12345,M15,EXECUTED,N/A,0.7,0.4,YES,STRICT,4659.8,4714.8,4733.56,4773.64,3000,2500,3000,2500,YES,20,YES,5,0,0,TAKE_PROFIT
7,XAUUSD,BUY,CHoCH,4829.44,4891.65,4850.79,4891.65,311.05,0.25,0,0,310.8,London_NewYork_Overlap,NO,2026.01.22 16:30:00,2026.01.22 19:15:00,0.05,12345,M15,EXECUTED,N/A,0.65,0.4,YES,STRICT,4800.7,4859.44,4850.79,4891.65,2873,3000,2873,3000,YES,8,YES,2,0,0,TAKE_PROFIT
8,XAUUSD,BUY,BoS,4960.63,4985.63,4930.63,4985.63,125,0.25,0,0,124.75,London_NewYork_Overlap,NO,2026.01.23 18:00:00,2026.01.23 18:15:00,0.05,12345,M15,EXECUTED,N/A,0.7,0.4,YES,STRICT,4930.63,4985.63,4930.63,4985.63,3000,2500,3000,2500,NO,0,NO,0,0,0,TAKE_PROFIT
9,XAUUSD,BUY,BoS,4986.96,5016.96,4956.96,5016.96,150,0.25,0,0,149.75,Sydney_Tokyo_Overlap,NO,2026.02.04 02:45:00,2026.02.04 03:00:00,0.05,12345,M15,EXECUTED,N/A,0.7,0.4,YES,STRICT,4956.96,5016.96,4956.96,5016.96,3000,3000,3000,3000,NO,0,NO,0,0,0,TAKE_PROFIT
10,XAUUSD,BUY,BoS,5015.75,5040.75,4985.75,5040.75,125,0.25,0,0,124.75,Sydney_Tokyo_Overlap,NO,2026.02.04 03:00:00,2026.02.04 03:15:00,0.05,12345,M15,EXECUTED,N/A,0.7,0.4,YES,STRICT,4985.75,5040.75,4985.75,5040.75,3000,2500,3000,2500,NO,0,NO,0,0,0,TAKE_PROFIT
11,XAUUSD,BUY,BoS,5033.36,5078.9,5033.61,5078.9,227.7,0.25,0,0,227.45,London_NewYork_Overlap,NO,2026.02.09 17:30:00,2026.02.09 18:15:00,0.05,12345,M15,EXECUTED,N/A,0.7,0.4,YES,STRICT,5003.36,5063.36,5033.61,5078.9,3000,3000,3000,3000,YES,2,YES,1,0,0,TAKE_PROFIT
12,XAUUSD,BUY,BoS,5056.05,5048.24,5048.24,5092.44,-39.05,0.25,0,0,-39.3,London_NewYork_Overlap,NO,2026.02.09 17:45:00,2026.02.09 19:45:00,0.05,12345,M15,EXECUTED,N/A,0.7,0.4,YES,STRICT,5026.05,5081.05,5048.24,5092.44,3000,2500,3000,2500,YES,3,YES,1,0,0,STOP_LOSS
13,XAUUSD,BUY,CHoCH,4987.17,4972.62,4972.62,5017.17,-72.75,0.25,0,0,-73,London_NewYork_Overlap,NO,2026.02.13 16:00:00,2026.02.13 16:30:00,0.05,12345,M15,EXECUTED,N/A,0.65,0.4,YES,STRICT,4957.17,5017.17,4972.62,5017.17,3000,3000,3000,3000,YES,1,NO,0,0,0,STOP_LOSS
14,XAUUSD,BUY,BoS,5009.26,4989.93,4989.93,5039.26,-96.65,0.25,0,0,-96.9,Asia,NO,2026.02.19 08:45:00,2026.02.19 12:00:00,0.05,12345,M15,EXECUTED,N/A,0.7,0.4,YES,STRICT,4979.26,5039.26,4989.93,5039.26,3000,3000,3000,3000,YES,2,NO,0,0,0,STOP_LOSS
15,XAUUSD,BUY,BoS,5018.38,4989.93,4989.93,5043.38,-142.25,0.25,0,0,-142.5,Asia,NO,2026.02.19 09:00:00,2026.02.19 12:00:00,0.05,12345,M15,EXECUTED,N/A,0.7,0.4,YES,STRICT,4988.38,5043.38,4989.93,5043.38,3000,2500,3000,2500,YES,1,NO,0,0,0,STOP_LOSS
16,XAUUSD,BUY,CHoCH,5188.63,5173.04,5173.04,5218.63,-77.95,0.25,0,0,-78.2,Sydney_Tokyo_Overlap,NO,2026.02.25 07:15:00,2026.02.25 12:15:00,0.05,12345,M15,EXECUTED,N/A,0.65,0.4,YES,STRICT,5158.63,5218.63,5173.04,5218.63,3000,3000,3000,3000,YES,1,NO,0,0,0,STOP_LOSS
17,XAUUSD,BUY,BoS,5207.56,5185.14,5185.14,5232.56,-112.1,0.25,0,0,-112.35,NewYork,NO,2026.02.25 18:45:00,2026.02.25 22:15:00,0.05,12345,M15,EXECUTED,N/A,0.7,0.4,YES,STRICT,5177.56,5232.56,5185.14,5232.56,3000,2500,3000,2500,YES,1,NO,0,0,0,STOP_LOSS
18,XAUUSD,BUY,CHoCH,5187.55,5217.55,5158.7,5217.55,150,0.25,0,0,149.75,London_NewYork_Overlap,NO,2026.02.27 15:00:00,2026.02.27 15:15:00,0.05,12345,M15,EXECUTED,N/A,0.65,0.4,YES,STRICT,5158.7,5217.55,5158.7,5217.55,2885,3000,2885,3000,NO,0,NO,0,0,0,TAKE_PROFIT
19,XAUUSD,BUY,BoS,5387.6,5412.6,5357.6,5412.6,125,0.25,0,0,124.75,Asia,NO,2026.03.02 09:00:00,2026.03.02 09:15:00,0.05,12345,M15,EXECUTED,N/A,0.7,0.4,YES,STRICT,5357.6,5412.6,5357.6,5412.6,3000,2500,3000,2500,NO,0,NO,0,0,0,TAKE_PROFIT
20,XAUUSD,BUY,CHoCH,5182.37,5167.51,5167.51,5212.37,-74.3,0.25,0,0,-74.55,London,NO,2026.03.04 12:00:00,2026.03.04 14:30:00,0.05,12345,M15,EXECUTED,N/A,0.65,0.4,YES,STRICT,5152.37,5212.37,5167.51,5212.37,3000,3000,3000,3000,YES,4,NO,0,0,0,STOP_LOSS
21,XAUUSD,BUY,CHoCH,5138.22,5168.22,5127.94,5168.22,150,0.25,0,0,149.75,Sydney,NO,2026.03.10 01:00:00,2026.03.10 03:30:00,0.05,12345,M15,EXECUTED,N/A,0.65,0.4,YES,STRICT,5108.22,5168.22,5127.94,5168.22,3000,3000,3000,3000,YES,2,NO,0,0,0,TAKE_PROFIT
22,XAUUSD,BUY,BoS,5184.17,5157.91,5157.91,5209.17,-131.3,0.25,0,0,-131.55,London,NO,2026.03.10 10:30:00,2026.03.10 12:30:00,0.05,12345,M15,EXECUTED,N/A,0.7,0.4,YES,STRICT,5154.17,5209.17,5157.91,5209.17,3000,2500,3000,2500,YES,1,NO,0,0,0,STOP_LOSS
23,XAUUSD,BUY,BoS,4770.04,4800.04,4740.04,4800.04,150,0.25,0,0,149.75,Sydney,NO,2026.04.08 01:45:00,2026.04.08 02:00:00,0.05,12345,M15,EXECUTED,N/A,0.7,0.4,YES,STRICT,4740.04,4800.04,4740.04,4800.04,3000,3000,3000,3000,NO,0,NO,0,0,0,TAKE_PROFIT
24,XAUUSD,BUY,BoS,4818.2,4853.42,4803.42,4853.42,176.1,0.25,0,0,175.85,Sydney,NO,2026.04.08 02:00:00,2026.04.08 03:00:00,0.05,12345,M15,EXECUTED,N/A,0.7,0.4,YES,STRICT,4788.2,4843.2,4803.42,4853.42,3000,2500,3000,2500,YES,1,YES,1,0,0,TAKE_PROFIT
25,XAUUSD,BUY,CHoCH,4794.89,4870.26,4820.26,4870.26,376.85,0.25,0,0,376.6,London_NewYork_Overlap,NO,2026.04.14 17:15:00,2026.04.15 04:15:00,0.05,12345,M15,EXECUTED,N/A,0.65,0.4,YES,STRICT,4764.89,4824.89,4820.26,4870.26,3000,3000,3000,3000,YES,11,YES,4,0,0,TAKE_PROFIT
26,XAUUSD,BUY,CHoCH,4803.92,4833.92,4793.39,4833.92,150,0.25,0,0,149.75,London_NewYork_Overlap,NO,2026.04.17 15:15:00,2026.04.17 15:45:00,0.05,12345,M15,EXECUTED,N/A,0.65,0.4,YES,STRICT,4773.92,4833.92,4793.39,4833.92,3000,3000,3000,3000,YES,1,NO,0,0,0,TAKE_PROFIT
27,XAUUSD,BUY,BoS,4717.43,4732.71,4732.71,4782.71,76.4,0.25,0,0,76.15,Asia,NO,2026.05.07 09:30:00,2026.05.07 18:45:00,0.05,12345,M15,EXECUTED,N/A,0.7,0.4,YES,STRICT,4687.43,4747.43,4732.71,4782.71,3000,3000,3000,3000,YES,6,YES,3,0,0,STOP_LOSS
28,XAUUSD,BUY,BoS,4746.04,4732.71,4732.71,4782.71,-66.65,0.25,0,0,-66.9,Asia,NO,2026.05.07 09:45:00,2026.05.07 18:45:00,0.05,12345,M15,EXECUTED,N/A,0.7,0.4,YES,STRICT,4716.04,4771.04,4732.71,4782.71,3000,2500,3000,2500,YES,5,YES,1,0,0,STOP_LOSS
29,XAUUSD,BUY,CHoCH,4744.86,4737.31,4737.31,4787.31,-37.75,0.25,0,0,-38,Sydney,NO,2026.05.12 01:45:00,2026.05.12 04:15:00,0.05,12345,M15,EXECUTED,N/A,0.65,0.4,YES,STRICT,4714.86,4774.86,4737.31,4787.31,3000,3000,3000,3000,YES,4,YES,1,0,0,STOP_LOSS
30,XAUUSD,BUY,BoS,4157.15,4129.37,4129.37,4187.15,-138.9,0.25,0,0,-139.15,London_NewYork_Overlap,NO,2026.07.22 18:30:00,2026.07.22 22:45:00,0.05,12345,M15,EXECUTED,N/A,0.7,0.4,YES,STRICT,4127.15,4187.15,4129.37,4187.15,3000,3000,3000,3000,YES,1,NO,0,0,0,STOP_LOSS
31,XAUUSD,BUY,BoS,4159.97,4129.97,4129.97,4184.97,-150,0.25,0,0,-150.25,London_NewYork_Overlap,NO,2026.07.22 18:45:00,2026.07.22 22:45:00,0.05,12345,M15,EXECUTED,N/A,0.7,0.4,YES,STRICT,4129.97,4184.97,4129.97,4184.97,3000,2500,3000,2500,NO,0,NO,0,0,0,STOP_LOSS
32,XAUUSD,BUY,CHoCH,4103.53,4133.53,4073.53,4133.53,150,0.25,0,0,149.75,Sydney_Tokyo_Overlap,NO,2026.08.05 05:30:00,2026.08.05 05:45:00,0.05,12345,M15,EXECUTED,N/A,0.65,0.4,YES,STRICT,4073.53,4133.53,4073.53,4133.53,2999,3000,2999,3000,NO,0,NO,0,0,0,TAKE_PROFIT
33,XAUUSD,BUY,CHoCH,4278.51,4337.32,4294.87,4337.32,294.05,0.25,0,0,293.8,Sydney_Tokyo_Overlap,NO,2026.08.07 09:00:00,2026.08.07 15:30:00,0.05,12345,M15,EXECUTED,N/A,0.65,0.4,YES,STRICT,4248.51,4308.51,4294.87,4337.32,3000,3000,3000,3000,YES,8,YES,2,0,0,TAKE_PROFIT
34,XAUUSD,BUY,BoS,4365.77,4360.59,4360.59,4402.03,-25.9,0.25,0,0,-26.15,NewYork,NO,2026.08.10 21:30:00,2026.08.11 01:00:00,0.05,12345,M15,EXECUTED,N/A,0.7,0.4,YES,STRICT,4335.77,4390.77,4360.59,4402.03,3000,2500,3000,2500,YES,3,YES,1,0,0,STOP_LOSS
