=== Market Structure Events (Sorted by Time) ===,,,,,,
Type,Direction/Action,Price,Time,Timeframe,Status,PreviousPrice,PreviousTime
LL,Update,1796.12,2021.12.30 09:15:00,M15,Accepted,,
HH,Update,1831.82,2022.01.03 01:00:00,M15,Accepted,,
HH,Update,1829.60,2022.01.05 16:45:00,M15,Accepted,,
CHoCH,Bearish,1796.12,2022.01.06 10:45:00,M15,Confirmed,1829.60,1970.01.01 00:00:00
HH,Update,1829.60,2022.01.06 21:00:00,M15,Accepted,,
LL,Update,1786.50,2022.01.06 21:00:00,M15,Accepted,,
HH,Update,1793.28,2022.01.07 05:15:00,M15,Accepted,,
LL,Update,1782.64,2022.01.07 15:30:00,M15,Accepted,,
CHoCH,Bullish,1793.28,2022.01.07 16:00:00,M15,Confirmed,1782.64,1970.01.01 00:00:00
HH,Update,1798.63,2022.01.07 20:30:00,M15,Accepted,,
LL,Update,1791.35,2022.01.10 09:00:00,M15,Accepted,,
BoS,Bullish,1798.63,2022.01.10 12:00:00,M15,Confirmed,1791.35,1970.01.01 00:00:00
HH,Bullish,1802.32,2022.01.10 13:30:00,M15,Updated,1798.63,1970.01.01 00:00:00
HH,Update,1802.32,2022.01.10 13:30:00,M15,Accepted,,
LL,Update,1790.36,2022.01.10 16:15:00,M15,Accepted,,
BoS,Bullish,1802.32,2022.01.11 02:00:00,M15,Confirmed,1790.36,1970.01.01 00:00:00
HH,Bullish,1810.23,2022.01.11 11:15:00,M15,Updated,1802.32,1970.01.01 00:00:00
HH,Update,1810.23,2022.01.11 11:15:00,M15,Accepted,,
LL,Update,1801.79,2022.01.11 16:00:00,M15,Accepted,,
BoS,Bullish,1810.23,2022.01.11 17:45:00,M15,Confirmed,1801.79,1970.01.01 00:00:00
HH,Bullish,1823.25,2022.01.11 22:45:00,M15,Updated,1810.23,1970.01.01 00:00:00
HH,Update,1823.25,2022.01.11 22:45:00,M15,Accepted,,
LL,Update,1814.71,2022.01.12 10:45:00,M15,Accepted,,
BoS,Bullish,1823.25,2022.01.12 16:30:00,M15,Confirmed,1814.71,1970.01.01 00:00:00
HH,Bullish,1828.01,2022.01.12 22:00:00,M15,Updated,1823.25,1970.01.01 00:00:00
HH,Update,1828.01,2022.01.12 22:00:00,M15,Accepted,,
HH,Bullish,1828.14,2022.01.13 07:30:00,M15,Updated,1828.01,1970.01.01 00:00:00
HH,Update,1828.14,2022.01.13 07:30:00,M15,Accepted,,
HH,Bullish,1829.18,2022.01.14 10:15:00,M15,Updated,1828.14,1970.01.01 00:00:00
HH,Update,1829.18,2022.01.14 10:15:00,M15,Accepted,,
CHoCH,Bearish,1814.71,2022.01.17 03:00:00,M15,Confirmed,1829.18,1970.01.01 00:00:00
HH,Update,1829.18,2022.01.17 03:30:00,M15,Accepted,,
LL,Update,1813.20,2022.01.17 03:30:00,M15,Accepted,,
HH,Update,1823.17,2022.01.17 10:30:00,M15,Accepted,,
HH,Update,1822.78,2022.01.18 05:00:00,M15,Accepted,,
BoS,Bearish,1813.20,2022.01.18 10:45:00,M15,Confirmed,1823.17,1970.01.01 00:00:00
LL,Bearish,1805.79,2022.01.18 15:15:00,M15,Updated,1813.20,1970.01.01 00:00:00
LL,Update,1805.79,2022.01.18 15:15:00,M15,Accepted,,
HH,Update,1820.07,2022.01.18 18:00:00,M15,Accepted,,
LL,Update,1810.25,2022.01.19 05:15:00,M15,Accepted,,
CHoCH,Bullish,1820.07,2022.01.19 15:15:00,M15,Confirmed,1810.25,1970.01.01 00:00:00
HH,Update,1844.10,2022.01.20 03:30:00,M15,Accepted,,
LL,Update,1835.95,2022.01.20 14:15:00,M15,Accepted,,
BoS,Bullish,1844.10,2022.01.20 15:45:00,M15,Confirmed,1835.95,1970.01.01 00:00:00
HH,Bullish,1847.92,2022.01.20 17:00:00,M15,Updated,1844.10,1970.01.01 00:00:00
HH,Update,1847.92,2022.01.20 17:00:00,M15,Accepted,,
LL,Update,1836.29,2022.01.21 03:15:00,M15,Accepted,,
HH,Update,1842.76,2022.01.21 09:15:00,M15,Accepted,,
CHoCH,Bearish,1836.29,2022.01.21 10:15:00,M15,Confirmed,1842.76,1970.01.01 00:00:00
HH,Update,1842.76,2022.01.21 10:45:00,M15,Accepted,,
LL,Update,1828.39,2022.01.21 10:45:00,M15,Accepted,,
HH,Bullish,1843.24,2022.01.21 16:00:00,M15,Updated,1842.76,1970.01.01 00:00:00
HH,Update,1843.24,2022.01.21 16:00:00,M15,Accepted,,
HH,Bullish,1844.38,2022.01.24 11:00:00,M15,Updated,1843.24,1970.01.01 00:00:00
HH,Update,1844.38,2022.01.24 11:00:00,M15,Accepted,,
LL,Update,1834.94,2022.01.25 12:30:00,M15,Accepted,,
CHoCH,Bullish,1844.38,2022.01.25 16:45:00,M15,Confirmed,1834.94,1970.01.01 00:00:00
HH,Update,1853.90,2022.01.25 21:45:00,M15,Accepted,,
CHoCH,Bearish,1834.94,2022.01.26 16:30:00,M15,Confirmed,1853.90,1970.01.01 00:00:00
HH,Update,1853.90,2022.01.27 20:00:00,M15,Accepted,,
LL,Update,1791.84,2022.01.27 20:00:00,M15,Accepted,,
HH,Update,1799.42,2022.01.28 05:15:00,M15,Accepted,,
HH,Update,1799.42,2022.01.28 06:00:00,M15,Accepted,,
BoS,Bearish,1791.84,2022.01.28 11:00:00,M15,Confirmed,1853.90,1970.01.01 00:00:00
LL,Bearish,1780.30,2022.01.28 13:15:00,M15,Updated,1791.84,1970.01.01 00:00:00
LL,Update,1780.30,2022.01.28 13:15:00,M15,Accepted,,
HH,Update,1793.09,2022.01.28 17:00:00,M15,Accepted,,
LL,Update,1785.57,2022.01.31 06:15:00,M15,Accepted,,
CHoCH,Bullish,1793.09,2022.01.31 15:45:00,M15,Confirmed,1785.57,1970.01.01 00:00:00
HH,Update,1799.89,2022.01.31 21:00:00,M15,Accepted,,
LL,Update,1795.77,2022.02.01 05:45:00,M15,Accepted,,
BoS,Bullish,1799.89,2022.02.01 07:00:00,M15,Confirmed,1795.77,1970.01.01 00:00:00
HH,Bullish,1808.79,2022.02.01 15:00:00,M15,Updated,1799.89,1970.01.01 00:00:00
HH,Update,1808.79,2022.02.01 15:00:00,M15,Accepted,,
LL,Update,1797.79,2022.02.01 17:00:00,M15,Accepted,,
HH,Update,1807.87,2022.02.01 18:30:00,M15,Accepted,,
CHoCH,Bearish,1797.79,2022.02.02 05:45:00,M15,Confirmed,1807.87,1970.01.01 00:00:00
HH,Update,1807.87,2022.02.02 09:45:00,M15,Accepted,,
LL,Update,1794.51,2022.02.02 09:45:00,M15,Accepted,,
CHoCH,Bullish,1807.87,2022.02.02 17:45:00,M15,Confirmed,1794.51,1970.01.01 00:00:00
HH,Update,1810.77,2022.02.02 19:00:00,M15,Accepted,,
CHoCH,Bearish,1794.51,2022.02.03 16:45:00,M15,Confirmed,1810.77,1970.01.01 00:00:00
HH,Update,1810.77,2022.02.03 16:45:00,M15,Accepted,,
LL,Update,1788.66,2022.02.03 16:45:00,M15,Accepted,,
HH,Update,1807.70,2022.02.03 18:45:00,M15,Accepted,,
LL,Update,1803.21,2022.02.03 20:15:00,M15,Accepted,,
CHoCH,Bullish,1807.70,2022.02.04 10:15:00,M15,Confirmed,1803.21,1970.01.01 00:00:00
HH,Update,1814.88,2022.02.04 15:15:00,M15,Accepted,,
CHoCH,Bearish,1803.21,2022.02.04 15:30:00,M15,Confirmed,1814.88,1970.01.01 00:00:00
HH,Update,1814.88,2022.02.04 16:00:00,M15,Accepted,,
LL,Update,1792.14,2022.02.04 16:00:00,M15,Accepted,,
HH,Bullish,1815.30,2022.02.07 03:00:00,M15,Updated,1814.88,1970.01.01 00:00:00
HH,Update,1815.30,2022.02.07 03:00:00,M15,Accepted,,
LL,Update,1808.79,2022.02.07 03:30:00,M15,Accepted,,
CHoCH,Bullish,1815.30,2022.02.07 15:15:00,M15,Confirmed,1808.79,1970.01.01 00:00:00
HH,Update,1823.54,2022.02.07 21:30:00,M15,Accepted,,
LL,Update,1815.43,2022.02.08 09:30:00,M15,Accepted,,
BoS,Bullish,1823.54,2022.02.08 15:45:00,M15,Confirmed,1815.43,1970.01.01 00:00:00
HH,Bullish,1828.75,2022.02.08 21:00:00,M15,Updated,1823.54,1970.01.01 00:00:00
HH,Update,1828.75,2022.02.08 21:00:00,M15,Accepted,,
LL,Update,1825.06,2022.02.09 02:30:00,M15,Accepted,,
HH,Bullish,1829.26,2022.02.09 07:45:00,M15,Updated,1828.75,1970.01.01 00:00:00
HH,Update,1829.26,2022.02.09 07:45:00,M15,Accepted,,
LL,Update,1825.73,2022.02.09 13:45:00,M15,Accepted,,
BoS,Bullish,1829.26,2022.02.09 15:00:00,M15,Confirmed,1825.73,1970.01.01 00:00:00
HH,Bullish,1835.80,2022.02.09 20:30:00,M15,Updated,1829.26,1970.01.01 00:00:00
HH,Update,1835.80,2022.02.09 20:30:00,M15,Accepted,,
LL,Update,1831.27,2022.02.09 22:15:00,M15,Accepted,,
HH,Update,1836.02,2022.02.10 09:30:00,M15,Accepted,,
CHoCH,Bearish,1831.27,2022.02.10 10:30:00,M15,Confirmed,1836.02,1970.01.01 00:00:00
LL,Update,1821.68,2022.02.10 15:30:00,M15,Accepted,,
CHoCH,Bullish,1836.02,2022.02.10 17:30:00,M15,Confirmed,1821.68,1970.01.01 00:00:00
HH,Update,1841.92,2022.02.10 18:45:00,M15,Accepted,,
LL,Update,1820.92,2022.02.11 09:15:00,M15,Accepted,,
BoS,Bullish,1841.92,2022.02.11 20:30:00,M15,Confirmed,1820.92,1970.01.01 00:00:00
HH,Bullish,1865.45,2022.02.11 22:15:00,M15,Updated,1841.92,1970.01.01 00:00:00
HH,Update,1865.45,2022.02.11 22:15:00,M15,Accepted,,
LL,Update,1850.82,2022.02.14 09:00:00,M15,Accepted,,
BoS,Bullish,1865.45,2022.02.14 16:45:00,M15,Confirmed,1850.82,1970.01.01 00:00:00
HH,Bullish,1874.16,2022.02.14 21:00:00,M15,Updated,1865.45,1970.01.01 00:00:00
HH,Update,1874.16,2022.02.14 21:00:00,M15,Accepted,,
LL,Update,1867.58,2022.02.14 21:15:00,M15,Accepted,,
BoS,Bullish,1874.16,2022.02.15 04:30:00,M15,Confirmed,1867.58,1970.01.01 00:00:00
HH,Update,1879.51,2022.02.15 08:15:00,M15,Accepted,,
CHoCH,Bearish,1867.58,2022.02.15 10:30:00,M15,Confirmed,1879.51,1970.01.01 00:00:00
HH,Update,1879.51,2022.02.15 14:15:00,M15,Accepted,,
LL,Update,1844.49,2022.02.15 14:15:00,M15,Accepted,,
HH,Update,1872.57,2022.02.16 22:30:00,M15,Accepted,,
LL,Update,1867.39,2022.02.16 23:15:00,M15,Accepted,,
CHoCH,Bullish,1872.57,2022.02.17 05:45:00,M15,Confirmed,1867.39,1970.01.01 00:00:00
HH,Update,1902.51,2022.02.18 02:30:00,M15,Accepted,,
LL,Update,1888.22,2022.02.18 03:45:00,M15,Accepted,,
HH,Update,1895.86,2022.02.18 10:45:00,M15,Accepted,,
CHoCH,Bearish,1888.22,2022.02.18 12:30:00,M15,Confirmed,1895.86,1970.01.01 00:00:00
LL,Update,1886.58,2022.02.18 12:30:00,M15,Accepted,,
CHoCH,Bullish,1895.86,2022.02.18 15:15:00,M15,Confirmed,1886.58,1970.01.01 00:00:00
HH,Update,1899.96,2022.02.18 15:30:00,M15,Accepted,,
LL,Update,1890.38,2022.02.18 17:30:00,M15,Accepted,,
BoS,Bullish,1899.96,2022.02.21 01:00:00,M15,Confirmed,1890.38,1970.01.01 00:00:00
HH,Bullish,1908.26,2022.02.21 02:15:00,M15,Updated,1899.96,1970.01.01 00:00:00
HH,Update,1908.26,2022.02.21 02:15:00,M15,Accepted,,
CHoCH,Bearish,1890.38,2022.02.21 08:15:00,M15,Confirmed,1908.26,1970.01.01 00:00:00
HH,Update,1908.26,2022.02.21 09:15:00,M15,Accepted,,
LL,Update,1887.62,2022.02.21 09:15:00,M15,Accepted,,
HH,Update,1898.66,2022.02.21 13:30:00,M15,Accepted,,
LL,Update,1892.48,2022.02.21 16:15:00,M15,Accepted,,
CHoCH,Bullish,1898.66,2022.02.21 20:15:00,M15,Confirmed,1892.48,1970.01.01 00:00:00
HH,Update,1913.98,2022.02.22 01:00:00,M15,Accepted,,
LL,Update,1891.38,2022.02.22 13:45:00,M15,Accepted,,
LL,Update,1889.62,2022.02.23 11:30:00,M15,Accepted,,
BoS,Bullish,1913.98,2022.02.24 04:30:00,M15,Confirmed,1889.62,1970.01.01 00:00:00
HH,Bullish,1974.52,2022.02.24 12:45:00,M15,Updated,1913.98,1970.01.01 00:00:00
HH,Update,1974.52,2022.02.24 12:45:00,M15,Accepted,,
CHoCH,Bearish,1889.62,2022.02.24 21:15:00,M15,Confirmed,1974.52,1970.01.01 00:00:00
HH,Update,1974.52,2022.02.24 21:30:00,M15,Accepted,,
LL,Update,1878.00,2022.02.24 21:30:00,M15,Accepted,,
HH,Update,1926.69,2022.02.28 01:00:00,M15,Accepted,,
LL,Update,1890.86,2022.02.28 19:00:00,M15,Accepted,,
CHoCH,Bullish,1926.69,2022.03.01 18:15:00,M15,Confirmed,1890.86,1970.01.01 00:00:00
HH,Update,1950.17,2022.03.01 23:00:00,M15,Accepted,,
LL,Update,1930.97,2022.03.02 03:15:00,M15,Accepted,,
HH,Update,1947.87,2022.03.02 09:45:00,M15,Accepted,,
CHoCH,Bearish,1930.97,2022.03.02 12:15:00,M15,Confirmed,1947.87,1970.01.01 00:00:00
HH,Update,1947.87,2022.03.02 12:15:00,M15,Accepted,,
LL,Update,1913.42,2022.03.02 12:15:00,M15,Accepted,,
HH,Update,1938.75,2022.03.03 13:30:00,M15,Accepted,,
LL,Update,1923.29,2022.03.03 18:15:00,M15,Accepted,,
CHoCH,Bullish,1938.75,2022.03.03 22:30:00,M15,Confirmed,1923.29,1970.01.01 00:00:00
HH,Update,1950.93,2022.03.04 02:30:00,M15,Accepted,,
LL,Update,1929.56,2022.03.04 03:45:00,M15,Accepted,,
BoS,Bullish,1950.93,2022.03.04 16:30:00,M15,Confirmed,1929.56,1970.01.01 00:00:00
HH,Bullish,2000.93,2022.03.07 03:30:00,M15,Updated,1950.93,1970.01.01 00:00:00
HH,Update,2000.93,2022.03.07 03:30:00,M15,Accepted,,
LL,Update,1976.06,2022.03.07 08:00:00,M15,Accepted,,
BoS,Bullish,2000.93,2022.03.07 12:45:00,M15,Confirmed,1976.06,1970.01.01 00:00:00
HH,Update,2002.61,2022.03.07 12:45:00,M15,Accepted,,
CHoCH,Bearish,1976.06,2022.03.07 15:15:00,M15,Confirmed,2002.61,1970.01.01 00:00:00
HH,Update,2002.61,2022.03.07 15:30:00,M15,Accepted,,
LL,Update,1961.03,2022.03.07 15:30:00,M15,Accepted,,
HH,Update,2000.05,2022.03.08 02:00:00,M15,Accepted,,
LL,Update,1981.08,2022.03.08 03:15:00,M15,Accepted,,
CHoCH,Bullish,2000.05,2022.03.08 08:30:00,M15,Confirmed,1981.08,1970.01.01 00:00:00
HH,Update,2020.89,2022.03.08 09:30:00,M15,Accepted,,
LL,Update,1999.17,2022.03.08 10:30:00,M15,Accepted,,
BoS,Bullish,2020.89,2022.03.08 16:30:00,M15,Confirmed,1999.17,1970.01.01 00:00:00
HH,Bullish,2070.30,2022.03.08 18:45:00,M15,Updated,2020.89,1970.01.01 00:00:00
HH,Update,2070.30,2022.03.08 18:45:00,M15,Accepted,,
LL,Update,2021.07,2022.03.08 19:45:00,M15,Accepted,,
HH,Update,2059.24,2022.03.09 06:15:00,M15,Accepted,,
CHoCH,Bearish,2021.07,2022.03.09 11:45:00,M15,Confirmed,2059.24,1970.01.01 00:00:00
HH,Update,2059.24,2022.03.09 16:00:00,M15,Accepted,,
LL,Update,1976.04,2022.03.09 16:00:00,M15,Accepted,,
LL,Bearish,1970.26,2022.03.10 03:15:00,M15,Updated,1976.04,1970.01.01 00:00:00
BoS,Bearish,1976.04,2022.03.10 03:15:00,M15,Confirmed,2059.24,1970.01.01 00:00:00
LL,Update,1970.26,2022.03.10 03:15:00,M15,Accepted,,
HH,Update,2009.10,2022.03.10 14:30:00,M15,Accepted,,
BoS,Bearish,1970.26,2022.03.11 14:00:00,M15,Confirmed,2009.10,1970.01.01 00:00:00
LL,Bearish,1958.56,2022.03.11 15:45:00,M15,Updated,1970.26,1970.01.01 00:00:00
LL,Update,1958.56,2022.03.11 15:45:00,M15,Accepted,,
HH,Update,1989.99,2022.03.11 19:15:00,M15,Accepted,,
LL,Bearish,1949.70,2022.03.14 15:45:00,M15,Updated,1958.56,1970.01.01 00:00:00
LL,Update,1949.70,2022.03.14 15:45:00,M15,Accepted,,
BoS,Bearish,1958.56,2022.03.14 16:00:00,M15,Confirmed,1989.99,1970.01.01 00:00:00
HH,Update,1961.97,2022.03.14 19:15:00,M15,Accepted,,
BoS,Bearish,1949.70,2022.03.15 02:45:00,M15,Confirmed,1961.97,1970.01.01 00:00:00
LL,Bearish,1907.05,2022.03.15 16:30:00,M15,Updated,1949.70,1970.01.01 00:00:00
LL,Update,1907.05,2022.03.15 16:30:00,M15,Accepted,,
HH,Update,1930.95,2022.03.15 18:45:00,M15,Accepted,,
LL,Bearish,1895.01,2022.03.16 20:15:00,M15,Updated,1907.05,1970.01.01 00:00:00
BoS,Bearish,1907.05,2022.03.16 20:15:00,M15,Confirmed,1930.95,1970.01.01 00:00:00
LL,Update,1895.01,2022.03.16 20:15:00,M15,Accepted,,
CHoCH,Bullish,1930.95,2022.03.17 03:30:00,M15,Confirmed,1895.01,1970.01.01 00:00:00
HH,Update,1949.74,2022.03.17 17:00:00,M15,Accepted,,
LL,Update,1926.89,2022.03.18 05:30:00,M15,Accepted,,
HH,Update,1940.91,2022.03.18 14:45:00,M15,Accepted,,
CHoCH,Bearish,1926.89,2022.03.18 20:45:00,M15,Confirmed,1940.91,1970.01.01 00:00:00
HH,Update,1940.91,2022.03.18 21:45:00,M15,Accepted,,
LL,Update,1917.97,2022.03.18 21:45:00,M15,Accepted,,
LL,Update,1917.69,2022.03.21 15:15:00,M15,Accepted,,
HH,Bullish,1941.02,2022.03.21 20:45:00,M15,Updated,1940.91,1970.01.01 00:00:00
HH,Update,1941.02,2022.03.21 20:45:00,M15,Accepted,,
LL,Bearish,1910.67,2022.03.22 16:00:00,M15,Updated,1917.69,1970.01.01 00:00:00
BoS,Bearish,1917.69,2022.03.22 16:00:00,M15,Confirmed,1941.02,1970.01.01 00:00:00
LL,Update,1910.67,2022.03.22 16:00:00,M15,Accepted,,
HH,Update,1924.84,2022.03.22 20:30:00,M15,Accepted,,
LL,Update,1915.51,2022.03.23 02:45:00,M15,Accepted,,
CHoCH,Bullish,1924.84,2022.03.23 10:45:00,M15,Confirmed,1915.51,1970.01.01 00:00:00
HH,Update,1948.66,2022.03.24 02:30:00,M15,Accepted,,
LL,Update,1937.54,2022.03.24 08:00:00,M15,Accepted,,
BoS,Bullish,1948.66,2022.03.24 13:30:00,M15,Confirmed,1937.54,1970.01.01 00:00:00
HH,Bullish,1966.20,2022.03.24 18:15:00,M15,Updated,1948.66,1970.01.01 00:00:00
HH,Update,1966.20,2022.03.24 18:15:00,M15,Accepted,,
LL,Update,1956.16,2022.03.24 22:45:00,M15,Accepted,,
HH,Update,1964.37,2022.03.25 04:15:00,M15,Accepted,,
CHoCH,Bearish,1956.16,2022.03.25 09:00:00,M15,Confirmed,1964.37,1970.01.01 00:00:00
HH,Update,1964.37,2022.03.25 15:30:00,M15,Accepted,,
LL,Update,1943.20,2022.03.25 15:30:00,M15,Accepted,,
HH,Update,1961.92,2022.03.25 17:30:00,M15,Accepted,,
HH,Update,1958.52,2022.03.28 03:00:00,M15,Accepted,,
BoS,Bearish,1943.20,2022.03.28 07:30:00,M15,Confirmed,1961.92,1970.01.01 00:00:00
LL,Bearish,1925.32,2022.03.28 12:00:00,M15,Updated,1943.20,1970.01.01 00:00:00
LL,Update,1925.32,2022.03.28 12:00:00,M15,Accepted,,
HH,Update,1945.58,2022.03.28 15:15:00,M15,Accepted,,
BoS,Bearish,1925.32,2022.03.28 22:15:00,M15,Confirmed,1945.58,1970.01.01 00:00:00
LL,Bearish,1917.02,2022.03.28 22:45:00,M15,Updated,1925.32,1970.01.01 00:00:00
LL,Update,1917.02,2022.03.28 22:45:00,M15,Accepted,,
HH,Update,1929.36,2022.03.29 04:45:00,M15,Accepted,,
BoS,Bearish,1917.02,2022.03.29 11:30:00,M15,Confirmed,1929.36,1970.01.01 00:00:00
LL,Bearish,1890.02,2022.03.29 15:30:00,M15,Updated,1917.02,1970.01.01 00:00:00
LL,Update,1890.02,2022.03.29 15:30:00,M15,Accepted,,
CHoCH,Bullish,1929.36,2022.03.30 16:30:00,M15,Confirmed,1890.02,1970.01.01 00:00:00
HH,Update,1938.45,2022.03.30 18:00:00,M15,Accepted,,
LL,Update,1919.10,2022.03.31 08:30:00,M15,Accepted,,
BoS,Bullish,1938.45,2022.03.31 16:30:00,M15,Confirmed,1919.10,1970.01.01 00:00:00
HH,Bullish,1949.76,2022.03.31 20:15:00,M15,Updated,1938.45,1970.01.01 00:00:00
HH,Update,1949.76,2022.03.31 20:15:00,M15,Accepted,,
LL,Update,1932.53,2022.04.01 03:15:00,M15,Accepted,,
HH,Update,1939.60,2022.04.01 07:15:00,M15,Accepted,,
CHoCH,Bearish,1932.53,2022.04.01 09:45:00,M15,Confirmed,1939.60,1970.01.01 00:00:00
HH,Update,1939.60,2022.04.01 20:30:00,M15,Accepted,,
LL,Update,1918.06,2022.04.01 20:30:00,M15,Accepted,,
LL,Bearish,1915.50,2022.04.04 07:15:00,M15,Updated,1918.06,1970.01.01 00:00:00
BoS,Bearish,1918.06,2022.04.04 07:15:00,M15,Confirmed,1939.60,1970.01.01 00:00:00
LL,Update,1915.50,2022.04.04 07:15:00,M15,Accepted,,
HH,Update,1936.82,2022.04.04 16:30:00,M15,Accepted,,
LL,Update,1924.20,2022.04.05 15:00:00,M15,Accepted,,
CHoCH,Bullish,1936.82,2022.04.05 16:15:00,M15,Confirmed,1924.20,1970.01.01 00:00:00
HH,Update,1944.58,2022.04.05 17:00:00,M15,Accepted,,
CHoCH,Bearish,1924.20,2022.04.05 18:45:00,M15,Confirmed,1944.58,1970.01.01 00:00:00
HH,Update,1944.58,2022.04.05 19:00:00,M15,Accepted,,
LL,Update,1917.97,2022.04.05 19:00:00,M15,Accepted,,
LL,Bearish,1915.15,2022.04.06 10:00:00,M15,Updated,1917.97,1970.01.01 00:00:00
BoS,Bearish,1917.97,2022.04.06 10:00:00,M15,Confirmed,1944.58,1970.01.01 00:00:00
LL,Update,1915.15,2022.04.06 10:00:00,M15,Accepted,,
HH,Update,1933.41,2022.04.06 12:15:00,M15,Accepted,,
LL,Update,1915.57,2022.04.06 21:15:00,M15,Accepted,,
CHoCH,Bullish,1933.41,2022.04.07 17:30:00,M15,Confirmed,1915.57,1970.01.01 00:00:00
HH,Update,1937.72,2022.04.07 17:45:00,M15,Accepted,,
LL,Update,1927.67,2022.04.08 08:00:00,M15,Accepted,,
BoS,Bullish,1937.72,2022.04.08 16:30:00,M15,Confirmed,1927.67,1970.01.01 00:00:00
HH,Bullish,1948.13,2022.04.08 17:30:00,M15,Updated,1937.72,1970.01.01 00:00:00
HH,Update,1948.13,2022.04.08 17:30:00,M15,Accepted,,
LL,Update,1939.10,2022.04.08 20:00:00,M15,Accepted,,
BoS,Bullish,1948.13,2022.04.11 01:00:00,M15,Confirmed,1939.10,1970.01.01 00:00:00
HH,Bullish,1950.02,2022.04.11 01:00:00,M15,Updated,1948.13,1970.01.01 00:00:00
HH,Update,1950.02,2022.04.11 01:00:00,M15,Accepted,,
LL,Update,1940.00,2022.04.11 08:30:00,M15,Accepted,,
BoS,Bullish,1950.02,2022.04.11 11:15:00,M15,Confirmed,1940.00,1970.01.01 00:00:00
HH,Bullish,1969.78,2022.04.11 15:30:00,M15,Updated,1950.02,1970.01.01 00:00:00
HH,Update,1969.78,2022.04.11 15:30:00,M15,Accepted,,
LL,Update,1940.84,2022.04.11 19:45:00,M15,Accepted,,
BoS,Bullish,1969.78,2022.04.12 15:45:00,M15,Confirmed,1940.84,1970.01.01 00:00:00
HH,Bullish,1978.68,2022.04.12 17:45:00,M15,Updated,1969.78,1970.01.01 00:00:00
HH,Update,1978.68,2022.04.12 17:45:00,M15,Accepted,,
LL,Update,1962.81,2022.04.13 03:45:00,M15,Accepted,,
BoS,Bullish,1978.68,2022.04.13 13:15:00,M15,Confirmed,1962.81,1970.01.01 00:00:00
HH,Bullish,1981.59,2022.04.13 19:00:00,M15,Updated,1978.68,1970.01.01 00:00:00
HH,Update,1981.59,2022.04.13 19:00:00,M15,Accepted,,
CHoCH,Bearish,1962.81,2022.04.14 16:45:00,M15,Confirmed,1981.59,1970.01.01 00:00:00
HH,Update,1981.59,2022.04.14 16:45:00,M15,Accepted,,
LL,Update,1960.38,2022.04.14 16:45:00,M15,Accepted,,
CHoCH,Bullish,1981.59,2022.04.18 02:30:00,M15,Confirmed,1960.38,1970.01.01 00:00:00
HH,Update,1998.43,2022.04.18 15:30:00,M15,Accepted,,
LL,Update,1972.81,2022.04.19 08:30:00,M15,Accepted,,
HH,Update,1982.00,2022.04.19 15:15:00,M15,Accepted,,
CHoCH,Bearish,1972.81,2022.04.19 15:30:00,M15,Confirmed,1982.00,1970.01.01 00:00:00
HH,Update,1982.00,2022.04.20 09:30:00,M15,Accepted,,
LL,Update,1939.32,2022.04.20 09:30:00,M15,Accepted,,
HH,Update,1955.16,2022.04.20 14:45:00,M15,Accepted,,
LL,Update,1943.98,2022.04.20 16:30:00,M15,Accepted,,
CHoCH,Bullish,1955.16,2022.04.20 22:30:00,M15,Confirmed,1943.98,1970.01.01 00:00:00
HH,Update,1958.33,2022.04.20 23:45:00,M15,Accepted,,
CHoCH,Bearish,1943.98,2022.04.21 12:00:00,M15,Confirmed,1958.33,1970.01.01 00:00:00
HH,Update,1958.33,2022.04.21 14:45:00,M15,Accepted,,
LL,Update,1936.84,2022.04.21 14:45:00,M15,Accepted,,
HH,Update,1953.92,2022.04.21 22:30:00,M15,Accepted,,
HH,Bullish,1955.63,2022.04.22 09:00:00,M15,Updated,1953.92,1970.01.01 00:00:00
HH,Update,1955.63,2022.04.22 09:00:00,M15,Accepted,,
BoS,Bearish,1936.84,2022.04.22 13:15:00,M15,Confirmed,1953.92,1970.01.01 00:00:00
LL,Bearish,1926.68,2022.04.22 18:00:00,M15,Updated,1936.84,1970.01.01 00:00:00
LL,Update,1926.68,2022.04.22 18:00:00,M15,Accepted,,
HH,Update,1940.86,2022.04.22 19:00:00,M15,Accepted,,
BoS,Bearish,1926.68,2022.04.25 04:45:00,M15,Confirmed,1940.86,1970.01.01 00:00:00
LL,Bearish,1891.43,2022.04.25 15:45:00,M15,Updated,1926.68,1970.01.01 00:00:00
LL,Update,1891.43,2022.04.25 15:45:00,M15,Accepted,,
HH,Update,1904.14,2022.04.25 16:15:00,M15,Accepted,,
LL,Update,1891.99,2022.04.25 17:15:00,M15,Accepted,,
CHoCH,Bullish,1904.14,2022.04.26 06:00:00,M15,Confirmed,1891.99,1970.01.01 00:00:00
HH,Update,1911.27,2022.04.26 16:30:00,M15,Accepted,,
LL,Update,1896.61,2022.04.26 21:30:00,M15,Accepted,,
HH,Update,1907.03,2022.04.27 02:45:00,M15,Accepted,,
CHoCH,Bearish,1896.61,2022.04.27 11:00:00,M15,Confirmed,1907.03,1970.01.01 00:00:00
HH,Update,1907.03,2022.04.27 18:30:00,M15,Accepted,,
LL,Update,1881.42,2022.04.27 18:30:00,M15,Accepted,,
BoS,Bearish,1881.42,2022.04.28 06:00:00,M15,Confirmed,1907.03,1970.01.01 00:00:00
LL,Bearish,1872.04,2022.04.28 08:30:00,M15,Updated,1881.42,1970.01.01 00:00:00
LL,Update,1872.04,2022.04.28 08:30:00,M15,Accepted,,
HH,Update,1895.39,2022.04.28 15:30:00,M15,Accepted,,
LL,Update,1883.26,2022.04.28 17:45:00,M15,Accepted,,
CHoCH,Bullish,1895.39,2022.04.28 22:15:00,M15,Confirmed,1883.26,1970.01.01 00:00:00
HH,Update,1919.83,2022.04.29 14:45:00,M15,Accepted,,
CHoCH,Bearish,1883.26,2022.05.02 08:00:00,M15,Confirmed,1919.83,1970.01.01 00:00:00
HH,Update,1919.83,2022.05.02 16:45:00,M15,Accepted,,
LL,Update,1854.60,2022.05.02 16:45:00,M15,Accepted,,
HH,Update,1867.08,2022.05.03 03:45:00,M15,Accepted,,
BoS,Bearish,1854.60,2022.05.03 10:00:00,M15,Confirmed,1867.08,1970.01.01 00:00:00
LL,Update,1850.38,2022.05.03 11:45:00,M15,Accepted,,
CHoCH,Bullish,1867.08,2022.05.03 16:30:00,M15,Confirmed,1850.38,1970.01.01 00:00:00
HH,Update,1878.13,2022.05.03 17:45:00,M15,Accepted,,
LL,Update,1861.42,2022.05.04 09:00:00,M15,Accepted,,
BoS,Bullish,1878.13,2022.05.04 21:45:00,M15,Confirmed,1861.42,1970.01.01 00:00:00
HH,Bullish,1903.40,2022.05.05 04:30:00,M15,Updated,1878.13,1970.01.01 00:00:00
HH,Update,1903.40,2022.05.05 04:30:00,M15,Accepted,,
LL,Update,1889.53,2022.05.05 11:15:00,M15,Accepted,,
BoS,Bullish,1903.40,2022.05.05 15:45:00,M15,Confirmed,1889.53,1970.01.01 00:00:00
HH,Update,1909.77,2022.05.05 15:45:00,M15,Accepted,,
CHoCH,Bearish,1889.53,2022.05.05 17:15:00,M15,Confirmed,1909.77,1970.01.01 00:00:00
HH,Update,1909.77,2022.05.05 19:45:00,M15,Accepted,,
LL,Update,1872.57,2022.05.05 19:45:00,M15,Accepted,,
BoS,Bearish,1872.57,2022.05.06 04:00:00,M15,Confirmed,1909.77,1970.01.01 00:00:00
LL,Bearish,1866.06,2022.05.06 04:45:00,M15,Updated,1872.57,1970.01.01 00:00:00
LL,Update,1866.06,2022.05.06 04:45:00,M15,Accepted,,
HH,Update,1892.56,2022.05.06 18:15:00,M15,Accepted,,
BoS,Bearish,1866.06,2022.05.09 11:30:00,M15,Confirmed,1892.56,1970.01.01 00:00:00
LL,Bearish,1856.16,2022.05.09 13:15:00,M15,Updated,1866.06,1970.01.01 00:00:00
LL,Update,1856.16,2022.05.09 13:15:00,M15,Accepted,,
HH,Update,1871.47,2022.05.09 16:15:00,M15,Accepted,,
BoS,Bearish,1856.16,2022.05.09 21:30:00,M15,Confirmed,1892.56,1970.01.01 00:00:00
LL,Bearish,1851.63,2022.05.09 23:00:00,M15,Updated,1856.16,1970.01.01 00:00:00
LL,Update,1851.63,2022.05.09 23:00:00,M15,Accepted,,
HH,Update,1865.39,2022.05.10 09:00:00,M15,Accepted,,
BoS,Bearish,1851.63,2022.05.10 17:45:00,M15,Confirmed,1865.39,1970.01.01 00:00:00
LL,Bearish,1831.97,2022.05.11 03:45:00,M15,Updated,1851.63,1970.01.01 00:00:00
LL,Update,1831.97,2022.05.11 03:45:00,M15,Accepted,,
HH,Update,1858.15,2022.05.11 16:45:00,M15,Accepted,,
HH,Bullish,1858.77,2022.05.12 04:30:00,M15,Updated,1858.15,1970.01.01 00:00:00
HH,Update,1858.77,2022.05.12 04:30:00,M15,Accepted,,
BoS,Bearish,1831.97,2022.05.12 19:45:00,M15,Confirmed,1858.77,1970.01.01 00:00:00
LL,Bearish,1810.50,2022.05.13 01:30:00,M15,Updated,1831.97,1970.01.01 00:00:00
LL,Update,1810.50,2022.05.13 01:30:00,M15,Accepted,,
HH,Update,1828.76,2022.05.13 10:30:00,M15,Accepted,,
BoS,Bearish,1810.50,2022.05.13 16:00:00,M15,Confirmed,1858.77,1970.01.01 00:00:00
LL,Bearish,1799.06,2022.05.13 16:15:00,M15,Updated,1810.50,1970.01.01 00:00:00
LL,Update,1799.06,2022.05.13 16:15:00,M15,Accepted,,
HH,Update,1818.41,2022.05.13 17:30:00,M15,Accepted,,
BoS,Bearish,1799.06,2022.05.16 10:30:00,M15,Confirmed,1818.41,1970.01.01 00:00:00
LL,Bearish,1786.84,2022.05.16 10:45:00,M15,Updated,1799.06,1970.01.01 00:00:00
LL,Update,1786.84,2022.05.16 10:45:00,M15,Accepted,,
CHoCH,Bullish,1818.41,2022.05.16 21:45:00,M15,Confirmed,1786.84,1970.01.01 00:00:00
HH,Update,1829.30,2022.05.17 02:45:00,M15,Accepted,,
LL,Update,1821.86,2022.05.17 06:30:00,M15,Accepted,,
BoS,Bullish,1829.30,2022.05.17 09:45:00,M15,Confirmed,1821.86,1970.01.01 00:00:00
HH,Update,1836.05,2022.05.17 14:45:00,M15,Accepted,,
CHoCH,Bearish,1821.86,2022.05.17 18:15:00,M15,Confirmed,1836.05,1970.01.01 00:00:00
HH,Update,1836.05,2022.05.18 06:45:00,M15,Accepted,,
LL,Update,1807.66,2022.05.18 06:45:00,M15,Accepted,,
LL,Update,1807.32,2022.05.18 15:15:00,M15,Accepted,,
HH,Update,1824.71,2022.05.18 18:45:00,M15,Accepted,,
LL,Update,1810.96,2022.05.19 10:45:00,M15,Accepted,,
CHoCH,Bullish,1824.71,2022.05.19 12:00:00,M15,Confirmed,1810.96,1970.01.01 00:00:00
HH,Update,1849.15,2022.05.19 18:30:00,M15,Accepted,,
LL,Update,1836.60,2022.05.20 05:15:00,M15,Accepted,,
HH,Bullish,1849.44,2022.05.20 10:00:00,M15,Updated,1849.15,1970.01.01 00:00:00
HH,Update,1849.44,2022.05.20 10:00:00,M15,Accepted,,
CHoCH,Bearish,1836.60,2022.05.20 16:45:00,M15,Confirmed,1849.44,1970.01.01 00:00:00
HH,Update,1849.44,2022.05.20 17:00:00,M15,Accepted,,
LL,Update,1832.38,2022.05.20 17:00:00,M15,Accepted,,
CHoCH,Bullish,1849.44,2022.05.23 03:30:00,M15,Confirmed,1832.38,1970.01.01 00:00:00
HH,Update,1865.39,2022.05.23 13:00:00,M15,Accepted,,
LL,Update,1847.10,2022.05.23 20:15:00,M15,Accepted,,
BoS,Bullish,1865.39,2022.05.24 16:45:00,M15,Confirmed,1847.10,1970.01.01 00:00:00
HH,Bullish,1869.67,2022.05.24 19:00:00,M15,Updated,1865.39,1970.01.01 00:00:00
HH,Update,1869.67,2022.05.24 19:00:00,M15,Accepted,,
CHoCH,Bearish,1847.10,2022.05.25 18:45:00,M15,Confirmed,1869.67,1970.01.01 00:00:00
HH,Update,1869.67,2022.05.25 18:45:00,M15,Accepted,,
LL,Update,1842.05,2022.05.25 18:45:00,M15,Accepted,,
HH,Update,1856.32,2022.05.25 22:30:00,M15,Accepted,,
LL,Update,1840.78,2022.05.26 14:15:00,M15,Accepted,,
CHoCH,Bullish,1856.32,2022.05.27 10:15:00,M15,Confirmed,1840.78,1970.01.01 00:00:00
HH,Update,1862.00,2022.05.27 15:00:00,M15,Accepted,,
LL,Update,1850.56,2022.05.27 15:30:00,M15,Accepted,,
HH,Update,1861.34,2022.05.27 16:15:00,M15,Accepted,,
CHoCH,Bearish,1850.56,2022.05.30 02:00:00,M15,Confirmed,1861.34,1970.01.01 00:00:00
HH,Update,1861.34,2022.05.30 02:00:00,M15,Accepted,,
LL,Update,1848.22,2022.05.30 02:00:00,M15,Accepted,,
CHoCH,Bullish,1861.34,2022.05.30 08:00:00,M15,Confirmed,1848.22,1970.01.01 00:00:00
HH,Update,1863.96,2022.05.30 10:00:00,M15,Accepted,,
CHoCH,Bearish,1848.22,2022.05.31 03:45:00,M15,Confirmed,1863.96,1970.01.01 00:00:00
HH,Update,1863.96,2022.05.31 04:00:00,M15,Accepted,,
LL,Update,1845.99,2022.05.31 04:00:00,M15,Accepted,,
HH,Update,1857.09,2022.05.31 11:15:00,M15,Accepted,,
BoS,Bearish,1845.99,2022.05.31 17:15:00,M15,Confirmed,1857.09,1970.01.01 00:00:00
LL,Bearish,1828.50,2022.06.01 12:15:00,M15,Updated,1845.99,1970.01.01 00:00:00
LL,Update,1828.50,2022.06.01 12:15:00,M15,Accepted,,
HH,Update,1850.02,2022.06.01 21:30:00,M15,Accepted,,
LL,Update,1844.13,2022.06.02 08:15:00,M15,Accepted,,
CHoCH,Bullish,1850.02,2022.06.02 09:15:00,M15,Confirmed,1844.13,1970.01.01 00:00:00
HH,Update,1874.09,2022.06.03 03:30:00,M15,Accepted,,
LL,Update,1839.84,2022.06.06 04:30:00,M15,Accepted,,
HH,Update,1857.82,2022.06.06 15:00:00,M15,Accepted,,
CHoCH,Bearish,1839.84,2022.06.07 02:15:00,M15,Confirmed,1857.82,1970.01.01 00:00:00
HH,Update,1857.82,2022.06.07 04:15:00,M15,Accepted,,
LL,Update,1837.03,2022.06.07 04:15:00,M15,Accepted,,
HH,Update,1855.52,2022.06.07 22:15:00,M15,Accepted,,
LL,Update,1844.61,2022.06.08 15:15:00,M15,Accepted,,
CHoCH,Bullish,1855.52,2022.06.08 17:45:00,M15,Confirmed,1844.61,1970.01.01 00:00:00
HH,Update,1859.62,2022.06.08 18:30:00,M15,Accepted,,
LL,Update,1848.72,2022.06.08 23:30:00,M15,Accepted,,
HH,Update,1855.32,2022.06.09 06:45:00,M15,Accepted,,
CHoCH,Bearish,1848.72,2022.06.09 11:15:00,M15,Confirmed,1855.32,1970.01.01 00:00:00
HH,Update,1855.32,2022.06.09 17:15:00,M15,Accepted,,
LL,Update,1840.03,2022.06.09 17:15:00,M15,Accepted,,
HH,Update,1847.57,2022.06.10 10:30:00,M15,Accepted,,
BoS,Bearish,1840.03,2022.06.10 14:30:00,M15,Confirmed,1855.32,1970.01.01 00:00:00
LL,Update,1825.13,2022.06.10 15:30:00,M15,Accepted,,
CHoCH,Bullish,1847.57,2022.06.10 17:30:00,M15,Confirmed,1825.13,1970.01.01 00:00:00
HH,Update,1878.78,2022.06.13 01:00:00,M15,Accepted,,
CHoCH,Bearish,1825.13,2022.06.13 22:00:00,M15,Confirmed,1878.78,1970.01.01 00:00:00
HH,Update,1878.78,2022.06.14 01:00:00,M15,Accepted,,
LL,Update,1813.91,2022.06.14 01:00:00,M15,Accepted,,
HH,Update,1831.55,2022.06.14 10:00:00,M15,Accepted,,
BoS,Bearish,1813.91,2022.06.14 17:15:00,M15,Confirmed,1831.55,1970.01.01 00:00:00
LL,Bearish,1805.17,2022.06.14 22:15:00,M15,Updated,1813.91,1970.01.01 00:00:00
LL,Update,1805.17,2022.06.14 22:15:00,M15,Accepted,,
CHoCH,Bullish,1831.55,2022.06.15 14:30:00,M15,Confirmed,1805.17,1970.01.01 00:00:00
HH,Update,1841.82,2022.06.15 22:15:00,M15,Accepted,,
LL,Update,1815.32,2022.06.16 14:00:00,M15,Accepted,,
BoS,Bullish,1841.82,2022.06.16 18:15:00,M15,Confirmed,1815.32,1970.01.01 00:00:00
HH,Bullish,1857.23,2022.06.16 23:45:00,M15,Updated,1841.82,1970.01.01 00:00:00
HH,Update,1857.23,2022.06.16 23:45:00,M15,Accepted,,
LL,Update,1841.71,2022.06.17 06:45:00,M15,Accepted,,
HH,Update,1853.05,2022.06.17 15:45:00,M15,Accepted,,
CHoCH,Bearish,1841.71,2022.06.17 17:00:00,M15,Confirmed,1853.05,1970.01.01 00:00:00
HH,Update,1853.05,2022.06.17 22:00:00,M15,Accepted,,
LL,Update,1833.94,2022.06.17 22:00:00,M15,Accepted,,
HH,Update,1846.03,2022.06.20 06:45:00,M15,Accepted,,
BoS,Bearish,1833.94,2022.06.21 10:15:00,M15,Confirmed,1846.03,1970.01.01 00:00:00
LL,Bearish,1830.79,2022.06.21 14:45:00,M15,Updated,1833.94,1970.01.01 00:00:00
LL,Update,1830.79,2022.06.21 14:45:00,M15,Accepted,,
HH,Update,1843.63,2022.06.21 17:30:00,M15,Accepted,,
BoS,Bearish,1830.79,2022.06.21 22:30:00,M15,Confirmed,1846.03,1970.01.01 00:00:00
LL,Update,1823.48,2022.06.22 11:00:00,M15,Accepted,,
CHoCH,Bullish,1843.63,2022.06.22 15:45:00,M15,Confirmed,1823.48,1970.01.01 00:00:00
HH,Update,1847.93,2022.06.22 16:45:00,M15,Accepted,,
LL,Update,1823.98,2022.06.23 14:30:00,M15,Accepted,,
HH,Update,1846.04,2022.06.23 16:45:00,M15,Accepted,,
CHoCH,Bearish,1823.98,2022.06.23 21:15:00,M15,Confirmed,1846.04,1970.01.01 00:00:00
HH,Update,1846.04,2022.06.24 16:00:00,M15,Accepted,,
LL,Update,1816.92,2022.06.24 16:00:00,M15,Accepted,,
HH,Update,1841.03,2022.06.27 10:15:00,M15,Accepted,,
BoS,Bearish,1816.92,2022.06.29 11:30:00,M15,Confirmed,1841.03,1970.01.01 00:00:00
LL,Bearish,1812.16,2022.06.29 12:30:00,M15,Updated,1816.92,1970.01.01 00:00:00
LL,Update,1812.16,2022.06.29 12:30:00,M15,Accepted,,
HH,Update,1833.07,2022.06.29 15:30:00,M15,Accepted,,
BoS,Bearish,1812.16,2022.06.30 12:30:00,M15,Confirmed,1833.07,1970.01.01 00:00:00
LL,Bearish,1802.75,2022.06.30 14:45:00,M15,Updated,1812.16,1970.01.01 00:00:00
LL,Update,1802.75,2022.06.30 14:45:00,M15,Accepted,,
HH,Update,1825.10,2022.06.30 16:00:00,M15,Accepted,,
BoS,Bearish,1802.75,2022.07.01 06:45:00,M15,Confirmed,1825.10,1970.01.01 00:00:00
LL,Bearish,1784.45,2022.07.01 15:45:00,M15,Updated,1802.75,1970.01.01 00:00:00
LL,Update,1784.45,2022.07.01 15:45:00,M15,Accepted,,
HH,Update,1814.26,2022.07.04 05:15:00,M15,Accepted,,
BoS,Bearish,1784.45,2022.07.05 17:00:00,M15,Confirmed,1814.26,1970.01.01 00:00:00
LL,Bearish,1763.95,2022.07.05 20:15:00,M15,Updated,1784.45,1970.01.01 00:00:00
LL,Update,1763.95,2022.07.05 20:15:00,M15,Accepted,,
HH,Update,1772.86,2022.07.06 04:00:00,M15,Accepted,,
BoS,Bearish,1763.95,2022.07.06 08:45:00,M15,Confirmed,1814.26,1970.01.01 00:00:00
LL,Bearish,1732.25,2022.07.06 19:00:00,M15,Updated,1763.95,1970.01.01 00:00:00
LL,Update,1732.25,2022.07.06 19:00:00,M15,Accepted,,
HH,Update,1743.92,2022.07.06 22:15:00,M15,Accepted,,
LL,Update,1736.50,2022.07.07 04:45:00,M15,Accepted,,
CHoCH,Bullish,1743.92,2022.07.07 06:00:00,M15,Confirmed,1736.50,1970.01.01 00:00:00
HH,Update,1747.69,2022.07.07 08:30:00,M15,Accepted,,
LL,Update,1738.00,2022.07.07 16:00:00,M15,Accepted,,
HH,Bullish,1749.12,2022.07.07 17:00:00,M15,Updated,1747.69,1970.01.01 00:00:00
HH,Update,1749.12,2022.07.07 17:00:00,M15,Accepted,,
CHoCH,Bearish,1738.00,2022.07.08 10:30:00,M15,Confirmed,1749.12,1970.01.01 00:00:00
HH,Update,1749.12,2022.07.08 15:30:00,M15,Accepted,,
LL,Update,1732.95,2022.07.08 15:30:00,M15,Accepted,,
HH,Bullish,1752.45,2022.07.08 17:45:00,M15,Updated,1749.12,1970.01.01 00:00:00
HH,Update,1752.45,2022.07.08 17:45:00,M15,Accepted,,
HH,Update,1742.71,2022.07.11 16:45:00,M15,Accepted,,
BoS,Bearish,1732.95,2022.07.11 22:30:00,M15,Confirmed,1752.45,1970.01.01 00:00:00
LL,Bearish,1723.23,2022.07.12 04:15:00,M15,Updated,1732.95,1970.01.01 00:00:00
LL,Update,1723.23,2022.07.12 04:15:00,M15,Accepted,,
HH,Bullish,1744.20,2022.07.12 04:30:00,M15,Updated,1742.71,1970.01.01 00:00:00
HH,Update,1744.20,2022.07.12 04:30:00,M15,Accepted,,
LL,Bearish,1722.53,2022.07.13 09:15:00,M15,Updated,1723.23,1970.01.01 00:00:00
LL,Update,1722.53,2022.07.13 09:15:00,M15,Accepted,,
BoS,Bearish,1722.53,2022.07.13 15:30:00,M15,Confirmed,1744.20,1970.01.01 00:00:00
LL,Update,1707.03,2022.07.13 15:30:00,M15,Accepted,,
CHoCH,Bullish,1744.20,2022.07.13 18:00:00,M15,Confirmed,1707.03,1970.01.01 00:00:00
HH,Update,1745.42,2022.07.13 18:00:00,M15,Accepted,,
CHoCH,Bearish,1707.03,2022.07.14 16:15:00,M15,Confirmed,1745.42,1970.01.01 00:00:00
HH,Update,1745.42,2022.07.14 16:45:00,M15,Accepted,,
LL,Update,1697.61,2022.07.14 16:45:00,M15,Accepted,,
HH,Update,1716.62,2022.07.15 05:15:00,M15,Accepted,,
LL,Update,1699.09,2022.07.15 17:15:00,M15,Accepted,,
CHoCH,Bullish,1716.62,2022.07.18 08:30:00,M15,Confirmed,1699.09,1970.01.01 00:00:00
HH,Update,1723.95,2022.07.18 12:30:00,M15,Accepted,,
LL,Update,1705.38,2022.07.19 03:15:00,M15,Accepted,,
HH,Update,1714.46,2022.07.20 16:30:00,M15,Accepted,,
CHoCH,Bearish,1705.38,2022.07.20 19:30:00,M15,Confirmed,1714.46,1970.01.01 00:00:00
HH,Update,1714.46,2022.07.21 14:30:00,M15,Accepted,,
LL,Update,1680.84,2022.07.21 14:30:00,M15,Accepted,,
CHoCH,Bullish,1714.46,2022.07.21 21:30:00,M15,Confirmed,1680.84,1970.01.01 00:00:00
HH,Update,1720.32,2022.07.21 23:45:00,M15,Accepted,,
LL,Update,1712.90,2022.07.22 06:45:00,M15,Accepted,,
BoS,Bullish,1720.32,2022.07.22 12:15:00,M15,Confirmed,1712.90,1970.01.01 00:00:00
HH,Bullish,1739.31,2022.07.22 17:00:00,M15,Updated,1720.32,1970.01.01 00:00:00
HH,Update,1739.31,2022.07.22 17:00:00,M15,Accepted,,
LL,Update,1719.95,2022.07.25 04:00:00,M15,Accepted,,
HH,Update,1736.28,2022.07.25 12:45:00,M15,Accepted,,
CHoCH,Bearish,1719.95,2022.07.25 17:00:00,M15,Confirmed,1736.28,1970.01.01 00:00:00
HH,Update,1736.28,2022.07.25 17:45:00,M15,Accepted,,
LL,Update,1714.77,2022.07.25 17:45:00,M15,Accepted,,
HH,Update,1728.22,2022.07.26 04:45:00,M15,Accepted,,
LL,Update,1713.66,2022.07.26 15:15:00,M15,Accepted,,
LL,Update,1711.52,2022.07.27 16:45:00,M15,Accepted,,
CHoCH,Bullish,1728.22,2022.07.27 21:30:00,M15,Confirmed,1711.52,1970.01.01 00:00:00
HH,Update,1767.93,2022.07.29 09:15:00,M15,Accepted,,
LL,Update,1751.98,2022.07.29 17:00:00,M15,Accepted,,
BoS,Bullish,1767.93,2022.08.01 12:30:00,M15,Confirmed,1751.98,1970.01.01 00:00:00
HH,Bullish,1775.23,2022.08.01 15:15:00,M15,Updated,1767.93,1970.01.01 00:00:00
HH,Update,1775.23,2022.08.01 15:15:00,M15,Accepted,,
LL,Update,1764.22,2022.08.01 18:00:00,M15,Accepted,,
BoS,Bullish,1775.23,2022.08.02 03:30:00,M15,Confirmed,1764.22,1970.01.01 00:00:00
HH,Bullish,1780.58,2022.08.02 03:45:00,M15,Updated,1775.23,1970.01.01 00:00:00
HH,Update,1780.58,2022.08.02 03:45:00,M15,Accepted,,
LL,Update,1768.96,2022.08.02 10:30:00,M15,Accepted,,
BoS,Bullish,1780.58,2022.08.02 15:15:00,M15,Confirmed,1768.96,1970.01.01 00:00:00
HH,Update,1788.06,2022.08.02 15:30:00,M15,Accepted,,
CHoCH,Bearish,1768.96,2022.08.02 21:00:00,M15,Confirmed,1788.06,1970.01.01 00:00:00
HH,Update,1788.06,2022.08.03 02:45:00,M15,Accepted,,
LL,Update,1754.95,2022.08.03 02:45:00,M15,Accepted,,
HH,Update,1770.64,2022.08.03 08:45:00,M15,Accepted,,
LL,Update,1760.30,2022.08.03 13:15:00,M15,Accepted,,
CHoCH,Bullish,1770.64,2022.08.03 15:45:00,M15,Confirmed,1760.30,1970.01.01 00:00:00
HH,Update,1772.80,2022.08.03 16:00:00,M15,Accepted,,
CHoCH,Bearish,1760.30,2022.08.03 17:00:00,M15,Confirmed,1772.80,1970.01.01 00:00:00
HH,Update,1772.80,2022.08.03 17:45:00,M15,Accepted,,
LL,Update,1754.34,2022.08.03 17:45:00,M15,Accepted,,
CHoCH,Bullish,1772.80,2022.08.04 08:15:00,M15,Confirmed,1754.34,1970.01.01 00:00:00
HH,Update,1794.95,2022.08.04 21:45:00,M15,Accepted,,
LL,Update,1764.98,2022.08.05 16:00:00,M15,Accepted,,
BoS,Bullish,1794.95,2022.08.09 16:00:00,M15,Confirmed,1764.98,1970.01.01 00:00:00
HH,Bullish,1800.45,2022.08.09 16:30:00,M15,Updated,1794.95,1970.01.01 00:00:00
HH,Update,1800.45,2022.08.09 16:30:00,M15,Accepted,,
LL,Update,1790.18,2022.08.09 18:00:00,M15,Accepted,,
HH,Update,1798.32,2022.08.09 19:00:00,M15,Accepted,,
CHoCH,Bearish,1790.18,2022.08.10 08:00:00,M15,Confirmed,1798.32,1970.01.01 00:00:00
HH,Update,1798.32,2022.08.10 09:30:00,M15,Accepted,,
LL,Update,1787.62,2022.08.10 09:30:00,M15,Accepted,,
CHoCH,Bullish,1798.32,2022.08.10 15:30:00,M15,Confirmed,1787.62,1970.01.01 00:00:00
HH,Update,1807.87,2022.08.10 15:30:00,M15,Accepted,,
CHoCH,Bearish,1787.62,2022.08.11 05:00:00,M15,Confirmed,1807.87,1970.01.01 00:00:00
HH,Update,1807.87,2022.08.11 08:15:00,M15,Accepted,,
LL,Update,1783.59,2022.08.11 08:15:00,M15,Accepted,,
HH,Update,1799.31,2022.08.11 15:30:00,M15,Accepted,,
LL,Update,1784.88,2022.08.12 14:45:00,M15,Accepted,,
CHoCH,Bullish,1799.31,2022.08.12 20:00:00,M15,Confirmed,1784.88,1970.01.01 00:00:00
HH,Update,1802.27,2022.08.15 01:00:00,M15,Accepted,,
CHoCH,Bearish,1784.88,2022.08.15 11:45:00,M15,Confirmed,1802.27,1970.01.01 00:00:00
HH,Update,1802.27,2022.08.15 14:45:00,M15,Accepted,,
LL,Update,1772.98,2022.08.15 14:45:00,M15,Accepted,,
HH,Update,1783.09,2022.08.16 06:00:00,M15,Accepted,,
LL,Bearish,1771.47,2022.08.16 15:30:00,M15,Updated,1772.98,1970.01.01 00:00:00
LL,Update,1771.47,2022.08.16 15:30:00,M15,Accepted,,
BoS,Bearish,1772.98,2022.08.16 15:45:00,M15,Confirmed,1783.09,1970.01.01 00:00:00
HH,Update,1778.64,2022.08.16 17:45:00,M15,Accepted,,
LL,Update,1772.79,2022.08.16 19:00:00,M15,Accepted,,
CHoCH,Bullish,1778.64,2022.08.17 08:30:00,M15,Confirmed,1772.79,1970.01.01 00:00:00
HH,Update,1782.34,2022.08.17 09:00:00,M15,Accepted,,
CHoCH,Bearish,1772.79,2022.08.17 11:00:00,M15,Confirmed,1782.34,1970.01.01 00:00:00
HH,Update,1782.34,2022.08.17 19:30:00,M15,Accepted,,
LL,Update,1759.80,2022.08.17 19:30:00,M15,Accepted,,
HH,Update,1772.40,2022.08.18 14:30:00,M15,Accepted,,
BoS,Bearish,1759.80,2022.08.18 18:30:00,M15,Confirmed,1782.34,1970.01.01 00:00:00
LL,Bearish,1727.77,2022.08.22 15:45:00,M15,Updated,1759.80,1970.01.01 00:00:00
LL,Update,1727.77,2022.08.22 15:45:00,M15,Accepted,,
HH,Update,1740.05,2022.08.22 17:30:00,M15,Accepted,,
HH,Bullish,1740.52,2022.08.23 04:45:00,M15,Updated,1740.05,1970.01.01 00:00:00
HH,Update,1740.52,2022.08.23 04:45:00,M15,Accepted,,
LL,Update,1734.76,2022.08.23 09:15:00,M15,Accepted,,
CHoCH,Bullish,1740.52,2022.08.23 11:30:00,M15,Confirmed,1734.76,1970.01.01 00:00:00
HH,Update,1743.90,2022.08.23 11:45:00,M15,Accepted,,
CHoCH,Bearish,1734.76,2022.08.23 15:15:00,M15,Confirmed,1743.90,1970.01.01 00:00:00
LL,Update,1730.82,2022.08.23 15:30:00,M15,Accepted,,
CHoCH,Bullish,1743.90,2022.08.23 16:45:00,M15,Confirmed,1730.82,1970.01.01 00:00:00
HH,Update,1754.11,2022.08.23 17:15:00,M15,Accepted,,
LL,Update,1744.10,2022.08.24 05:30:00,M15,Accepted,,
HH,Update,1753.63,2022.08.24 12:00:00,M15,Accepted,,
CHoCH,Bearish,1744.10,2022.08.24 16:15:00,M15,Confirmed,1753.63,1970.01.01 00:00:00
HH,Bullish,1755.90,2022.08.24 18:15:00,M15,Updated,1753.63,1970.01.01 00:00:00
HH,Update,1755.90,2022.08.24 18:15:00,M15,Accepted,,
LL,Update,1747.69,2022.08.24 20:30:00,M15,Accepted,,
CHoCH,Bullish,1755.90,2022.08.25 06:00:00,M15,Confirmed,1747.69,1970.01.01 00:00:00
HH,Update,1765.50,2022.08.25 14:15:00,M15,Accepted,,
LL,Update,1752.22,2022.08.25 17:00:00,M15,Accepted,,
HH,Update,1759.94,2022.08.25 20:00:00,M15,Accepted,,
CHoCH,Bearish,1752.22,2022.08.26 11:00:00,M15,Confirmed,1759.94,1970.01.01 00:00:00
HH,Update,1759.94,2022.08.26 19:00:00,M15,Accepted,,
LL,Update,1734.20,2022.08.26 19:00:00,M15,Accepted,,
BoS,Bearish,1734.20,2022.08.29 04:00:00,M15,Confirmed,1759.94,1970.01.01 00:00:00
LL,Bearish,1720.31,2022.08.29 11:00:00,M15,Updated,1734.20,1970.01.01 00:00:00
LL,Update,1720.31,2022.08.29 11:00:00,M15,Accepted,,
HH,Update,1745.52,2022.08.29 17:15:00,M15,Accepted,,
BoS,Bearish,1720.31,2022.08.31 11:15:00,M15,Confirmed,1745.52,1970.01.01 00:00:00
LL,Bearish,1709.63,2022.08.31 13:45:00,M15,Updated,1720.31,1970.01.01 00:00:00
LL,Update,1709.63,2022.08.31 13:45:00,M15,Accepted,,
HH,Update,1723.53,2022.08.31 17:30:00,M15,Accepted,,
BoS,Bearish,1709.63,2022.09.01 02:00:00,M15,Confirmed,1723.53,1970.01.01 00:00:00
LL,Bearish,1702.32,2022.09.01 05:00:00,M15,Updated,1709.63,1970.01.01 00:00:00
LL,Update,1702.32,2022.09.01 05:00:00,M15,Accepted,,
HH,Update,1708.72,2022.09.01 12:30:00,M15,Accepted,,
BoS,Bearish,1702.32,2022.09.01 13:30:00,M15,Confirmed,1723.53,1970.01.01 00:00:00
LL,Bearish,1688.80,2022.09.01 17:45:00,M15,Updated,1702.32,1970.01.01 00:00:00
LL,Update,1688.80,2022.09.01 17:45:00,M15,Accepted,,
HH,Update,1699.63,2022.09.01 19:15:00,M15,Accepted,,
LL,Update,1694.31,2022.09.01 23:00:00,M15,Accepted,,
CHoCH,Bullish,1699.63,2022.09.02 08:30:00,M15,Confirmed,1694.31,1970.01.01 00:00:00
HH,Update,1717.98,2022.09.02 17:45:00,M15,Accepted,,
LL,Update,1707.71,2022.09.05 03:00:00,M15,Accepted,,
BoS,Bullish,1717.98,2022.09.06 03:30:00,M15,Confirmed,1707.71,1970.01.01 00:00:00
HH,Bullish,1726.77,2022.09.06 03:45:00,M15,Updated,1717.98,1970.01.01 00:00:00
HH,Update,1726.77,2022.09.06 03:45:00,M15,Accepted,,
CHoCH,Bearish,1707.71,2022.09.06 16:00:00,M15,Confirmed,1726.77,1970.01.01 00:00:00
HH,Update,1726.77,2022.09.07 07:15:00,M15,Accepted,,
LL,Update,1691.27,2022.09.07 07:15:00,M15,Accepted,,
HH,Update,1719.39,2022.09.07 23:45:00,M15,Accepted,,
LL,Update,1713.58,2022.09.08 05:30:00,M15,Accepted,,
CHoCH,Bullish,1719.39,2022.09.08 10:00:00,M15,Confirmed,1713.58,1970.01.01 00:00:00
HH,Update,1728.20,2022.09.08 14:30:00,M15,Accepted,,
CHoCH,Bearish,1713.58,2022.09.08 16:00:00,M15,Confirmed,1728.20,1970.01.01 00:00:00
HH,Update,1728.20,2022.09.08 17:30:00,M15,Accepted,,
LL,Update,1703.96,2022.09.08 17:30:00,M15,Accepted,,
HH,Bullish,1729.41,2022.09.09 10:15:00,M15,Updated,1728.20,1970.01.01 00:00:00
HH,Update,1729.41,2022.09.09 10:15:00,M15,Accepted,,
LL,Update,1711.37,2022.09.09 16:45:00,M15,Accepted,,
CHoCH,Bullish,1729.41,2022.09.12 15:00:00,M15,Confirmed,1711.37,1970.01.01 00:00:00
HH,Update,1735.13,2022.09.12 18:45:00,M15,Accepted,,
LL,Update,1720.07,2022.09.13 08:00:00,M15,Accepted,,
HH,Update,1731.82,2022.09.13 15:15:00,M15,Accepted,,
CHoCH,Bearish,1720.07,2022.09.13 15:30:00,M15,Confirmed,1731.82,1970.01.01 00:00:00
HH,Update,1731.82,2022.09.13 16:15:00,M15,Accepted,,
LL,Update,1697.11,2022.09.13 16:15:00,M15,Accepted,,
HH,Update,1707.11,2022.09.14 15:45:00,M15,Accepted,,
BoS,Bearish,1697.11,2022.09.14 21:45:00,M15,Confirmed,1707.11,1970.01.01 00:00:00
LL,Bearish,1693.67,2022.09.14 22:30:00,M15,Updated,1697.11,1970.01.01 00:00:00
LL,Update,1693.67,2022.09.14 22:30:00,M15,Accepted,,
HH,Update,1698.24,2022.09.15 02:15:00,M15,Accepted,,
BoS,Bearish,1693.67,2022.09.15 06:00:00,M15,Confirmed,1707.11,1970.01.01 00:00:00
LL,Bearish,1660.35,2022.09.15 19:15:00,M15,Updated,1693.67,1970.01.01 00:00:00
LL,Update,1660.35,2022.09.15 19:15:00,M15,Accepted,,
HH,Update,1669.26,2022.09.15 20:30:00,M15,Accepted,,
BoS,Bearish,1660.35,2022.09.16 10:30:00,M15,Confirmed,1669.26,1970.01.01 00:00:00
LL,Update,1654.16,2022.09.16 11:15:00,M15,Accepted,,
CHoCH,Bullish,1669.26,2022.09.16 17:00:00,M15,Confirmed,1654.16,1970.01.01 00:00:00
HH,Update,1680.34,2022.09.16 17:30:00,M15,Accepted,,
LL,Update,1659.63,2022.09.19 10:15:00,M15,Accepted,,
HH,Update,1677.39,2022.09.21 14:45:00,M15,Accepted,,
CHoCH,Bearish,1659.63,2022.09.21 21:00:00,M15,Confirmed,1677.39,1970.01.01 00:00:00
LL,Update,1653.93,2022.09.21 21:00:00,M15,Accepted,,
CHoCH,Bullish,1677.39,2022.09.21 21:30:00,M15,Confirmed,1653.93,1970.01.01 00:00:00
HH,Update,1688.03,2022.09.21 21:45:00,M15,Accepted,,
LL,Update,1655.67,2022.09.22 10:00:00,M15,Accepted,,
HH,Update,1684.91,2022.09.22 15:45:00,M15,Accepted,,
CHoCH,Bearish,1655.67,2022.09.23 13:30:00,M15,Confirmed,1684.91,1970.01.01 00:00:00
HH,Update,1684.91,2022.09.23 13:45:00,M15,Accepted,,
LL,Update,1641.28,2022.09.23 13:45:00,M15,Accepted,,
BoS,Bearish,1641.28,2022.09.23 21:45:00,M15,Confirmed,1684.91,1970.01.01 00:00:00
LL,Bearish,1626.81,2022.09.26 03:45:00,M15,Updated,1641.28,1970.01.01 00:00:00
LL,Update,1626.81,2022.09.26 03:45:00,M15,Accepted,,
HH,Update,1646.09,2022.09.26 04:00:00,M15,Accepted,,
LL,Update,1634.68,2022.09.26 08:30:00,M15,Accepted,,
CHoCH,Bullish,1646.09,2022.09.26 10:15:00,M15,Confirmed,1634.68,1970.01.01 00:00:00
HH,Update,1649.76,2022.09.26 10:30:00,M15,Accepted,,
CHoCH,Bearish,1634.68,2022.09.26 18:45:00,M15,Confirmed,1649.76,1970.01.01 00:00:00
HH,Update,1649.76,2022.09.26 23:30:00,M15,Accepted,,
LL,Update,1621.17,2022.09.26 23:30:00,M15,Accepted,,
HH,Update,1642.45,2022.09.27 14:30:00,M15,Accepted,,
BoS,Bearish,1621.17,2022.09.28 10:00:00,M15,Confirmed,1642.45,1970.01.01 00:00:00
LL,Bearish,1614.81,2022.09.28 10:15:00,M15,Updated,1621.17,1970.01.01 00:00:00
LL,Update,1614.81,2022.09.28 10:15:00,M15,Accepted,,
CHoCH,Bullish,1642.45,2022.09.28 16:15:00,M15,Confirmed,1614.81,1970.01.01 00:00:00
HH,Update,1662.69,2022.09.28 20:15:00,M15,Accepted,,
LL,Update,1641.53,2022.09.29 09:15:00,M15,Accepted,,
BoS,Bullish,1662.69,2022.09.29 19:00:00,M15,Confirmed,1641.53,1970.01.01 00:00:00
HH,Bullish,1664.87,2022.09.29 19:15:00,M15,Updated,1662.69,1970.01.01 00:00:00
HH,Update,1664.87,2022.09.29 19:15:00,M15,Accepted,,
LL,Update,1657.23,2022.09.29 21:15:00,M15,Accepted,,
BoS,Bullish,1664.87,2022.09.30 08:30:00,M15,Confirmed,1657.23,1970.01.01 00:00:00
HH,Bullish,1674.25,2022.09.30 10:15:00,M15,Updated,1664.87,1970.01.01 00:00:00
HH,Update,1674.25,2022.09.30 10:15:00,M15,Accepted,,
HH,Bullish,1675.36,2022.09.30 17:30:00,M15,Updated,1674.25,1970.01.01 00:00:00
HH,Update,1675.36,2022.09.30 17:30:00,M15,Accepted,,
LL,Update,1660.14,2022.09.30 22:45:00,M15,Accepted,,
LL,Update,1659.72,2022.10.03 13:00:00,M15,Accepted,,
BoS,Bullish,1675.36,2022.10.03 17:00:00,M15,Confirmed,1659.72,1970.01.01 00:00:00
HH,Bullish,1702.59,2022.10.04 02:15:00,M15,Updated,1675.36,1970.01.01 00:00:00
HH,Update,1702.59,2022.10.04 02:15:00,M15,Accepted,,
LL,Update,1695.24,2022.10.04 05:00:00,M15,Accepted,,
BoS,Bullish,1702.59,2022.10.04 08:45:00,M15,Confirmed,1695.24,1970.01.01 00:00:00
HH,Bullish,1729.49,2022.10.04 19:30:00,M15,Updated,1702.59,1970.01.01 00:00:00
HH,Update,1729.49,2022.10.04 19:30:00,M15,Accepted,,
LL,Update,1720.07,2022.10.04 20:15:00,M15,Accepted,,
HH,Update,1726.65,2022.10.04 22:00:00,M15,Accepted,,
CHoCH,Bearish,1720.07,2022.10.05 04:30:00,M15,Confirmed,1726.65,1970.01.01 00:00:00
HH,Bullish,1727.80,2022.10.05 09:45:00,M15,Updated,1726.65,1970.01.01 00:00:00
HH,Update,1727.80,2022.10.05 09:45:00,M15,Accepted,,
HH,Update,1727.80,2022.10.05 17:00:00,M15,Accepted,,
LL,Update,1700.54,2022.10.05 17:00:00,M15,Accepted,,
HH,Update,1725.57,2022.10.06 10:45:00,M15,Accepted,,
HH,Update,1714.83,2022.10.07 12:15:00,M15,Accepted,,
BoS,Bearish,1700.54,2022.10.07 15:45:00,M15,Confirmed,1725.57,1970.01.01 00:00:00
LL,Bearish,1690.65,2022.10.07 15:45:00,M15,Updated,1700.54,1970.01.01 00:00:00
LL,Update,1690.65,2022.10.07 15:45:00,M15,Accepted,,
HH,Update,1707.23,2022.10.07 19:15:00,M15,Accepted,,
BoS,Bearish,1690.65,2022.10.10 06:15:00,M15,Confirmed,1707.23,1970.01.01 00:00:00
LL,Bearish,1665.71,2022.10.10 18:00:00,M15,Updated,1690.65,1970.01.01 00:00:00
LL,Update,1665.71,2022.10.10 18:00:00,M15,Accepted,,
HH,Update,1673.65,2022.10.11 04:15:00,M15,Accepted,,
BoS,Bearish,1665.71,2022.10.11 05:00:00,M15,Confirmed,1707.23,1970.01.01 00:00:00
LL,Bearish,1661.39,2022.10.11 05:15:00,M15,Updated,1665.71,1970.01.01 00:00:00
LL,Update,1661.39,2022.10.11 05:15:00,M15,Accepted,,
LL,Update,1661.01,2022.10.11 13:15:00,M15,Accepted,,
CHoCH,Bullish,1673.65,2022.10.11 18:30:00,M15,Confirmed,1661.01,1970.01.01 00:00:00
HH,Update,1683.97,2022.10.11 19:15:00,M15,Accepted,,
LL,Update,1661.38,2022.10.12 05:15:00,M15,Accepted,,
HH,Update,1682.46,2022.10.13 14:30:00,M15,Accepted,,
CHoCH,Bearish,1661.38,2022.10.13 15:30:00,M15,Confirmed,1682.46,1970.01.01 00:00:00
HH,Update,1682.46,2022.10.13 16:45:00,M15,Accepted,,
LL,Update,1642.46,2022.10.13 16:45:00,M15,Accepted,,
HH,Update,1671.77,2022.10.14 09:15:00,M15,Accepted,,
BoS,Bearish,1642.46,2022.10.14 22:00:00,M15,Confirmed,1671.77,1970.01.01 00:00:00
LL,Bearish,1640.19,2022.10.14 22:15:00,M15,Updated,1642.46,1970.01.01 00:00:00
LL,Update,1640.19,2022.10.14 22:15:00,M15,Accepted,,
HH,Update,1668.46,2022.10.17 16:30:00,M15,Accepted,,
BoS,Bearish,1640.19,2022.10.19 10:00:00,M15,Confirmed,1668.46,1970.01.01 00:00:00
LL,Bearish,1622.43,2022.10.20 05:30:00,M15,Updated,1640.19,1970.01.01 00:00:00
LL,Update,1622.43,2022.10.20 05:30:00,M15,Accepted,,
HH,Update,1645.64,2022.10.20 18:00:00,M15,Accepted,,
BoS,Bearish,1622.43,2022.10.21 06:30:00,M15,Confirmed,1645.64,1970.01.01 00:00:00
LL,Bearish,1617.29,2022.10.21 10:00:00,M15,Updated,1622.43,1970.01.01 00:00:00
LL,Update,1617.29,2022.10.21 10:00:00,M15,Accepted,,
CHoCH,Bullish,1645.64,2022.10.21 18:45:00,M15,Confirmed,1617.29,1970.01.01 00:00:00
HH,Update,1670.53,2022.10.24 02:45:00,M15,Accepted,,
LL,Update,1644.01,2022.10.24 17:15:00,M15,Accepted,,
HH,Update,1654.93,2022.10.25 04:00:00,M15,Accepted,,
CHoCH,Bearish,1644.01,2022.10.25 11:45:00,M15,Confirmed,1654.93,1970.01.01 00:00:00
LL,Update,1638.20,2022.10.25 13:15:00,M15,Accepted,,
CHoCH,Bullish,1654.93,2022.10.25 16:30:00,M15,Confirmed,1638.20,1970.01.01 00:00:00
HH,Update,1662.43,2022.10.25 17:00:00,M15,Accepted,,
LL,Update,1649.68,2022.10.26 04:00:00,M15,Accepted,,
BoS,Bullish,1662.43,2022.10.26 09:30:00,M15,Confirmed,1649.68,1970.01.01 00:00:00
HH,Bullish,1674.93,2022.10.26 12:00:00,M15,Updated,1662.43,1970.01.01 00:00:00
HH,Update,1674.93,2022.10.26 12:00:00,M15,Accepted,,
LL,Update,1660.67,2022.10.26 15:45:00,M15,Accepted,,
HH,Update,1672.66,2022.10.26 18:15:00,M15,Accepted,,
CHoCH,Bearish,1660.67,2022.10.27 10:15:00,M15,Confirmed,1672.66,1970.01.01 00:00:00
HH,Update,1672.66,2022.10.27 15:15:00,M15,Accepted,,
LL,Update,1654.88,2022.10.27 15:15:00,M15,Accepted,,
HH,Update,1667.04,2022.10.28 05:00:00,M15,Accepted,,
BoS,Bearish,1654.88,2022.10.28 10:00:00,M15,Confirmed,1672.66,1970.01.01 00:00:00
LL,Bearish,1638.05,2022.10.28 18:15:00,M15,Updated,1654.88,1970.01.01 00:00:00
LL,Update,1638.05,2022.10.28 18:15:00,M15,Accepted,,
HH,Update,1645.68,2022.10.28 23:45:00,M15,Accepted,,
BoS,Bearish,1638.05,2022.10.31 10:30:00,M15,Confirmed,1645.68,1970.01.01 00:00:00
LL,Bearish,1630.65,2022.11.01 02:00:00,M15,Updated,1638.05,1970.01.01 00:00:00
LL,Update,1630.65,2022.11.01 02:00:00,M15,Accepted,,
CHoCH,Bullish,1645.68,2022.11.01 08:45:00,M15,Confirmed,1630.65,1970.01.01 00:00:00
HH,Update,1657.04,2022.11.01 14:15:00,M15,Accepted,,
LL,Update,1642.13,2022.11.01 16:00:00,M15,Accepted,,
BoS,Bullish,1657.04,2022.11.02 20:00:00,M15,Confirmed,1642.13,1970.01.01 00:00:00
HH,Update,1669.33,2022.11.02 20:30:00,M15,Accepted,,
CHoCH,Bearish,1642.13,2022.11.02 21:15:00,M15,Confirmed,1669.33,1970.01.01 00:00:00
HH,Update,1669.33,2022.11.03 01:15:00,M15,Accepted,,
LL,Update,1631.88,2022.11.03 01:15:00,M15,Accepted,,
BoS,Bearish,1631.88,2022.11.03 09:00:00,M15,Confirmed,1669.33,1970.01.01 00:00:00
LL,Bearish,1616.72,2022.11.03 13:45:00,M15,Updated,1631.88,1970.01.01 00:00:00
LL,Update,1616.72,2022.11.03 13:45:00,M15,Accepted,,
CHoCH,Bullish,1669.33,2022.11.04 16:00:00,M15,Confirmed,1616.72,1970.01.01 00:00:00
HH,Update,1681.72,2022.11.04 20:45:00,M15,Accepted,,
LL,Update,1666.90,2022.11.07 09:15:00,M15,Accepted,,
HH,Bullish,1681.90,2022.11.07 16:45:00,M15,Updated,1681.72,1970.01.01 00:00:00
HH,Update,1681.90,2022.11.07 16:45:00,M15,Accepted,,
CHoCH,Bearish,1666.90,2022.11.08 11:00:00,M15,Confirmed,1681.90,1970.01.01 00:00:00
HH,Update,1681.90,2022.11.08 11:00:00,M15,Accepted,,
LL,Update,1664.71,2022.11.08 11:00:00,M15,Accepted,,
CHoCH,Bullish,1681.90,2022.11.08 17:00:00,M15,Confirmed,1664.71,1970.01.01 00:00:00
HH,Update,1716.88,2022.11.08 18:15:00,M15,Accepted,,
LL,Update,1707.00,2022.11.09 03:45:00,M15,Accepted,,
HH,Update,1715.83,2022.11.09 10:15:00,M15,Accepted,,
CHoCH,Bearish,1707.00,2022.11.09 12:00:00,M15,Confirmed,1715.83,1970.01.01 00:00:00
LL,Update,1703.11,2022.11.09 15:15:00,M15,Accepted,,
CHoCH,Bullish,1715.83,2022.11.09 17:00:00,M15,Confirmed,1703.11,1970.01.01 00:00:00
HH,Update,1722.37,2022.11.09 17:00:00,M15,Accepted,,
LL,Update,1702.20,2022.11.09 21:30:00,M15,Accepted,,
BoS,Bullish,1722.37,2022.11.10 15:30:00,M15,Confirmed,1702.20,1970.01.01 00:00:00
HH,Bullish,1757.19,2022.11.10 23:00:00,M15,Updated,1722.37,1970.01.01 00:00:00
HH,Update,1757.19,2022.11.10 23:00:00,M15,Accepted,,
LL,Update,1747.30,2022.11.11 03:45:00,M15,Accepted,,
BoS,Bullish,1757.19,2022.11.11 07:30:00,M15,Confirmed,1747.30,1970.01.01 00:00:00
HH,Bullish,1766.64,2022.11.11 12:00:00,M15,Updated,1757.19,1970.01.01 00:00:00
HH,Update,1766.64,2022.11.11 12:00:00,M15,Accepted,,
LL,Update,1755.10,2022.11.11 13:00:00,M15,Accepted,,
BoS,Bullish,1766.64,2022.11.11 21:15:00,M15,Confirmed,1755.10,1970.01.01 00:00:00
HH,Bullish,1772.78,2022.11.11 23:30:00,M15,Updated,1766.64,1970.01.01 00:00:00
HH,Update,1772.78,2022.11.11 23:30:00,M15,Accepted,,
CHoCH,Bearish,1755.10,2022.11.14 12:30:00,M15,Confirmed,1772.78,1970.01.01 00:00:00
LL,Update,1753.30,2022.11.14 13:45:00,M15,Accepted,,
CHoCH,Bullish,1772.78,2022.11.14 17:00:00,M15,Confirmed,1753.30,1970.01.01 00:00:00
HH,Update,1775.09,2022.11.14 17:15:00,M15,Accepted,,
LL,Update,1766.60,2022.11.14 18:15:00,M15,Accepted,,
LL,Update,1767.13,2022.11.15 02:45:00,M15,Accepted,,
BoS,Bullish,1775.09,2022.11.15 09:15:00,M15,Confirmed,1766.60,1970.01.01 00:00:00
HH,Bullish,1786.57,2022.11.15 15:30:00,M15,Updated,1775.09,1970.01.01 00:00:00
HH,Update,1786.57,2022.11.15 15:30:00,M15,Accepted,,
LL,Update,1768.08,2022.11.15 19:00:00,M15,Accepted,,
HH,Update,1776.21,2022.11.16 22:30:00,M15,Accepted,,
CHoCH,Bearish,1768.08,2022.11.17 04:15:00,M15,Confirmed,1776.21,1970.01.01 00:00:00
HH,Update,1776.21,2022.11.17 07:00:00,M15,Accepted,,
LL,Update,1761.46,2022.11.17 07:00:00,M15,Accepted,,
HH,Update,1771.02,2022.11.17 10:15:00,M15,Accepted,,
BoS,Bearish,1761.46,2022.11.17 15:00:00,M15,Confirmed,1776.21,1970.01.01 00:00:00
LL,Bearish,1754.51,2022.11.17 16:00:00,M15,Updated,1761.46,1970.01.01 00:00:00
LL,Update,1754.51,2022.11.17 16:00:00,M15,Accepted,,
HH,Update,1762.95,2022.11.17 17:15:00,M15,Accepted,,
LL,Update,1755.49,2022.11.17 18:45:00,M15,Accepted,,
CHoCH,Bullish,1762.95,2022.11.18 03:00:00,M15,Confirmed,1755.49,1970.01.01 00:00:00
HH,Update,1767.72,2022.11.18 11:30:00,M15,Accepted,,
CHoCH,Bearish,1755.49,2022.11.18 16:30:00,M15,Confirmed,1767.72,1970.01.01 00:00:00
HH,Update,1767.72,2022.11.21 18:45:00,M15,Accepted,,
LL,Update,1732.54,2022.11.21 18:45:00,M15,Accepted,,
HH,Update,1749.74,2022.11.22 13:30:00,M15,Accepted,,
LL,Update,1727.31,2022.11.23 15:30:00,M15,Accepted,,
CHoCH,Bullish,1749.74,2022.11.23 21:15:00,M15,Confirmed,1727.31,1970.01.01 00:00:00
HH,Update,1758.61,2022.11.24 12:00:00,M15,Accepted,,
LL,Update,1752.31,2022.11.25 02:45:00,M15,Accepted,,
BoS,Bullish,1758.61,2022.11.25 05:45:00,M15,Confirmed,1752.31,1970.01.01 00:00:00
HH,Update,1761.24,2022.11.25 06:00:00,M15,Accepted,,
CHoCH,Bearish,1752.31,2022.11.25 09:45:00,M15,Confirmed,1761.24,1970.01.01 00:00:00
HH,Update,1761.24,2022.11.25 15:45:00,M15,Accepted,,
LL,Update,1746.05,2022.11.25 15:45:00,M15,Accepted,,
HH,Update,1756.32,2022.11.25 20:15:00,M15,Accepted,,
LL,Update,1746.00,2022.11.28 03:45:00,M15,Accepted,,
CHoCH,Bullish,1756.32,2022.11.28 10:15:00,M15,Confirmed,1746.00,1970.01.01 00:00:00
HH,Update,1763.76,2022.11.28 12:30:00,M15,Accepted,,
CHoCH,Bearish,1746.00,2022.11.28 17:45:00,M15,Confirmed,1763.76,1970.01.01 00:00:00
HH,Update,1763.76,2022.11.28 22:00:00,M15,Accepted,,
LL,Update,1739.63,2022.11.28 22:00:00,M15,Accepted,,
HH,Update,1759.05,2022.11.29 10:45:00,M15,Accepted,,
LL,Update,1747.64,2022.11.30 02:00:00,M15,Accepted,,
CHoCH,Bullish,1759.05,2022.11.30 10:45:00,M15,Confirmed,1747.64,1970.01.01 00:00:00
HH,Update,1764.79,2022.11.30 15:30:00,M15,Accepted,,
CHoCH,Bearish,1747.64,2022.11.30 20:15:00,M15,Confirmed,1764.79,1970.01.01 00:00:00
LL,Update,1744.91,2022.11.30 20:15:00,M15,Accepted,,
CHoCH,Bullish,1764.79,2022.11.30 21:45:00,M15,Confirmed,1744.91,1970.01.01 00:00:00
HH,Update,1804.12,2022.12.01 17:00:00,M15,Accepted,,
HH,Bullish,1804.52,2022.12.02 01:15:00,M15,Updated,1804.12,1970.01.01 00:00:00
HH,Update,1804.52,2022.12.02 01:15:00,M15,Accepted,,
LL,Update,1795.61,2022.12.02 04:45:00,M15,Accepted,,
HH,Update,1803.10,2022.12.02 10:30:00,M15,Accepted,,
CHoCH,Bearish,1795.61,2022.12.02 15:30:00,M15,Confirmed,1803.10,1970.01.01 00:00:00
HH,Update,1803.10,2022.12.02 15:45:00,M15,Accepted,,
LL,Update,1778.49,2022.12.02 15:45:00,M15,Accepted,,
CHoCH,Bullish,1803.10,2022.12.05 03:15:00,M15,Confirmed,1778.49,1970.01.01 00:00:00
HH,Update,1810.01,2022.12.05 06:00:00,M15,Accepted,,
CHoCH,Bearish,1778.49,2022.12.05 17:00:00,M15,Confirmed,1810.01,1970.01.01 00:00:00
HH,Update,1810.01,2022.12.05 21:30:00,M15,Accepted,,
LL,Update,1765.85,2022.12.05 21:30:00,M15,Accepted,,
HH,Update,1776.32,2022.12.06 04:15:00,M15,Accepted,,
LL,Update,1767.27,2022.12.06 08:45:00,M15,Accepted,,
CHoCH,Bullish,1776.32,2022.12.06 13:45:00,M15,Confirmed,1767.27,1970.01.01 00:00:00
HH,Update,1780.86,2022.12.06 14:45:00,M15,Accepted,,
LL,Update,1767.36,2022.12.06 20:45:00,M15,Accepted,,
BoS,Bullish,1780.86,2022.12.07 16:30:00,M15,Confirmed,1767.36,1970.01.01 00:00:00
HH,Bullish,1790.52,2022.12.07 21:45:00,M15,Updated,1780.86,1970.01.01 00:00:00
HH,Update,1790.52,2022.12.07 21:45:00,M15,Accepted,,
LL,Update,1781.45,2022.12.08 05:00:00,M15,Accepted,,
BoS,Bullish,1790.52,2022.12.08 16:45:00,M15,Confirmed,1781.45,1970.01.01 00:00:00
HH,Bullish,1794.83,2022.12.08 17:15:00,M15,Updated,1790.52,1970.01.01 00:00:00
HH,Update,1794.83,2022.12.08 17:15:00,M15,Accepted,,
LL,Update,1786.60,2022.12.08 20:00:00,M15,Accepted,,
BoS,Bullish,1794.83,2022.12.09 06:00:00,M15,Confirmed,1786.60,1970.01.01 00:00:00
HH,Bullish,1806.14,2022.12.09 18:45:00,M15,Updated,1794.83,1970.01.01 00:00:00
HH,Update,1806.14,2022.12.09 18:45:00,M15,Accepted,,
CHoCH,Bearish,1786.60,2022.12.12 07:00:00,M15,Confirmed,1806.14,1970.01.01 00:00:00
HH,Update,1806.14,2022.12.12 07:15:00,M15,Accepted,,
LL,Update,1785.50,2022.12.12 07:15:00,M15,Accepted,,
HH,Update,1795.53,2022.12.12 13:30:00,M15,Accepted,,
BoS,Bearish,1785.50,2022.12.12 17:30:00,M15,Confirmed,1806.14,1970.01.01 00:00:00
LL,Bearish,1777.63,2022.12.12 21:00:00,M15,Updated,1785.50,1970.01.01 00:00:00
LL,Update,1777.63,2022.12.12 21:00:00,M15,Accepted,,
CHoCH,Bullish,1795.53,2022.12.13 15:30:00,M15,Confirmed,1777.63,1970.01.01 00:00:00
HH,Update,1824.52,2022.12.13 16:45:00,M15,Accepted,,
LL,Update,1804.31,2022.12.14 14:45:00,M15,Accepted,,
HH,Update,1813.05,2022.12.14 17:45:00,M15,Accepted,,
CHoCH,Bearish,1804.31,2022.12.14 21:00:00,M15,Confirmed,1813.05,1970.01.01 00:00:00
HH,Update,1813.05,2022.12.14 21:00:00,M15,Accepted,,
LL,Update,1795.64,2022.12.14 21:00:00,M15,Accepted,,
HH,Bullish,1814.22,2022.12.14 22:00:00,M15,Updated,1813.05,1970.01.01 00:00:00
HH,Update,1814.22,2022.12.14 22:00:00,M15,Accepted,,
BoS,Bearish,1795.64,2022.12.15 04:45:00,M15,Confirmed,1813.05,1970.01.01 00:00:00
LL,Bearish,1773.75,2022.12.15 10:30:00,M15,Updated,1795.64,1970.01.01 00:00:00
LL,Update,1773.75,2022.12.15 10:30:00,M15,Accepted,,
HH,Update,1786.14,2022.12.15 16:30:00,M15,Accepted,,
LL,Update,1774.16,2022.12.15 17:30:00,M15,Accepted,,
CHoCH,Bullish,1786.14,2022.12.16 16:45:00,M15,Confirmed,1774.16,1970.01.01 00:00:00
HH,Update,1798.73,2022.12.19 10:15:00,M15,Accepted,,
LL,Update,1783.79,2022.12.19 18:00:00,M15,Accepted,,
BoS,Bullish,1798.73,2022.12.20 10:30:00,M15,Confirmed,1783.79,1970.01.01 00:00:00
HH,Bullish,1821.12,2022.12.20 17:15:00,M15,Updated,1798.73,1970.01.01 00:00:00
HH,Update,1821.12,2022.12.20 17:15:00,M15,Accepted,,
LL,Update,1813.81,2022.12.20 18:15:00,M15,Accepted,,
HH,Update,1820.91,2022.12.20 19:00:00,M15,Accepted,,
CHoCH,Bearish,1813.81,2022.12.21 06:30:00,M15,Confirmed,1820.91,1970.01.01 00:00:00
HH,Update,1820.91,2022.12.21 09:00:00,M15,Accepted,,
LL,Update,1811.85,2022.12.21 09:00:00,M15,Accepted,,
CHoCH,Bullish,1820.91,2022.12.21 17:30:00,M15,Confirmed,1811.85,1970.01.01 00:00:00
HH,Update,1823.84,2022.12.21 17:30:00,M15,Accepted,,
LL,Update,1812.86,2022.12.21 22:00:00,M15,Accepted,,
HH,Update,1819.95,2022.12.22 15:15:00,M15,Accepted,,
CHoCH,Bearish,1812.86,2022.12.22 15:30:00,M15,Confirmed,1819.95,1970.01.01 00:00:00
HH,Update,1819.95,2022.12.22 20:45:00,M15,Accepted,,
LL,Update,1784.67,2022.12.22 20:45:00,M15,Accepted,,
CHoCH,Bullish,1819.95,2022.12.27 17:15:00,M15,Confirmed,1784.67,1970.01.01 00:00:00
HH,Update,1833.63,2022.12.27 17:30:00,M15,Accepted,,
LL,Update,1809.43,2022.12.28 02:15:00,M15,Accepted,,
HH,Update,1814.62,2022.12.28 03:30:00,M15,Accepted,,
CHoCH,Bearish,1809.43,2022.12.28 09:00:00,M15,Confirmed,1814.62,1970.01.01 00:00:00
HH,Update,1814.62,2022.12.28 18:00:00,M15,Accepted,,
LL,Update,1797.04,2022.12.28 18:00:00,M15,Accepted,,
CHoCH,Bullish,1814.62,2022.12.29 16:30:00,M15,Confirmed,1797.04,1970.01.01 00:00:00
HH,Update,1820.24,2022.12.29 20:15:00,M15,Accepted,,
LL,Update,1813.61,2022.12.30 01:15:00,M15,Accepted,,
BoS,Bullish,1820.24,2022.12.30 09:00:00,M15,Confirmed,1813.61,1970.01.01 00:00:00
HH,Bullish,1822.49,2022.12.30 09:00:00,M15,Updated,1820.24,1970.01.01 00:00:00
HH,Update,1822.49,2022.12.30 09:00:00,M15,Accepted,,
LL,Update,1813.39,2022.12.30 12:30:00,M15,Accepted,,
BoS,Bullish,1822.49,2022.12.30 19:45:00,M15,Confirmed,1813.39,1970.01.01 00:00:00
