Time,Open,High,Low,Close,Volume,Spread,EMA200
2026.01.02 00:00:00,4318.72,4356.00,4318.72,4347.99,40961,4,4267.14
2026.01.02 04:00:00,4347.99,4381.74,4345.03,4380.74,58344,4,4268.27
2026.01.02 08:00:00,4380.74,4397.65,4371.99,4385.55,67924,4,4269.44
2026.01.02 12:00:00,4385.54,4402.31,4362.01,4366.03,76081,4,4270.40
2026.01.02 16:00:00,4366.03,4373.70,4315.03,4323.07,156406,4,4270.92
2026.01.02 20:00:00,4323.07,4333.25,4309.97,4332.35,77666,4,4271.53
2026.01.05 00:00:00,4352.13,4421.34,4343.87,4401.86,84303,4,4272.83
2026.01.05 04:00:00,4401.95,4414.56,4388.61,4412.69,95615,4,4274.22
2026.01.05 08:00:00,4412.67,4438.16,4411.41,4434.85,84058,4,4275.82
2026.01.05 12:00:00,4434.85,4439.88,4396.23,4416.82,103251,4,4277.22
2026.01.05 16:00:00,4416.86,4455.65,4416.86,4443.54,134112,4,4278.88
2026.01.05 20:00:00,4443.50,4449.42,4434.84,4449.00,67458,4,4280.57
2026.01.06 00:00:00,4449.00,4460.12,4427.96,4450.67,61840,4,4282.26
2026.01.06 04:00:00,4450.66,4474.25,4448.66,4452.47,82146,4,4283.96
2026.01.06 08:00:00,4452.52,4475.71,4444.82,4446.39,83372,4,4285.57
2026.01.06 12:00:00,4446.39,4470.45,4442.60,4467.98,80730,4,4287.39
2026.01.06 16:00:00,4467.98,4491.51,4463.08,4489.47,134801,4,4289.40
2026.01.06 20:00:00,4489.47,4497.22,4477.44,4494.64,69411,4,4291.44
2026.01.07 00:00:00,4494.64,4500.42,4461.80,4465.50,60625,4,4293.17
2026.01.07 04:00:00,4465.50,4480.23,4443.27,4454.33,92098,4,4294.78
2026.01.07 08:00:00,4454.33,4474.71,4441.57,4463.37,54565,4,4296.45
2026.01.07 12:00:00,4463.22,4467.91,4427.91,4452.89,72247,4,4298.01
2026.01.07 16:00:00,4452.89,4468.29,4423.48,4452.01,128603,4,4299.54
2026.01.07 20:00:00,4452.01,4461.55,4445.42,4456.15,80977,4,4301.10
2026.01.08 00:00:00,4456.15,4466.37,4441.80,4448.53,53247,4,4302.57
2026.01.08 04:00:00,4448.53,4449.68,4415.67,4425.50,100776,4,4303.79
2026.01.08 08:00:00,4425.49,4439.75,4416.01,4432.65,98620,4,4305.07
2026.01.08 12:00:00,4432.64,4436.03,4407.73,4423.80,92212,4,4306.26
2026.01.08 16:00:00,4423.80,4465.39,4419.16,4463.37,133079,4,4307.82
2026.01.08 20:00:00,4463.37,4479.52,4444.65,4477.80,71454,4,4309.51
2026.01.09 00:00:00,4477.80,4483.92,4452.87,4468.91,57033,4,4311.10
2026.01.09 04:00:00,4468.90,4476.45,4458.24,4468.04,67680,4,4312.66
2026.01.09 08:00:00,4468.06,4477.63,4464.05,4471.18,62780,4,4314.24
2026.01.09 12:00:00,4471.18,4491.90,4458.95,4482.79,76277,4,4315.91
2026.01.09 16:00:00,4482.79,4517.20,4479.33,4484.47,142632,4,4317.59
2026.01.09 20:00:00,4484.45,4511.02,4483.04,4509.13,71735,4,4319.50
2026.01.12 00:00:00,4518.67,4601.17,4512.82,4570.15,92400,4,4321.99
2026.01.12 04:00:00,4570.15,4584.95,4561.84,4580.84,90104,4,4324.57
2026.01.12 08:00:00,4580.84,4599.30,4569.79,4589.07,88708,4,4327.20
2026.01.12 12:00:00,4589.07,4620.32,4578.43,4615.88,84397,4,4330.07
2026.01.12 16:00:00,4615.88,4630.13,4584.92,4616.38,129201,4,4332.92
2026.01.12 20:00:00,4616.38,4618.99,4589.12,4597.17,74445,4,4335.55
2026.01.13 00:00:00,4597.17,4607.74,4575.62,4577.90,65628,4,4337.96
2026.01.13 04:00:00,4577.90,4602.16,4576.67,4592.01,78000,4,4340.49
2026.01.13 08:00:00,4592.01,4597.01,4573.56,4586.15,68571,4,4342.93
2026.01.13 12:00:00,4586.18,4620.93,4577.87,4611.49,84593,4,4345.60
2026.01.13 16:00:00,4611.49,4634.60,4586.62,4590.38,145630,4,4348.04
2026.01.13 20:00:00,4590.38,4601.97,4569.58,4586.10,98204,4,4350.41
2026.01.14 00:00:00,4586.10,4619.88,4586.10,4619.16,58944,4,4353.08
2026.01.14 04:00:00,4619.17,4639.70,4613.31,4619.80,86228,4,4355.74
2026.01.14 08:00:00,4619.80,4639.59,4618.50,4630.42,82532,4,4358.47
2026.01.14 12:00:00,4630.42,4641.92,4624.11,4635.73,93088,4,4361.23
2026.01.14 16:00:00,4635.75,4638.92,4599.40,4614.28,158643,4,4363.75
2026.01.14 20:00:00,4614.28,4642.91,4612.81,4626.76,101842,4,4366.36
2026.01.15 00:00:00,4626.76,4632.53,4583.60,4599.99,85288,4,4368.69
2026.01.15 04:00:00,4599.99,4614.69,4581.14,4595.32,115995,4,4370.94
2026.01.15 08:00:00,4595.32,4613.52,4593.68,4612.65,86350,4,4373.35
2026.01.15 12:00:00,4612.65,4622.94,4582.19,4588.30,79967,4,4375.49
2026.01.15 16:00:00,4588.30,4624.82,4583.51,4616.52,139222,4,4377.88
2026.01.15 20:00:00,4616.52,4621.59,4600.69,4615.95,80554,4,4380.25
2026.01.16 00:00:00,4615.95,4621.04,4593.86,4600.55,61478,4,4382.45
2026.01.16 04:00:00,4600.55,4616.00,4591.34,4611.63,80234,4,4384.73
2026.01.16 08:00:00,4611.63,4612.36,4594.11,4600.17,61967,4,4386.87
2026.01.16 12:00:00,4600.02,4616.11,4582.40,4601.88,75845,4,4389.01
2026.01.16 16:00:00,4601.88,4620.33,4536.85,4581.48,155497,4,4390.92
2026.01.16 20:00:00,4581.49,4598.56,4580.04,4596.42,85579,4,4392.97
2026.01.19 00:00:00,4621.06,4690.69,4621.06,4657.38,91263,4,4395.60
2026.01.19 04:00:00,4657.39,4674.24,4653.23,4669.91,79058,4,4398.33
2026.01.19 08:00:00,4669.91,4679.08,4661.81,4668.42,65471,4,4401.02
2026.01.19 12:00:00,4668.42,4673.81,4659.68,4666.16,51398,4,4403.66
2026.01.19 16:00:00,4666.16,4678.80,4661.63,4676.26,51690,4,4406.37
2026.01.19 20:00:00,4676.26,4680.36,4666.97,4670.86,15950,4,4409.00
2026.01.20 00:00:00,4674.79,4676.99,4659.50,4669.75,46283,4,4411.59
2026.01.20 04:00:00,4669.75,4716.76,4665.52,4714.59,74161,4,4414.61
2026.01.20 08:00:00,4714.59,4737.36,4705.66,4732.46,79974,4,4417.77
2026.01.20 12:00:00,4732.46,4738.27,4715.25,4737.08,83492,4,4420.95
2026.01.20 16:00:00,4737.07,4762.40,4722.41,4759.25,135374,4,4424.32
2026.01.20 20:00:00,4759.25,4766.23,4747.47,4763.16,72514,4,4427.69
2026.01.21 00:00:00,4763.16,4844.13,4757.84,4835.21,66445,4,4431.74
2026.01.21 04:00:00,4835.30,4878.13,4817.47,4869.91,101584,4,4436.10
2026.01.21 08:00:00,4869.91,4888.43,4832.58,4865.63,93163,4,4440.38
2026.01.21 12:00:00,4865.67,4880.34,4855.25,4879.50,79361,4,4444.74
2026.01.21 16:00:00,4879.50,4880.95,4802.53,4826.28,178273,4,4448.54
2026.01.21 20:00:00,4826.28,4854.01,4755.93,4832.06,131951,4,4452.36
2026.01.22 00:00:00,4832.06,4833.82,4772.34,4797.95,68003,4,4455.80
2026.01.22 04:00:00,4797.95,4821.63,4774.77,4821.33,83238,4,4459.43
2026.01.22 08:00:00,4821.33,4839.00,4813.97,4823.14,73898,4,4463.05
2026.01.22 12:00:00,4823.14,4836.39,4810.70,4822.31,74594,4,4466.63
2026.01.22 16:00:00,4822.31,4906.33,4820.39,4904.52,131470,4,4470.98
2026.01.22 20:00:00,4904.52,4940.63,4901.36,4935.83,79191,4,4475.61
2026.01.23 00:00:00,4935.83,4967.36,4930.64,4953.52,64420,4,4480.36
2026.01.23 04:00:00,4953.52,4967.30,4938.13,4960.66,55106,4,4485.14
2026.01.23 08:00:00,4960.66,4963.15,4899.74,4918.63,90603,4,4489.46
2026.01.23 12:00:00,4918.61,4947.88,4912.21,4939.07,82932,4,4493.93
2026.01.23 16:00:00,4939.03,4988.30,4932.83,4965.91,126643,4,4498.63
2026.01.23 20:00:00,4965.91,4990.02,4958.32,4986.43,87366,4,4503.48
2026.01.26 00:00:00,5008.06,5085.73,5003.55,5070.90,96694,4,4509.13
2026.01.26 04:00:00,5070.97,5093.05,5052.39,5074.31,114277,4,4514.75
2026.01.26 08:00:00,5074.30,5111.03,5065.37,5084.10,105689,4,4520.42
2026.01.26 12:00:00,5084.10,5097.01,5054.59,5068.64,101300,4,4525.87
2026.01.26 16:00:00,5068.63,5105.05,5058.29,5100.98,159812,4,4531.59
2026.01.26 20:00:00,5100.96,5103.36,4989.86,5010.27,178301,4,4536.36
2026.01.27 00:00:00,5010.27,5075.99,5010.27,5060.10,84425,4,4541.57
2026.01.27 04:00:00,5060.10,5085.27,5049.60,5082.99,100917,4,4546.95
2026.01.27 08:00:00,5082.99,5100.74,5073.35,5098.73,98708,4,4552.45
2026.01.27 12:00:00,5098.55,5098.67,5066.97,5077.41,103082,4,4557.67
2026.01.27 16:00:00,5077.41,5103.17,5046.65,5081.35,184601,4,4562.88
2026.01.27 20:00:00,5081.35,5190.46,5076.37,5178.58,134138,4,4569.01
2026.01.28 00:00:00,5178.58,5225.26,5157.31,5204.73,89297,4,4575.33
2026.01.28 04:00:00,5204.75,5266.49,5201.55,5261.29,111537,4,4582.16
2026.01.28 08:00:00,5261.29,5311.56,5252.09,5278.22,114135,4,4589.08
2026.01.28 12:00:00,5278.22,5289.53,5238.72,5266.66,116399,4,4595.82
2026.01.28 16:00:00,5266.66,5307.01,5235.23,5298.03,177938,4,4602.81
2026.01.28 20:00:00,5298.02,5418.95,5268.78,5416.20,173334,4,4610.91
2026.01.29 00:00:00,5416.20,5598.03,5416.20,5545.75,127808,4,4620.21
2026.01.29 04:00:00,5545.73,5564.55,5504.22,5562.51,146869,4,4629.58
2026.01.29 08:00:00,5562.51,5595.54,5474.48,5514.13,147880,4,4638.38
2026.01.29 12:00:00,5514.13,5542.99,5470.82,5510.43,135016,4,4647.06
2026.01.29 16:00:00,5510.53,5549.76,5098.23,5335.55,202441,4,4653.91
2026.01.29 20:00:00,5335.59,5426.08,5282.73,5376.32,164669,4,4661.10
2026.01.30 00:00:00,5376.32,5450.96,5290.79,5301.47,109065,4,4667.47
2026.01.30 04:00:00,5301.47,5312.68,5112.34,5184.98,160427,4,4672.62
2026.01.30 08:00:00,5184.98,5205.38,4941.99,5013.67,177309,4,4676.02
2026.01.30 12:00:00,5013.62,5145.74,4992.37,5019.54,131051,4,4679.43
2026.01.30 16:00:00,5019.54,5113.56,4800.88,4850.00,175785,4,4681.13
2026.01.30 20:00:00,4850.00,4947.93,4682.18,4894.47,122270,4,4683.25
2026.02.02 00:00:00,4773.75,4884.64,4584.54,4737.07,155208,4,4683.79
2026.02.02 04:00:00,4737.04,4773.01,4498.25,4549.57,188056,4,4682.45
2026.02.02 08:00:00,4549.58,4731.59,4402.14,4719.58,138805,4,4682.82
2026.02.02 12:00:00,4719.58,4812.64,4657.46,4706.15,127504,4,4683.06
2026.02.02 16:00:00,4706.15,4794.23,4596.20,4673.98,175523,4,4682.96
2026.02.02 20:00:00,4673.98,4712.85,4618.36,4658.60,140633,4,4682.72
2026.02.03 00:00:00,4658.60,4856.59,4658.60,4841.67,120143,4,4684.30
2026.02.03 04:00:00,4841.67,4842.31,4745.49,4825.15,154241,4,4685.71
2026.02.03 08:00:00,4825.15,4949.84,4816.72,4916.09,141197,4,4688.00
2026.02.03 12:00:00,4916.24,4950.99,4883.80,4932.76,129693,4,4690.43
2026.02.03 16:00:00,4932.83,4993.77,4893.75,4929.08,201840,4,4692.81
2026.02.03 20:00:00,4929.08,4964.35,4880.86,4946.26,153788,4,4695.33
2026.02.04 00:00:00,4946.26,5053.66,4910.22,5046.62,117289,4,4698.83
2026.02.04 04:00:00,5046.62,5090.46,5035.52,5079.57,97429,4,4702.61
2026.02.04 08:00:00,5079.57,5091.94,5043.17,5060.02,107715,4,4706.17
2026.02.04 12:00:00,5060.02,5064.51,5013.69,5053.98,105177,4,4709.63
2026.02.04 16:00:00,5054.03,5059.12,4854.54,4898.16,233330,4,4711.51
2026.02.04 20:00:00,4898.16,4970.74,4873.01,4965.57,114024,4,4714.03
2026.02.05 00:00:00,4965.57,5023.80,4936.10,4958.89,102290,4,4716.47
2026.02.05 04:00:00,4958.91,4962.14,4788.86,4896.42,196232,4,4718.26
2026.02.05 08:00:00,4896.42,4943.62,4849.47,4854.96,144235,4,4719.62
2026.02.05 12:00:00,4854.96,4894.57,4802.07,4835.69,139700,4,4720.78
2026.02.05 16:00:00,4835.69,4906.91,4800.53,4869.37,231036,4,4722.26
2026.02.05 20:00:00,4869.38,4875.39,4759.71,4777.89,130307,4,4722.81
2026.02.06 00:00:00,4777.89,4793.76,4655.27,4774.36,161874,4,4723.32
2026.02.06 04:00:00,4774.36,4898.09,4761.02,4897.80,152330,4,4725.06
2026.02.06 08:00:00,4897.80,4903.22,4825.67,4866.55,110990,4,4726.47
2026.02.06 12:00:00,4866.55,4938.44,4851.76,4929.12,110256,4,4728.48
2026.02.06 16:00:00,4929.27,4968.65,4894.62,4960.62,155904,4,4730.79
2026.02.06 20:00:00,4960.62,4971.48,4936.61,4964.88,70078,4,4733.12
2026.02.09 00:00:00,4986.72,5047.39,4965.15,4982.63,101989,4,4735.60
2026.02.09 04:00:00,4982.63,5041.55,4969.11,5036.47,94307,4,4738.60
2026.02.09 08:00:00,5036.47,5045.72,4997.68,5007.80,96055,4,4741.28
2026.02.09 12:00:00,5007.80,5024.84,4982.31,5007.14,96887,4,4743.92
2026.02.09 16:00:00,5007.14,5080.82,5002.34,5046.26,124801,4,4746.93
2026.02.09 20:00:00,5046.26,5086.61,5044.28,5058.06,74227,4,4750.03
2026.02.10 00:00:00,5058.07,5077.03,4987.68,5032.94,88354,4,4752.84
2026.02.10 04:00:00,5032.93,5056.35,5011.42,5039.43,87334,4,4755.69
2026.02.10 08:00:00,5039.37,5063.31,5018.62,5046.86,86164,4,4758.59
2026.02.10 12:00:00,5046.86,5058.55,5019.68,5051.16,87187,4,4761.50
2026.02.10 16:00:00,5051.17,5078.72,4999.02,5026.24,152276,4,4764.14
2026.02.10 20:00:00,5026.24,5045.51,5004.60,5025.16,79397,4,4766.73
2026.02.11 00:00:00,5025.16,5054.68,5025.14,5052.58,52427,4,4769.58
2026.02.11 04:00:00,5052.58,5064.01,5032.57,5052.75,62862,4,4772.39
2026.02.11 08:00:00,5052.75,5072.14,5045.91,5062.85,81097,4,4775.28
2026.02.11 12:00:00,5062.81,5119.13,5018.88,5065.80,130832,4,4778.17
2026.02.11 16:00:00,5065.80,5099.09,5035.91,5091.60,164849,4,4781.29
2026.02.11 20:00:00,5091.53,5094.37,5067.17,5084.18,80360,4,4784.31
2026.02.12 00:00:00,5084.18,5100.09,5045.07,5063.69,65796,4,4787.09
2026.02.12 04:00:00,5063.69,5078.29,5051.09,5075.68,61604,4,4789.96
2026.02.12 08:00:00,5075.70,5080.81,5047.22,5073.28,63302,4,4792.78
2026.02.12 12:00:00,5073.28,5083.82,5048.70,5075.25,70100,4,4795.59
2026.02.12 16:00:00,5075.25,5077.83,4878.71,4941.07,184007,4,4797.04
2026.02.12 20:00:00,4941.07,4958.19,4906.53,4921.61,126569,4,4798.28
2026.02.13 00:00:00,4921.61,4988.75,4886.65,4980.82,83545,4,4800.09
2026.02.13 04:00:00,4980.82,4997.27,4944.91,4946.51,74231,4,4801.55
2026.02.13 08:00:00,4946.51,4989.65,4946.18,4970.36,85350,4,4803.23
2026.02.13 12:00:00,4970.37,4999.49,4933.76,4987.14,85776,4,4805.06
2026.02.13 16:00:00,4987.14,5034.03,4964.32,5021.07,163536,4,4807.21
2026.02.13 20:00:00,5021.08,5046.13,5015.44,5042.47,78526,4,4809.55
2026.02.16 00:00:00,5034.28,5043.86,5000.21,5028.92,58172,4,4811.73
2026.02.16 04:00:00,5028.94,5031.26,4965.56,4990.65,65471,4,4813.51
2026.02.16 08:00:00,4990.70,5017.25,4985.13,5013.54,55632,4,4815.50
2026.02.16 12:00:00,5013.54,5017.28,4989.63,4997.36,49481,4,4817.31
2026.02.16 16:00:00,4997.36,4999.60,4968.92,4991.77,60963,4,4819.05
2026.02.16 20:00:00,4991.83,4997.79,4988.64,4993.26,17837,4,4820.78
2026.02.17 00:00:00,4995.35,5001.03,4922.95,4957.88,55165,4,4822.15
2026.02.17 04:00:00,4957.88,4971.26,4859.08,4888.97,81529,4,4822.81
2026.02.17 08:00:00,4888.97,4932.66,4886.76,4926.04,73188,4,4823.84
2026.02.17 12:00:00,4926.04,4944.52,4870.19,4870.81,82125,4,4824.30
2026.02.17 16:00:00,4870.80,4907.30,4841.48,4865.15,186515,4,4824.71
2026.02.17 20:00:00,4865.18,4910.44,4862.61,4877.89,96884,4,4825.24
2026.02.18 00:00:00,4877.91,4892.76,4853.99,4889.95,55071,4,4825.88
2026.02.18 04:00:00,4889.97,4940.31,4886.49,4933.40,50574,4,4826.95
2026.02.18 08:00:00,4933.42,4942.32,4912.94,4917.45,52244,4,4827.85
2026.02.18 12:00:00,4917.46,4969.00,4906.40,4954.50,77093,4,4829.11
2026.02.18 16:00:00,4954.50,5011.10,4952.30,4999.26,111992,4,4830.81
2026.02.18 20:00:00,4999.26,5003.32,4972.97,4975.99,86279,4,4832.25
2026.02.19 00:00:00,4975.99,4988.89,4956.26,4973.17,47062,4,4833.65
2026.02.19 04:00:00,4973.17,4998.65,4965.96,4997.07,56975,4,4835.28
2026.02.19 08:00:00,4997.07,5022.11,4993.35,4995.73,58600,4,4836.88
2026.02.19 12:00:00,4995.73,4998.51,4971.82,4997.11,65113,4,4838.47
2026.02.19 16:00:00,4997.12,5022.24,4963.77,4984.87,139836,4,4839.93
2026.02.19 20:00:00,4984.87,5004.27,4975.30,4996.42,65975,4,4841.49
2026.02.20 00:00:00,4996.42,5014.96,4985.55,4997.07,46687,4,4843.03
2026.02.20 04:00:00,4997.10,5012.08,4981.58,5012.07,50084,4,4844.72
2026.02.20 08:00:00,5012.07,5042.68,5004.99,5027.70,68749,4,4846.54
2026.02.20 12:00:00,5027.70,5048.81,5006.95,5043.64,75802,4,4848.50
2026.02.20 16:00:00,5043.64,5076.42,4989.40,5072.99,176448,4,4850.73
2026.02.20 20:00:00,5072.97,5107.84,5054.04,5107.13,88517,4,4853.28
2026.02.23 00:00:00,5109.54,5171.88,5102.67,5157.56,89237,4,4856.31
2026.02.23 04:00:00,5157.53,5176.81,5151.92,5158.37,72167,4,4859.32
2026.02.23 08:00:00,5158.36,5161.71,5122.33,5149.56,78877,4,4862.20
2026.02.23 12:00:00,5149.58,5165.52,5143.78,5146.39,76965,4,4865.03
2026.02.23 16:00:00,5146.39,5219.09,5141.43,5207.93,155061,4,4868.44
2026.02.23 20:00:00,5207.94,5237.96,5201.13,5228.00,78253,4,4872.02
2026.02.24 00:00:00,5228.00,5249.76,5145.25,5177.43,94564,4,4875.06
2026.02.24 04:00:00,5177.43,5191.92,5160.85,5182.70,78239,4,4878.12
2026.02.24 08:00:00,5182.70,5184.89,5156.42,5171.51,75174,4,4881.04
2026.02.24 12:00:00,5171.51,5181.47,5110.98,5115.02,83825,4,4883.37
2026.02.24 16:00:00,5114.97,5163.81,5094.14,5163.81,135433,4,4886.16
2026.02.24 20:00:00,5163.81,5173.30,5140.49,5142.82,65978,4,4888.71
2026.02.25 00:00:00,5142.82,5190.02,5120.04,5176.99,77079,4,4891.58
2026.02.25 04:00:00,5176.99,5210.76,5166.64,5201.88,88860,4,4894.67
2026.02.25 08:00:00,5201.88,5201.93,5176.61,5193.32,90775,4,4897.64
2026.02.25 12:00:00,5193.32,5195.42,5155.27,5185.32,87079,4,4900.50
2026.02.25 16:00:00,5185.32,5217.80,5158.97,5206.86,124351,4,4903.55
2026.02.25 20:00:00,5206.96,5208.32,5146.34,5163.68,83075,4,4906.14
2026.02.26 00:00:00,5163.68,5198.32,5155.58,5191.78,84012,4,4908.98
2026.02.26 04:00:00,5191.77,5205.65,5174.25,5198.34,93914,4,4911.86
2026.02.26 08:00:00,5198.34,5199.60,5167.74,5186.47,76714,4,4914.59
2026.02.26 12:00:00,5186.47,5190.20,5157.78,5166.24,83484,4,4917.10
2026.02.26 16:00:00,5166.04,5192.83,5130.65,5167.24,158729,4,4919.59
2026.02.26 20:00:00,5167.24,5191.03,5160.91,5190.85,41336,4,4922.29
2026.02.27 00:00:00,5176.31,5194.51,5173.06,5194.00,19673,4,4924.99
2026.02.27 04:00:00,5194.02,5200.37,5173.74,5197.83,75930,4,4927.70
2026.02.27 08:00:00,5197.83,5199.15,5172.24,5175.99,71711,4,4930.17
2026.02.27 12:00:00,5175.99,5240.60,5168.70,5223.13,94223,4,4933.09
2026.02.27 16:00:00,5223.13,5257.98,5213.95,5234.71,169727,4,4936.09
2026.02.27 20:00:00,5234.71,5281.03,5222.59,5278.77,90787,4,4939.50
2026.03.02 00:00:00,5363.14,5393.50,5302.81,5325.04,122760,4,4943.34
2026.03.02 04:00:00,5325.04,5367.23,5316.79,5366.11,90603,4,4947.54
2026.03.02 08:00:00,5366.11,5419.26,5363.50,5392.09,90694,4,4951.97
2026.03.02 12:00:00,5392.18,5416.72,5375.51,5393.94,103022,4,4956.36
2026.03.02 16:00:00,5393.94,5395.27,5260.77,5306.86,214753,4,4959.85
2026.03.02 20:00:00,5306.91,5346.37,5289.61,5321.06,96611,4,4963.45
2026.03.03 00:00:00,5321.06,5379.88,5321.06,5339.35,68355,4,4967.19
2026.03.03 04:00:00,5339.35,5375.60,5305.41,5319.19,110098,4,4970.69
2026.03.03 08:00:00,5319.17,5335.93,5226.29,5275.08,149253,4,4973.72
2026.03.03 12:00:00,5275.08,5288.13,5075.28,5156.73,195041,4,4975.54
2026.03.03 16:00:00,5156.73,5175.60,4995.97,5079.25,240004,4,4976.57
2026.03.03 20:00:00,5079.25,5149.04,5079.25,5087.98,147708,4,4977.68
2026.03.04 00:00:00,5087.98,5178.62,5084.39,5175.10,88833,4,4979.64
2026.03.04 04:00:00,5175.10,5191.09,5141.03,5160.07,122398,4,4981.44
2026.03.04 08:00:00,5160.07,5185.02,5122.39,5182.34,110754,4,4983.44
2026.03.04 12:00:00,5182.34,5206.14,5156.27,5167.96,109690,4,4985.27
2026.03.04 16:00:00,5167.96,5185.18,5120.33,5141.12,195974,4,4986.82
2026.03.04 20:00:00,5141.12,5146.78,5108.83,5140.02,93713,4,4988.35
2026.03.05 00:00:00,5140.17,5186.54,5140.17,5172.73,56493,4,4990.18
2026.03.05 04:00:00,5172.69,5195.01,5148.40,5148.62,75433,4,4991.76
2026.03.05 08:00:00,5148.62,5180.61,5120.65,5161.03,116556,4,4993.44
2026.03.05 12:00:00,5160.96,5171.53,5083.30,5118.07,95078,4,4994.68
2026.03.05 16:00:00,5118.07,5130.06,5054.36,5062.95,198580,4,4995.36
2026.03.05 20:00:00,5062.93,5094.80,5050.88,5081.55,119471,4,4996.22
2026.03.06 00:00:00,5081.57,5143.94,5066.50,5134.76,62783,4,4997.60
2026.03.06 04:00:00,5134.75,5141.53,5114.39,5117.40,57361,4,4998.79
2026.03.06 08:00:00,5117.40,5123.25,5083.39,5085.80,69935,4,4999.66
2026.03.06 12:00:00,5085.80,5131.07,5062.82,5085.19,118416,4,5000.51
2026.03.06 16:00:00,5085.19,5171.78,5080.99,5140.76,185136,4,5001.90
2026.03.06 20:00:00,5140.76,5176.07,5138.68,5171.92,82510,4,5003.60
2026.03.09 00:00:00,5129.95,5135.55,5014.71,5070.10,87226,4,5004.26
2026.03.09 04:00:00,5070.10,5140.61,5055.43,5124.35,99601,4,5005.45
2026.03.09 08:00:00,5124.35,5134.13,5087.10,5105.30,111977,4,5006.45
2026.03.09 12:00:00,5105.30,5112.14,5067.36,5074.14,109751,4,5007.12
2026.03.09 16:00:00,5074.14,5116.12,5061.04,5096.03,127320,4,5008.00
2026.03.09 20:00:00,5096.03,5148.16,5092.53,5138.19,62354,4,5009.30
2026.03.10 00:00:00,5153.02,5186.26,5124.65,5184.35,63525,4,5011.04
2026.03.10 04:00:00,5184.34,5187.08,5154.37,5178.01,70169,4,5012.70
2026.03.10 08:00:00,5178.04,5195.15,5158.58,5182.58,73623,4,5014.39
2026.03.10 12:00:00,5182.59,5228.68,5156.55,5205.61,103906,4,5016.30
2026.03.10 16:00:00,5205.61,5238.55,5185.41,5227.60,110786,4,5018.40
2026.03.10 20:00:00,5227.60,5228.12,5160.75,5191.41,76015,4,5020.12
2026.03.11 00:00:00,5189.20,5223.29,5186.83,5208.54,47391,4,5021.99
2026.03.11 04:00:00,5208.54,5220.52,5190.63,5199.72,57882,4,5023.76
2026.03.11 08:00:00,5199.72,5210.82,5175.44,5187.78,70708,4,5025.39
2026.03.11 12:00:00,5187.79,5196.53,5149.28,5176.91,99508,4,5026.90
2026.03.11 16:00:00,5176.91,5196.28,5154.94,5169.87,119019,4,5028.33
2026.03.11 20:00:00,5169.86,5183.58,5169.25,5175.35,38683,4,5029.79
2026.03.12 00:00:00,5178.97,5183.57,5125.61,5168.58,61975,4,5031.17
2026.03.12 04:00:00,5168.58,5175.17,5137.19,5154.58,57210,4,5032.40
2026.03.12 08:00:00,5154.57,5190.36,5147.24,5188.23,54606,4,5033.95
2026.03.12 12:00:00,5188.23,5191.70,5146.09,5151.24,86739,4,5035.11
2026.03.12 16:00:00,5151.24,5163.68,5102.53,5105.37,129126,4,5035.81
2026.03.12 20:00:00,5105.37,5112.61,5055.00,5079.21,65806,4,5036.25
2026.03.13 00:00:00,5077.33,5124.29,5073.02,5124.20,49514,4,5037.12
2026.03.13 04:00:00,5124.20,5128.53,5098.41,5103.21,50693,4,5037.78
2026.03.13 08:00:00,5103.21,5107.91,5061.53,5089.61,75600,4,5038.29
2026.03.13 12:00:00,5089.61,5121.84,5079.88,5101.74,85534,4,5038.93
2026.03.13 16:00:00,5101.74,5108.03,5019.04,5046.47,141732,4,5039.00
2026.03.13 20:00:00,5046.47,5051.82,5009.66,5018.98,56879,4,5038.80
2026.03.16 00:00:00,5016.23,5031.05,4967.62,5016.03,100590,4,5038.57
2026.03.16 04:00:00,5016.03,5026.29,4997.92,5017.51,64882,4,5038.37
2026.03.16 08:00:00,5017.51,5036.17,4972.74,4975.36,79184,4,5037.74
2026.03.16 12:00:00,4975.36,5034.43,4970.11,5029.85,87110,4,5037.66
2026.03.16 16:00:00,5029.85,5038.06,4974.03,4991.29,103560,4,5037.20
2026.03.16 20:00:00,4991.29,5021.61,4989.99,5005.73,42729,4,5036.89
2026.03.17 00:00:00,5008.08,5027.97,4994.71,5027.91,47210,4,5036.80
2026.03.17 04:00:00,5027.88,5044.53,5019.94,5020.76,49650,4,5036.64
2026.03.17 08:00:00,5020.83,5029.65,5005.34,5010.52,58142,4,5036.38
2026.03.17 12:00:00,5010.52,5031.46,4992.00,5016.62,55854,4,5036.18
2026.03.17 16:00:00,5016.62,5020.56,4973.51,5002.48,80907,4,5035.84
2026.03.17 20:00:00,5002.48,5009.07,4996.42,5005.87,27953,4,5035.55
2026.03.18 00:00:00,5005.63,5015.99,4991.25,4998.66,31243,4,5035.18
2026.03.18 04:00:00,4998.92,5007.00,4981.79,4997.63,42289,4,5034.81
2026.03.18 08:00:00,4997.63,5016.30,4977.17,4992.12,43425,4,5034.38
2026.03.18 12:00:00,4992.12,4992.14,4834.17,4878.20,108177,4,5032.83
2026.03.18 16:00:00,4878.20,4898.97,4856.72,4890.44,87771,4,5031.41
2026.03.18 20:00:00,4890.36,4899.12,4806.64,4817.91,71980,4,5029.29
2026.03.19 00:00:00,4829.37,4866.95,4805.23,4849.93,58106,4,5027.50
2026.03.19 04:00:00,4849.96,4865.93,4826.82,4827.52,56030,4,5025.51
2026.03.19 08:00:00,4827.47,4842.21,4686.85,4699.01,110598,4,5022.26
2026.03.19 12:00:00,4699.01,4719.84,4502.57,4621.60,137324,4,5018.28
2026.03.19 16:00:00,4621.60,4649.16,4566.23,4616.01,143352,4,5014.27
2026.03.19 20:00:00,4616.01,4663.38,4596.40,4648.73,74201,4,5010.64
2026.03.20 00:00:00,4654.32,4699.22,4634.19,4677.32,65640,4,5007.32
2026.03.20 04:00:00,4677.34,4735.84,4670.19,4688.34,68724,4,5004.15
2026.03.20 08:00:00,4688.35,4734.87,4659.88,4667.59,81915,4,5000.80
2026.03.20 12:00:00,4667.60,4695.44,4612.66,4616.45,110711,4,4996.97
2026.03.20 16:00:00,4616.41,4622.58,4540.53,4573.34,145641,4,4992.76
2026.03.20 20:00:00,4573.35,4578.35,4477.27,4493.01,92122,4,4987.78
2026.03.23 00:00:00,4487.25,4536.29,4319.97,4387.63,103383,4,4981.81
2026.03.23 04:00:00,4387.63,4422.07,4302.35,4310.34,107045,4,4975.13
2026.03.23 08:00:00,4310.34,4310.38,4098.53,4253.66,155139,4,4967.95
2026.03.23 12:00:00,4254.00,4492.43,4241.25,4454.48,148852,4,4962.84
2026.03.23 16:00:00,4454.48,4512.81,4350.99,4426.23,164853,4,4957.50
2026.03.23 20:00:00,4426.22,4466.95,4383.04,4405.77,75547,4,4952.01
2026.03.24 00:00:00,4416.51,4448.36,4308.03,4322.36,93245,4,4945.75
2026.03.24 04:00:00,4322.38,4379.28,4305.89,4347.29,104507,4,4939.79
2026.03.24 08:00:00,4347.29,4432.68,4342.95,4426.45,111038,4,4934.69
2026.03.24 12:00:00,4426.45,4442.08,4351.52,4381.54,122076,4,4929.18
2026.03.24 16:00:00,4381.54,4433.89,4372.15,4388.55,136182,4,4923.80
2026.03.24 20:00:00,4388.55,4484.04,4383.97,4474.85,83822,4,4919.34
2026.03.25 00:00:00,4479.70,4601.04,4455.97,4594.92,74505,4,4916.11
2026.03.25 04:00:00,4594.92,4602.46,4549.38,4555.69,65431,4,4912.52
2026.03.25 08:00:00,4555.69,4567.86,4527.80,4551.98,83529,4,4908.93
2026.03.25 12:00:00,4551.98,4585.66,4521.94,4544.65,103312,4,4905.31
2026.03.25 16:00:00,4544.65,4579.26,4525.13,4550.64,115465,4,4901.78
2026.03.25 20:00:00,4550.64,4568.94,4486.99,4505.77,68069,4,4897.84
2026.03.26 00:00:00,4517.40,4544.42,4489.03,4535.79,64377,4,4894.24
2026.03.26 04:00:00,4535.79,4535.95,4438.97,4439.09,72195,4,4889.71
2026.03.26 08:00:00,4439.10,4463.80,4412.50,4423.75,104451,4,4885.07
2026.03.26 12:00:00,4423.75,4460.47,4416.38,4452.67,107767,4,4880.77
2026.03.26 16:00:00,4452.67,4479.38,4366.77,4381.47,135022,4,4875.80
2026.03.26 20:00:00,4381.44,4420.29,4350.93,4376.21,77850,4,4870.83
2026.03.27 00:00:00,4383.99,4420.49,4375.38,4417.49,53258,4,4866.32
2026.03.27 04:00:00,4417.49,4475.17,4417.29,4454.46,63010,4,4862.22
2026.03.27 08:00:00,4454.25,4473.06,4420.66,4428.82,72860,4,4857.91
2026.03.27 12:00:00,4428.82,4445.29,4404.09,4431.46,84189,4,4853.67
2026.03.27 16:00:00,4431.46,4555.26,4430.92,4486.65,111840,4,4850.01
2026.03.27 20:00:00,4486.65,4528.75,4486.62,4493.19,56304,4,4846.46
2026.03.30 00:00:00,4471.23,4513.98,4419.53,4432.24,63977,4,4842.34
2026.03.30 04:00:00,4432.22,4517.26,4431.92,4496.75,80821,4,4838.90
2026.03.30 08:00:00,4496.77,4550.61,4496.77,4538.32,77926,4,4835.91
2026.03.30 12:00:00,4538.32,4580.60,4523.60,4569.39,79782,4,4833.26
2026.03.30 16:00:00,4569.39,4578.73,4512.29,4539.84,118370,4,4830.34
2026.03.30 20:00:00,4539.82,4542.22,4493.05,4513.61,66909,4,4827.19
2026.03.31 00:00:00,4510.33,4548.25,4482.59,4547.74,48627,4,4824.41
2026.03.31 04:00:00,4547.74,4619.50,4532.03,4564.87,85239,4,4821.83
2026.03.31 08:00:00,4564.89,4581.81,4543.24,4568.56,79264,4,4819.31
2026.03.31 12:00:00,4568.56,4597.56,4529.49,4574.74,95621,4,4816.87
2026.03.31 16:00:00,4574.74,4651.65,4567.84,4638.14,123778,4,4815.09
2026.03.31 20:00:00,4638.21,4685.67,4636.36,4682.65,79572,4,4813.78
2026.04.01 00:00:00,4667.56,4722.36,4661.63,4710.88,47664,4,4812.75
2026.04.01 04:00:00,4710.88,4724.23,4667.06,4676.43,67709,4,4811.40
2026.04.01 08:00:00,4676.45,4747.67,4674.90,4728.64,80720,4,4810.57
2026.04.01 12:00:00,4728.64,4763.05,4713.26,4724.78,74818,4,4809.72
2026.04.01 16:00:00,4724.78,4790.69,4716.20,4787.31,105090,4,4809.50
2026.04.01 20:00:00,4787.31,4793.08,4742.14,4766.16,65438,4,4809.06
2026.04.02 00:00:00,4757.32,4800.45,4748.72,4784.65,38709,4,4808.82
2026.04.02 04:00:00,4784.65,4786.30,4650.05,4672.56,98057,4,4807.47
2026.04.02 08:00:00,4672.58,4680.42,4553.84,4620.80,97256,4,4805.61
2026.04.02 12:00:00,4620.80,4634.98,4592.93,4601.74,79008,4,4803.58
2026.04.02 16:00:00,4601.94,4699.75,4580.75,4659.24,134299,4,4802.14
2026.04.02 20:00:00,4659.22,4681.85,4645.77,4671.97,62968,4,4800.85
2026.04.06 00:00:00,4649.61,4664.85,4600.76,4622.30,55742,4,4799.07
2026.04.06 04:00:00,4622.33,4671.95,4620.45,4659.08,61795,4,4797.68
2026.04.06 08:00:00,4659.10,4698.23,4643.15,4695.82,62407,4,4796.67
2026.04.06 12:00:00,4695.82,4706.61,4659.63,4675.89,60964,4,4795.46
2026.04.06 16:00:00,4675.89,4697.48,4651.84,4660.35,92076,4,4794.12
2026.04.06 20:00:00,4660.39,4666.46,4645.47,4655.41,47907,4,4792.74
2026.04.07 00:00:00,4648.45,4667.86,4648.45,4654.83,30210,4,4791.37
2026.04.07 04:00:00,4654.83,4664.41,4616.23,4659.71,70262,4,4790.06
2026.04.07 08:00:00,4660.20,4690.81,4623.10,4682.86,77414,4,4788.99
2026.04.07 12:00:00,4682.86,4694.49,4628.95,4651.64,83203,4,4787.62
2026.04.07 16:00:00,4651.64,4668.42,4607.28,4657.08,117256,4,4786.32
2026.04.07 20:00:00,4657.08,4718.64,4653.90,4700.71,81416,4,4785.47
2026.04.08 00:00:00,4705.71,4857.71,4705.71,4817.87,81920,4,4785.79
2026.04.08 04:00:00,4817.88,4825.37,4788.04,4803.60,85926,4,4785.97
2026.04.08 08:00:00,4803.62,4843.82,4790.53,4793.86,76599,4,4786.05
2026.04.08 12:00:00,4793.86,4807.19,4768.79,4799.67,82484,4,4786.19
2026.04.08 16:00:00,4799.67,4806.70,4732.41,4760.51,121985,4,4785.93
2026.04.08 20:00:00,4760.51,4764.41,4699.67,4730.63,80452,4,4785.38
2026.04.09 00:00:00,4719.09,4732.42,4698.62,4706.77,38754,4,4784.60
2026.04.09 04:00:00,4706.77,4732.93,4699.95,4721.13,60248,4,4783.97
2026.04.09 08:00:00,4721.13,4733.32,4703.52,4726.23,69372,4,4783.39
2026.04.09 12:00:00,4726.28,4759.68,4722.97,4745.93,63913,4,4783.02
2026.04.09 16:00:00,4745.93,4800.97,4738.74,4788.89,106929,4,4783.08
2026.04.09 20:00:00,4788.89,4801.22,4766.93,4768.85,58175,4,4782.94
2026.04.10 00:00:00,4766.53,4780.19,4750.74,4762.74,29442,4,4782.74
2026.04.10 04:00:00,4762.74,4777.16,4737.84,4758.55,56842,4,4782.49
2026.04.10 08:00:00,4758.57,4769.18,4730.68,4740.77,62038,4,4782.08
2026.04.10 12:00:00,4740.77,4782.30,4740.62,4771.83,70703,4,4781.98
2026.04.10 16:00:00,4771.83,4795.03,4747.58,4763.84,99949,4,4781.80
2026.04.10 20:00:00,4763.91,4773.16,4751.00,4759.74,48234,4,4781.58
2026.04.13 00:00:00,4723.61,4723.61,4585.32,4695.64,53101,4,4780.72
2026.04.13 04:00:00,4695.60,4728.09,4693.78,4723.12,65035,4,4780.15
2026.04.13 08:00:00,4723.12,4740.03,4716.45,4723.35,67549,4,4779.58
2026.04.13 12:00:00,4723.35,4729.12,4703.63,4723.55,70161,4,4779.03
2026.04.13 16:00:00,4723.55,4746.22,4700.22,4733.08,108858,4,4778.57
2026.04.13 20:00:00,4733.08,4750.12,4723.26,4741.16,53943,4,4778.20
2026.04.14 00:00:00,4740.46,4775.82,4740.46,4769.86,36176,4,4778.11
2026.04.14 04:00:00,4769.86,4777.18,4761.80,4774.17,57281,4,4778.07
2026.04.14 08:00:00,4774.19,4796.35,4758.00,4786.74,74713,4,4778.16
2026.04.14 12:00:00,4786.74,4789.34,4752.16,4771.36,75675,4,4778.09
2026.04.14 16:00:00,4771.36,4820.45,4771.08,4810.23,110953,4,4778.41
2026.04.14 20:00:00,4810.21,4846.31,4809.53,4844.90,62684,4,4779.07
2026.04.15 00:00:00,4841.09,4850.64,4827.02,4835.42,37867,4,4779.64
2026.04.15 04:00:00,4835.42,4871.42,4816.94,4824.97,74535,4,4780.09
2026.04.15 08:00:00,4824.97,4830.39,4803.98,4818.44,84247,4,4780.47
2026.04.15 12:00:00,4818.44,4819.57,4786.33,4811.63,80545,4,4780.78
2026.04.15 16:00:00,4811.63,4830.63,4786.90,4803.90,106574,4,4781.01
2026.04.15 20:00:00,4803.90,4808.75,4790.25,4795.81,54805,4,4781.16
2026.04.16 00:00:00,4790.26,4837.59,4789.01,4833.11,31273,4,4781.67
2026.04.16 04:00:00,4833.11,4836.41,4811.41,4833.08,53053,4,4782.18
2026.04.16 08:00:00,4833.10,4838.38,4806.56,4813.96,68429,4,4782.50
2026.04.16 12:00:00,4813.96,4823.36,4805.02,4816.27,67107,4,4782.84
2026.04.16 16:00:00,4816.27,4824.00,4773.15,4791.98,114177,4,4782.93
2026.04.16 20:00:00,4792.01,4798.63,4781.49,4793.67,60052,4,4783.03
2026.04.17 00:00:00,4788.73,4801.29,4785.78,4794.86,27342,4,4783.15
2026.04.17 04:00:00,4794.86,4804.51,4767.59,4803.03,54944,4,4783.35
2026.04.17 08:00:00,4802.99,4806.28,4778.71,4795.93,62225,4,4783.47
2026.04.17 12:00:00,4795.93,4847.65,4782.27,4846.36,71527,4,4784.10
2026.04.17 16:00:00,4846.36,4889.64,4834.89,4866.97,120604,4,4784.93
2026.04.17 20:00:00,4866.97,4869.57,4852.71,4854.44,55809,4,4785.62
2026.04.20 00:00:00,4770.66,4795.30,4736.93,4772.48,60869,4,4785.49
2026.04.20 04:00:00,4772.48,4814.44,4771.38,4788.81,63368,4,4785.52
2026.04.20 08:00:00,4788.83,4805.74,4779.64,4796.17,69488,4,4785.63
2026.04.20 12:00:00,4796.17,4822.08,4783.52,4803.45,65537,4,4785.80
2026.04.20 16:00:00,4803.46,4827.61,4792.58,4805.53,109390,4,4786.00
2026.04.20 20:00:00,4805.53,4821.38,4803.90,4814.30,47517,4,4786.28
2026.04.21 00:00:00,4820.29,4833.24,4816.89,4823.97,34327,4,4786.66
2026.04.21 04:00:00,4823.97,4824.59,4788.67,4789.11,53971,4,4786.68
2026.04.21 08:00:00,4789.11,4797.00,4772.65,4785.95,67387,4,4786.67
2026.04.21 12:00:00,4785.95,4797.95,4766.62,4778.72,67496,4,4786.59
2026.04.21 16:00:00,4778.71,4794.39,4708.13,4711.08,138889,4,4785.84
2026.04.21 20:00:00,4711.08,4722.17,4668.29,4679.43,98662,4,4784.78
2026.04.22 00:00:00,4718.65,4747.47,4715.58,4739.84,34884,4,4784.34
2026.04.22 04:00:00,4739.81,4765.05,4735.93,4754.60,52304,4,4784.04
2026.04.22 08:00:00,4754.62,4772.35,4751.81,4757.02,59737,4,4783.77
2026.04.22 12:00:00,4757.02,4762.48,4742.86,4744.22,62075,4,4783.38
2026.04.22 16:00:00,4744.20,4760.98,4723.73,4728.68,104866,4,4782.83
2026.04.22 20:00:00,4728.75,4749.36,4728.53,4740.12,48228,4,4782.41
2026.04.23 00:00:00,4739.42,4753.62,4694.14,4747.88,45130,4,4782.06
2026.04.23 04:00:00,4747.87,4749.96,4698.15,4704.48,76746,4,4781.29
2026.04.23 08:00:00,4704.50,4724.78,4692.60,4703.30,71124,4,4780.52
2026.04.23 12:00:00,4703.30,4743.13,4684.31,4740.22,83012,4,4780.12
2026.04.23 16:00:00,4740.22,4741.24,4715.56,4732.95,99932,4,4779.65
2026.04.23 20:00:00,4732.95,4734.54,4664.33,4696.13,94107,4,4778.82
2026.04.24 00:00:00,4694.05,4707.85,4686.73,4704.62,37872,4,4778.08
2026.04.24 04:00:00,4704.61,4711.05,4657.74,4674.49,75933,4,4777.05
2026.04.24 08:00:00,4674.51,4697.40,4666.76,4690.83,65618,4,4776.19
2026.04.24 12:00:00,4690.83,4717.24,4674.56,4700.73,80115,4,4775.44
2026.04.24 16:00:00,4700.96,4740.29,4689.68,4726.89,111204,4,4774.95
2026.04.24 20:00:00,4726.89,4730.13,4713.66,4716.45,52859,4,4774.37
2026.04.27 00:00:00,4698.27,4699.83,4672.06,4697.77,39871,4,4773.61
2026.04.27 04:00:00,4697.78,4730.11,4690.81,4725.02,64850,4,4773.13
2026.04.27 08:00:00,4725.04,4725.53,4705.32,4706.82,66206,4,4772.47
2026.04.27 12:00:00,4706.87,4712.64,4696.92,4699.21,58162,4,4771.74
2026.04.27 16:00:00,4699.36,4703.46,4667.22,4676.69,97281,4,4770.79
2026.04.27 20:00:00,4676.69,4686.16,4668.19,4680.86,48446,4,4769.90
2026.04.28 00:00:00,4681.69,4701.24,4681.29,4690.54,26935,4,4769.11
2026.04.28 04:00:00,4690.54,4691.46,4666.44,4667.62,57200,4,4768.10
2026.04.28 08:00:00,4667.64,4668.01,4614.73,4629.69,85804,4,4766.72
2026.04.28 12:00:00,4629.69,4630.03,4554.83,4593.78,93613,4,4765.00
2026.04.28 16:00:00,4593.78,4594.75,4557.29,4592.23,120309,4,4763.28
2026.04.28 20:00:00,4592.23,4601.51,4587.19,4595.67,46898,4,4761.61
2026.04.29 00:00:00,4596.54,4610.25,4587.90,4600.15,27655,4,4760.01
2026.04.29 04:00:00,4600.15,4605.61,4575.99,4604.76,64171,4,4758.46
2026.04.29 08:00:00,4604.78,4607.73,4557.19,4573.13,72867,4,4756.62
2026.04.29 12:00:00,4573.13,4580.86,4541.90,4544.91,74055,4,4754.51
2026.04.29 16:00:00,4544.91,4564.85,4510.02,4545.46,115979,4,4752.43
2026.04.29 20:00:00,4545.46,4554.54,4518.33,4546.81,79237,4,4750.39
2026.04.30 00:00:00,4543.54,4574.12,4539.04,4569.86,41036,4,4748.59
2026.04.30 04:00:00,4569.86,4582.57,4540.93,4542.11,76757,4,4746.53
2026.04.30 08:00:00,4542.13,4629.56,4541.97,4616.38,88527,4,4745.24
2026.04.30 12:00:00,4616.38,4646.89,4614.30,4639.58,113929,4,4744.19
2026.04.30 16:00:00,4639.61,4646.10,4605.36,4607.60,120687,4,4742.83
2026.04.30 20:00:00,4607.65,4627.56,4607.62,4616.92,64411,4,4741.58
2026.05.01 00:00:00,4621.94,4634.03,4618.41,4619.64,31808,4,4740.36
2026.05.01 04:00:00,4619.70,4636.01,4609.17,4609.17,43883,4,4739.06
2026.05.01 08:00:00,4609.19,4616.19,4565.11,4568.82,55820,4,4737.36
2026.05.01 12:00:00,4569.07,4607.75,4560.10,4591.21,56228,4,4735.91
2026.05.01 16:00:00,4591.19,4660.16,4586.52,4638.97,100862,4,4734.94
2026.05.01 20:00:00,4638.97,4642.78,4608.70,4610.82,48792,4,4733.71
2026.05.04 00:00:00,4627.14,4629.40,4601.92,4613.03,39012,4,4732.51
2026.05.04 04:00:00,4613.03,4618.68,4591.14,4605.95,60269,4,4731.25
2026.05.04 08:00:00,4605.97,4613.19,4573.82,4577.01,68800,4,4729.71
2026.05.04 12:00:00,4576.94,4584.53,4527.28,4568.34,84976,4,4728.11
2026.05.04 16:00:00,4568.34,4583.27,4500.98,4510.72,125194,4,4725.95
2026.05.04 20:00:00,4510.72,4531.68,4509.85,4517.81,60511,4,4723.88
2026.05.05 00:00:00,4523.49,4530.50,4513.60,4530.03,25458,4,4721.95
2026.05.05 04:00:00,4529.91,4546.69,4525.46,4533.70,47316,4,4720.07
2026.05.05 08:00:00,4533.72,4559.69,4531.46,4558.54,64858,4,4718.47
2026.05.05 12:00:00,4558.54,4574.62,4539.82,4564.55,67245,4,4716.93
2026.05.05 16:00:00,4564.51,4586.78,4553.67,4561.18,86020,4,4715.38
2026.05.05 20:00:00,4561.19,4565.76,4551.59,4554.74,39304,4,4713.79
2026.05.06 00:00:00,4556.42,4620.03,4546.14,4618.79,43048,4,4712.84
2026.05.06 04:00:00,4618.61,4653.68,4609.48,4648.97,61980,4,4712.21
2026.05.06 08:00:00,4648.99,4702.51,4644.55,4700.02,69886,4,4712.08
2026.05.06 12:00:00,4700.30,4722.87,4660.26,4683.34,96717,4,4711.80
2026.05.06 16:00:00,4683.34,4717.62,4668.73,4683.07,104106,4,4711.51
2026.05.06 20:00:00,4683.07,4700.13,4678.94,4692.51,42819,4,4711.32
2026.05.07 00:00:00,4690.61,4701.12,4677.09,4688.71,34145,4,4711.10
2026.05.07 04:00:00,4688.71,4721.28,4685.21,4696.37,63566,4,4710.95
2026.05.07 08:00:00,4696.39,4753.48,4694.81,4731.18,80678,4,4711.15
2026.05.07 12:00:00,4731.18,4752.78,4721.81,4749.99,77911,4,4711.54
2026.05.07 16:00:00,4749.99,4764.81,4704.44,4714.96,119675,4,4711.57
2026.05.07 20:00:00,4714.96,4719.61,4687.61,4703.08,77993,4,4711.49
2026.05.08 00:00:00,4684.91,4709.61,4678.29,4701.36,40238,4,4711.39
2026.05.08 04:00:00,4701.35,4732.78,4700.63,4711.02,66209,4,4711.38
2026.05.08 08:00:00,4711.03,4734.71,4697.42,4715.85,76734,4,4711.43
2026.05.08 12:00:00,4715.85,4732.15,4702.79,4724.39,76588,4,4711.56
2026.05.08 16:00:00,4724.39,4749.51,4701.91,4712.40,111848,4,4711.57
2026.05.08 20:00:00,4712.40,4728.99,4712.15,4724.01,44628,4,4711.69
2026.05.11 00:00:00,4693.11,4701.37,4670.27,4683.45,44063,4,4711.41
2026.05.11 04:00:00,4683.45,4705.52,4668.45,4672.10,74406,4,4711.02
2026.05.11 08:00:00,4672.12,4680.75,4648.14,4667.52,70708,4,4710.59
2026.05.11 12:00:00,4667.52,4701.13,4650.60,4699.99,68882,4,4710.48
2026.05.11 16:00:00,4699.99,4748.62,4698.67,4716.52,103683,4,4710.54
2026.05.11 20:00:00,4716.52,4736.17,4715.92,4733.57,43508,4,4710.77
2026.05.12 00:00:00,4735.66,4773.42,4735.18,4749.31,42083,4,4711.15
2026.05.12 04:00:00,4749.18,4755.51,4711.36,4714.20,75780,4,4711.18
2026.05.12 08:00:00,4714.20,4722.09,4686.83,4703.44,77851,4,4711.11
2026.05.12 12:00:00,4703.45,4711.85,4685.17,4705.77,74325,4,4711.05
2026.05.12 16:00:00,4705.72,4709.09,4638.32,4671.15,122913,4,4710.66
2026.05.12 20:00:00,4671.15,4715.78,4671.15,4715.71,60864,4,4710.71
2026.05.13 00:00:00,4715.35,4727.01,4710.53,4714.57,40361,4,4710.74
2026.05.13 04:00:00,4714.57,4717.15,4687.57,4699.68,73073,4,4710.63
2026.05.13 08:00:00,4699.70,4715.41,4693.70,4700.62,70565,4,4710.53
2026.05.13 12:00:00,4700.62,4710.45,4676.13,4683.85,79707,4,4710.27
2026.05.13 16:00:00,4683.84,4709.88,4669.45,4695.67,103584,4,4710.12
2026.05.13 20:00:00,4695.67,4701.30,4677.63,4688.21,50764,4,4709.91
2026.05.14 00:00:00,4689.14,4706.77,4688.90,4705.00,31695,4,4709.86
2026.05.14 04:00:00,4704.90,4712.91,4668.38,4702.43,80364,4,4709.78
2026.05.14 08:00:00,4702.48,4718.76,4686.06,4693.32,74110,4,4709.62
2026.05.14 12:00:00,4693.32,4710.06,4688.48,4704.82,70395,4,4709.57
2026.05.14 16:00:00,4704.82,4707.80,4666.65,4678.60,99337,4,4709.26
2026.05.14 20:00:00,4678.60,4682.99,4653.03,4654.23,46224,4,4708.72
2026.05.15 00:00:00,4651.88,4665.28,4613.61,4630.53,48488,4,4707.94
2026.05.15 04:00:00,4630.56,4631.68,4604.45,4605.82,94163,4,4706.92
2026.05.15 08:00:00,4606.03,4606.45,4550.12,4554.42,113125,4,4705.40
2026.05.15 12:00:00,4554.42,4572.58,4531.89,4545.86,102316,4,4703.82
2026.05.15 16:00:00,4545.86,4566.49,4511.76,4544.38,128750,4,4702.23
2026.05.15 20:00:00,4544.34,4564.47,4543.16,4545.86,58011,4,4700.67
2026.05.18 00:00:00,4538.84,4554.89,4480.30,4516.00,63287,4,4698.84
2026.05.18 04:00:00,4515.48,4549.83,4489.58,4540.68,102133,4,4697.26
2026.05.18 08:00:00,4540.70,4559.92,4529.68,4550.00,89922,4,4695.80
2026.05.18 12:00:00,4550.00,4574.95,4529.85,4571.22,89847,4,4694.56
2026.05.18 16:00:00,4571.21,4584.27,4531.88,4550.21,122230,4,4693.12
2026.05.18 20:00:00,4550.21,4565.04,4534.08,4558.43,62692,4,4691.78
2026.05.19 00:00:00,4566.40,4589.24,4561.30,4563.41,38639,4,4690.50
2026.05.19 04:00:00,4563.34,4572.48,4538.05,4542.43,76532,4,4689.03
2026.05.19 08:00:00,4542.45,4559.28,4530.89,4542.79,79124,4,4687.58
2026.05.19 12:00:00,4542.78,4548.00,4525.47,4537.12,73227,4,4686.08
2026.05.19 16:00:00,4537.12,4537.43,4464.68,4507.71,119342,4,4684.30
2026.05.19 20:00:00,4507.71,4511.07,4481.24,4483.47,51049,4,4682.31
2026.05.20 00:00:00,4482.50,4508.83,4477.39,4500.99,42000,4,4680.50
2026.05.20 04:00:00,4500.99,4506.28,4453.52,4462.08,88008,4,4678.33
2026.05.20 08:00:00,4462.10,4490.11,4461.39,4484.14,81918,4,4676.40
2026.05.20 12:00:00,4484.04,4505.36,4472.70,4496.23,65473,4,4674.60
2026.05.20 16:00:00,4496.23,4553.07,4467.02,4534.52,121977,4,4673.21
2026.05.20 20:00:00,4534.52,4550.23,4529.31,4545.74,51191,4,4671.94
2026.05.21 00:00:00,4539.88,4553.29,4534.58,4545.26,37680,4,4670.68
2026.05.21 04:00:00,4545.26,4570.94,4527.27,4538.42,70214,4,4669.36
2026.05.21 08:00:00,4538.44,4540.42,4511.83,4532.52,76333,4,4668.00
2026.05.21 12:00:00,4532.52,4542.96,4502.30,4504.08,90219,4,4666.37
2026.05.21 16:00:00,4504.08,4521.18,4488.69,4519.48,109648,4,4664.91
2026.05.21 20:00:00,4519.48,4559.27,4514.18,4543.11,73741,4,4663.70
2026.05.22 00:00:00,4539.63,4545.69,4525.64,4526.78,31607,4,4662.34
2026.05.22 04:00:00,4526.78,4536.31,4518.52,4527.26,65413,4,4660.99
2026.05.22 08:00:00,4527.22,4534.31,4507.54,4521.88,68248,4,4659.61
2026.05.22 12:00:00,4521.88,4536.84,4510.36,4528.20,71339,4,4658.30
2026.05.22 16:00:00,4528.14,4534.33,4491.82,4514.94,99116,4,4656.87
2026.05.22 20:00:00,4514.96,4527.90,4504.29,4508.22,48413,4,4655.39
2026.05.25 00:00:00,4526.16,4580.03,4507.36,4569.49,46870,4,4654.54
2026.05.25 04:00:00,4569.49,4576.32,4556.73,4564.85,56981,4,4653.65
2026.05.25 08:00:00,4564.85,4566.10,4550.47,4556.15,51170,4,4652.68
2026.05.25 12:00:00,4556.15,4576.97,4552.86,4567.70,44350,4,4651.83
2026.05.25 16:00:00,4567.69,4574.71,4560.13,4573.60,48670,4,4651.05
2026.05.25 20:00:00,4573.60,4577.98,4563.29,4569.39,9699,4,4650.24
2026.05.26 00:00:00,4570.32,4580.50,4539.42,4549.57,39861,4,4649.24
2026.05.26 04:00:00,4549.57,4550.38,4523.54,4525.41,55940,4,4648.01
2026.05.26 08:00:00,4525.43,4538.98,4520.17,4523.72,62894,4,4646.77
2026.05.26 12:00:00,4523.72,4540.53,4500.73,4520.43,72273,4,4645.51
2026.05.26 16:00:00,4520.43,4531.31,4499.78,4504.90,84885,4,4644.11
2026.05.26 20:00:00,4504.90,4509.98,4482.41,4509.00,44216,4,4642.77
2026.05.27 00:00:00,4504.27,4538.08,4498.01,4515.14,36700,4,4641.50
2026.05.27 04:00:00,4515.14,4521.14,4495.82,4510.16,48334,4,4640.19
2026.05.27 08:00:00,4510.24,4513.95,4475.72,4497.86,66498,4,4638.78
2026.05.27 12:00:00,4497.86,4497.86,4424.99,4438.89,78287,4,4636.79
2026.05.27 16:00:00,4438.89,4455.51,4401.52,4450.85,94085,4,4634.94
2026.05.27 20:00:00,4450.85,4458.54,4441.47,4450.95,34660,4,4633.11
2026.05.28 00:00:00,4453.30,4465.16,4443.86,4457.08,31434,4,4631.36
2026.05.28 04:00:00,4457.08,4458.74,4366.52,4373.00,80681,4,4628.78
2026.05.28 08:00:00,4373.02,4396.31,4367.14,4386.90,64893,4,4626.38
2026.05.28 12:00:00,4386.90,4433.91,4375.36,4432.21,68889,4,4624.45
2026.05.28 16:00:00,4432.23,4511.02,4418.19,4510.98,104716,4,4623.32
2026.05.28 20:00:00,4510.98,4516.54,4497.13,4497.96,42562,4,4622.07
2026.05.29 00:00:00,4492.98,4500.54,4488.50,4496.12,31374,4,4620.82
2026.05.29 04:00:00,4496.12,4520.64,4492.41,4514.18,61314,4,4619.75
2026.05.29 08:00:00,4514.17,4526.21,4502.70,4514.84,63484,4,4618.71
2026.05.29 12:00:00,4514.85,4543.44,4512.74,4522.97,69513,4,4617.76
2026.05.29 16:00:00,4523.10,4595.18,4517.11,4566.96,107149,4,4617.25
2026.05.29 20:00:00,4566.96,4568.61,4542.98,4545.60,46539,4,4616.54
2026.06.01 00:00:00,4535.56,4546.06,4509.54,4540.67,35975,4,4615.78
2026.06.01 04:00:00,4540.76,4541.25,4508.59,4514.47,54565,4,4614.78
2026.06.01 08:00:00,4514.50,4525.18,4490.58,4498.13,60892,4,4613.62
2026.06.01 12:00:00,4498.12,4512.92,4489.24,4502.25,56481,4,4612.51
2026.06.01 16:00:00,4502.25,4503.89,4447.68,4480.08,97832,4,4611.19
2026.06.01 20:00:00,4480.08,4495.45,4471.42,4481.19,38738,4,4609.90
2026.06.02 00:00:00,4475.12,4497.22,4475.12,4481.54,28213,4,4608.62
2026.06.02 04:00:00,4481.37,4518.21,4462.94,4517.36,61249,4,4607.71
2026.06.02 08:00:00,4517.40,4541.46,4515.24,4526.68,56775,4,4606.91
2026.06.02 12:00:00,4526.70,4535.75,4513.47,4514.70,50293,4,4605.99
2026.06.02 16:00:00,4514.70,4524.79,4486.39,4491.89,80218,4,4604.85
2026.06.02 20:00:00,4491.89,4492.99,4478.74,4488.09,38204,4,4603.69
2026.06.03 00:00:00,4480.04,4496.76,4462.22,4486.15,38155,4,4602.52
2026.06.03 04:00:00,4485.97,4488.19,4463.33,4469.35,54064,4,4601.20
2026.06.03 08:00:00,4469.37,4474.26,4440.18,4444.01,69879,4,4599.63
2026.06.03 12:00:00,4444.00,4468.04,4438.99,4460.37,71951,4,4598.25
2026.06.03 16:00:00,4460.37,4465.97,4426.29,4441.85,100835,4,4596.69
2026.06.03 20:00:00,4441.93,4452.24,4435.30,4443.94,47048,4,4595.17
2026.06.04 00:00:00,4431.66,4465.18,4424.02,4448.44,45205,4,4593.71
2026.06.04 04:00:00,4448.42,4484.00,4443.41,4481.03,66734,4,4592.59
2026.06.04 08:00:00,4481.05,4482.42,4458.56,4463.36,63801,4,4591.30
2026.06.04 12:00:00,4463.36,4514.74,4461.10,4504.09,70260,4,4590.44
2026.06.04 16:00:00,4504.08,4515.39,4457.26,4482.85,88126,4,4589.36
2026.06.04 20:00:00,4482.85,4483.46,4472.73,4480.79,36454,4,4588.28
2026.06.05 00:00:00,4472.06,4481.51,4450.65,4459.18,39115,4,4587.00
2026.06.05 04:00:00,4459.18,4470.06,4435.24,4444.96,69951,4,4585.59
2026.06.05 08:00:00,4444.99,4468.19,4428.81,4462.78,68835,4,4584.36
2026.06.05 12:00:00,4462.78,4475.77,4404.82,4406.29,75142,4,4582.59
2026.06.05 16:00:00,4406.29,4421.02,4323.46,4344.66,144457,4,4580.23
2026.06.05 20:00:00,4344.66,4347.52,4313.84,4318.52,79788,4,4577.62
2026.06.08 00:00:00,4326.33,4353.38,4309.74,4342.17,58191,4,4575.28
2026.06.08 04:00:00,4342.17,4346.00,4299.84,4312.66,90356,4,4572.67
2026.06.08 08:00:00,4312.66,4317.12,4268.51,4288.76,95403,4,4569.84
2026.06.08 12:00:00,4288.76,4339.46,4273.03,4333.08,91123,4,4567.48
2026.06.08 16:00:00,4333.15,4346.62,4314.69,4340.72,113572,4,4565.23
2026.06.08 20:00:00,4340.72,4345.91,4323.33,4326.66,55652,4,4562.85
2026.06.09 00:00:00,4327.96,4332.09,4312.79,4319.89,37071,4,4560.44
2026.06.09 04:00:00,4319.84,4342.22,4318.64,4332.29,72289,4,4558.17
2026.06.09 08:00:00,4332.29,4351.43,4321.28,4326.56,74422,4,4555.86
2026.06.09 12:00:00,4326.57,4344.31,4324.15,4341.34,67978,4,4553.73
2026.06.09 16:00:00,4341.34,4363.50,4236.55,4252.20,163203,4,4550.73
2026.06.09 20:00:00,4252.07,4274.27,4249.93,4258.72,84155,4,4547.82
2026.06.10 00:00:00,4247.10,4257.36,4198.89,4218.14,63408,4,4544.54
2026.06.10 04:00:00,4218.14,4218.94,4172.45,4174.86,107572,4,4540.86
2026.06.10 08:00:00,4174.86,4221.87,4161.35,4169.02,98124,4,4537.16
2026.06.10 12:00:00,4169.03,4179.68,4130.72,4146.98,123235,4,4533.28
2026.06.10 16:00:00,4147.00,4186.31,4106.82,4122.02,157089,4,4529.19
2026.06.10 20:00:00,4122.05,4135.03,4081.61,4082.72,84797,4,4524.75
2026.06.11 00:00:00,4067.76,4078.09,4023.74,4075.81,87891,4,4520.28
2026.06.11 04:00:00,4075.81,4118.02,4052.52,4082.62,108542,4,4515.92
2026.06.11 08:00:00,4082.64,4112.64,4072.53,4084.54,93814,4,4511.63
2026.06.11 12:00:00,4084.54,4096.48,4057.52,4081.86,99441,4,4507.36
2026.06.11 16:00:00,4081.86,4107.55,4052.88,4080.23,156134,4,4503.11
2026.06.11 20:00:00,4080.23,4219.93,4071.98,4208.87,115307,4,4500.18
2026.06.12 00:00:00,4207.64,4246.34,4200.82,4208.33,58150,4,4497.27
2026.06.12 04:00:00,4208.33,4210.96,4171.42,4190.00,84227,4,4494.22
2026.06.12 08:00:00,4190.02,4225.99,4170.16,4219.64,92957,4,4491.48
2026.06.12 12:00:00,4219.64,4227.97,4188.53,4191.73,85455,4,4488.50
2026.06.12 16:00:00,4191.68,4235.59,4177.16,4216.01,131139,4,4485.79
2026.06.12 20:00:00,4216.01,4235.44,4201.86,4210.73,60506,4,4483.05
2026.06.15 00:00:00,4262.55,4308.92,4231.18,4292.63,52679,4,4481.16
2026.06.15 04:00:00,4292.64,4335.43,4285.49,4328.20,68994,4,4479.64
2026.06.15 08:00:00,4328.22,4345.45,4300.80,4334.06,71580,4,4478.19
2026.06.15 12:00:00,4334.54,4349.41,4324.59,4349.07,59267,0,4476.90
2026.06.15 16:00:00,4349.07,4369.40,4334.59,4339.31,104820,0,4475.53
2026.06.15 20:00:00,4339.31,4339.32,4316.65,4320.83,57093,0,4473.99
2026.06.16 00:00:00,4305.42,4320.70,4302.82,4319.19,34499,0,4472.45
2026.06.16 04:00:00,4319.19,4333.17,4307.61,4322.53,62709,0,4470.96
2026.06.16 08:00:00,4322.53,4348.01,4313.33,4346.95,69464,0,4469.73
2026.06.16 12:00:00,4346.95,4354.95,4335.12,4354.71,67883,0,4468.58
2026.06.16 16:00:00,4354.71,4354.91,4313.32,4340.69,118418,0,4467.31
2026.06.16 20:00:00,4340.69,4342.91,4325.34,4334.07,58438,0,4465.99
2026.06.17 00:00:00,4327.69,4341.61,4326.44,4337.10,21325,0,4464.70
2026.06.17 04:00:00,4337.10,4349.88,4317.51,4326.74,61432,0,4463.33
2026.06.17 08:00:00,4326.77,4334.30,4317.57,4324.80,63597,0,4461.95
2026.06.17 12:00:00,4324.79,4335.62,4319.82,4333.65,62865,0,4460.68
2026.06.17 16:00:00,4333.65,4366.49,4324.10,4359.50,103684,0,4459.67
2026.06.17 20:00:00,4359.50,4382.48,4219.14,4235.86,128985,0,4457.44
2026.06.18 00:00:00,4252.88,4315.31,4249.53,4308.49,49703,0,4455.96
2026.06.18 04:00:00,4308.49,4329.91,4307.05,4315.80,71477,0,4454.57
2026.06.18 08:00:00,4315.80,4324.75,4265.51,4266.78,83001,0,4452.70
2026.06.18 12:00:00,4266.78,4273.33,4239.95,4246.66,91169,0,4450.65
2026.06.18 16:00:00,4246.66,4276.73,4214.00,4219.49,126010,0,4448.35
2026.06.18 20:00:00,4219.49,4233.19,4201.27,4216.88,62625,0,4446.04
2026.06.19 00:00:00,4203.06,4212.70,4184.22,4190.41,37354,0,4443.50
2026.06.19 04:00:00,4190.41,4194.52,4125.10,4125.79,63275,0,4440.34
2026.06.19 08:00:00,4125.81,4178.53,4121.68,4169.16,74702,0,4437.64
2026.06.19 12:00:00,4169.15,4180.10,4141.89,4179.13,72587,0,4435.07
2026.06.19 16:00:00,4179.13,4182.96,4142.54,4155.52,67695,0,4432.29
2026.06.19 20:00:00,4155.52,4155.52,4152.52,4152.52,9,29,4429.50
2026.06.22 00:00:00,4138.90,4200.96,4133.63,4200.85,55276,0,4427.23
2026.06.22 04:00:00,4200.88,4220.91,4170.65,4181.75,87212,0,4424.78
2026.06.22 08:00:00,4181.75,4207.37,4179.41,4197.38,79034,0,4422.52
2026.06.22 12:00:00,4197.45,4215.34,4192.20,4193.37,78179,0,4420.24
2026.06.22 16:00:00,4193.37,4210.74,4169.82,4189.96,124398,0,4417.95
2026.06.22 20:00:00,4189.96,4193.40,4177.14,4190.59,56862,0,4415.69
2026.06.23 00:00:00,4189.24,4195.31,4178.34,4193.39,33190,0,4413.48
2026.06.23 04:00:00,4193.40,4198.57,4114.75,4118.17,83858,0,4410.54
2026.06.23 08:00:00,4118.19,4137.46,4090.83,4105.31,97721,0,4407.50
2026.06.23 12:00:00,4105.29,4133.31,4104.02,4113.26,84267,0,4404.57
2026.06.23 16:00:00,4113.26,4144.90,4105.31,4134.38,119711,0,4401.88
2026.06.23 20:00:00,4134.38,4139.79,4111.63,4111.75,60392,0,4399.00
2026.06.24 00:00:00,4109.55,4115.07,4080.79,4097.24,60909,0,4396.00
2026.06.24 04:00:00,4097.30,4102.24,4050.33,4064.52,109599,0,4392.70
2026.06.24 08:00:00,4064.52,4097.57,4060.83,4076.27,89159,0,4389.55
2026.06.24 12:00:00,4076.27,4079.14,3987.57,3987.78,108521,0,4385.55
2026.06.24 16:00:00,3987.78,4041.98,3964.55,4006.67,152268,0,4381.78
2026.06.24 20:00:00,4006.69,4011.26,3958.96,3988.07,90402,0,4377.86
2026.06.25 00:00:00,4001.11,4018.63,3978.52,3991.38,49929,0,4374.02
2026.06.25 04:00:00,3991.38,4005.92,3963.03,3996.04,101389,0,4370.26
2026.06.25 08:00:00,3996.06,4002.03,3971.49,3989.16,89587,0,4366.46
2026.06.25 12:00:00,3989.16,4019.29,3973.64,4012.35,82721,0,4362.94
2026.06.25 16:00:00,4012.47,4044.08,3999.02,4028.71,147125,0,4359.62
2026.06.25 20:00:00,4028.71,4044.22,4021.95,4026.81,71087,0,4356.30
2026.06.26 00:00:00,3989.99,4036.57,3989.93,4020.32,49539,0,4352.96
2026.06.26 04:00:00,4020.32,4029.54,3982.99,4011.40,89860,0,4349.56
2026.06.26 08:00:00,4011.40,4039.83,4005.72,4030.94,84363,0,4346.39
2026.06.26 12:00:00,4030.94,4061.50,4029.62,4059.00,80167,0,4343.53
2026.06.26 16:00:00,4059.00,4096.03,4043.27,4085.08,116424,0,4340.96
2026.06.26 20:00:00,4085.08,4088.17,4064.50,4071.69,62233,0,4338.28
2026.06.29 00:00:00,4082.28,4085.55,4048.23,4069.48,81980,0,4335.61
2026.06.29 04:00:00,4069.48,4075.68,4049.63,4052.35,114243,0,4332.79
2026.06.29 08:00:00,4052.35,4068.60,4039.36,4046.95,123555,0,4329.94
2026.06.29 12:00:00,4046.95,4055.34,4024.51,4043.68,89456,0,4327.10
2026.06.29 16:00:00,4043.68,4051.80,4000.30,4023.89,106350,0,4324.08
2026.06.29 20:00:00,4023.89,4032.12,4005.24,4015.94,45625,0,4321.01
2026.06.30 00:00:00,4013.93,4022.42,3979.81,3987.32,46765,0,4317.69
2026.06.30 04:00:00,3987.09,3998.00,3942.48,3985.56,100335,0,4314.39
2026.06.30 08:00:00,3985.58,4037.70,3975.23,4015.54,97690,0,4311.41
2026.06.30 12:00:00,4015.54,4037.31,4008.69,4010.00,74098,0,4308.41
2026.06.30 16:00:00,4009.87,4063.48,4009.48,4026.12,118628,0,4305.61
2026.06.30 20:00:00,4026.09,4033.84,4014.71,4016.16,47883,0,4302.73
2026.07.01 00:00:00,3997.53,4018.55,3993.02,3996.74,39039,0,4299.68
2026.07.01 04:00:00,3996.76,3999.81,3970.22,3976.66,75507,0,4296.47
2026.07.01 08:00:00,3976.68,3984.51,3959.93,3974.57,73434,0,4293.26
2026.07.01 12:00:00,3974.56,4035.53,3972.87,4022.70,80805,0,4290.57
2026.07.01 16:00:00,4022.69,4115.79,4012.87,4071.11,131478,0,4288.39
2026.07.01 20:00:00,4071.14,4073.67,4034.48,4038.77,56535,0,4285.90
2026.07.02 00:00:00,3998.58,4052.60,3998.58,4051.94,39314,0,4283.58
2026.07.02 04:00:00,4051.94,4074.13,4041.16,4060.74,78160,0,4281.36
2026.07.02 08:00:00,4060.75,4080.08,4053.23,4076.04,86896,0,4279.32
2026.07.02 12:00:00,4076.04,4140.56,4057.45,4117.60,98124,0,4277.71
2026.07.02 16:00:00,4117.60,4144.07,4100.24,4118.15,140175,0,4276.12
2026.07.02 20:00:00,4118.17,4127.04,4105.77,4121.33,68015,0,4274.58
2026.07.03 00:00:00,4091.17,4150.97,4091.17,4147.11,39859,0,4273.31
2026.07.03 04:00:00,4147.11,4195.42,4146.65,4178.85,66868,0,4272.37
2026.07.03 08:00:00,4178.87,4186.52,4160.48,4180.95,62036,0,4271.46
2026.07.03 12:00:00,4181.04,4186.22,4168.61,4176.89,47799,0,4270.52
2026.07.03 16:00:00,4176.89,4179.32,4155.35,4174.74,57606,0,4269.57
2026.07.03 20:00:00,4174.74,4174.74,4171.97,4171.97,2,58,4268.60
2026.07.06 00:00:00,4171.97,4201.78,4167.47,4179.61,52879,0,4267.71
2026.07.06 04:00:00,4179.61,4203.03,4157.54,4159.66,77490,0,4266.64
2026.07.06 08:00:00,4159.67,4166.32,4144.66,4150.48,69130,0,4265.48
2026.07.06 12:00:00,4150.48,4159.60,4131.44,4139.64,72497,0,4264.23
2026.07.06 16:00:00,4139.64,4156.26,4128.44,4155.09,99941,0,4263.14
2026.07.06 20:00:00,4155.09,4167.54,4150.27,4163.79,47353,0,4262.15
2026.07.07 00:00:00,4162.13,4168.43,4145.22,4146.01,30850,0,4261.00
2026.07.07 04:00:00,4146.02,4147.93,4124.47,4126.70,66935,0,4259.66
2026.07.07 08:00:00,4126.70,4139.37,4116.64,4125.99,71480,0,4258.33
2026.07.07 12:00:00,4125.99,4175.14,4119.80,4172.27,73942,0,4257.47
2026.07.07 16:00:00,4172.27,4180.51,4135.78,4145.11,106022,0,4256.36
2026.07.07 20:00:00,4145.11,4148.20,4092.19,4114.25,65817,0,4254.94
2026.07.08 00:00:00,4094.64,4126.78,4089.29,4111.58,51814,0,4253.52
2026.07.08 04:00:00,4111.58,4131.20,4096.46,4125.30,89936,0,4252.24
2026.07.08 08:00:00,4125.30,4133.98,4051.93,4056.76,113923,0,4250.30
2026.07.08 12:00:00,4056.76,4086.36,4040.39,4072.11,142130,7,4248.52
2026.07.08 16:00:00,4072.21,4082.87,4021.54,4063.71,186648,7,4246.68
2026.07.08 20:00:00,4063.68,4091.43,4059.52,4079.71,95645,8,4245.02
2026.07.09 00:00:00,4074.17,4089.74,4069.82,4073.95,40314,8,4243.32
2026.07.09 04:00:00,4073.70,4082.65,4054.08,4064.10,86205,8,4241.54
2026.07.09 08:00:00,4064.10,4117.69,4063.64,4108.24,102038,8,4240.21
2026.07.09 12:00:00,4108.24,4122.58,4093.69,4107.74,86750,7,4238.89
2026.07.09 16:00:00,4107.74,4138.10,4106.67,4128.05,132657,7,4237.79
2026.07.09 20:00:00,4128.03,4138.03,4118.83,4122.32,56559,8,4236.64
2026.07.10 00:00:00,4120.93,4128.19,4114.08,4126.08,24082,7,4235.54
2026.07.10 04:00:00,4126.10,4134.76,4108.48,4115.08,61585,8,4234.34
2026.07.10 08:00:00,4115.11,4120.06,4094.70,4097.86,63551,7,4232.98
2026.07.10 12:00:00,4097.87,4117.18,4094.17,4100.66,60245,7,4231.67
2026.07.10 16:00:00,4100.66,4115.37,4072.72,4104.24,126928,7,4230.40
2026.07.10 20:00:00,4104.24,4109.04,4097.74,4108.45,45853,7,4229.19
2026.07.13 00:00:00,4095.58,4103.13,4060.96,4073.97,58012,8,4227.64
2026.07.13 04:00:00,4073.94,4089.63,4050.03,4058.87,94486,7,4225.96
2026.07.13 08:00:00,4058.85,4080.70,4043.64,4074.52,93999,7,4224.45
2026.07.13 12:00:00,4074.54,4076.59,4046.40,4067.29,74532,7,4222.89
2026.07.13 16:00:00,4067.36,4067.58,3986.37,3993.18,145353,6,4220.61
2026.07.13 20:00:00,3993.23,4005.07,3986.55,4001.97,79086,7,4218.43
2026.07.14 00:00:00,3977.51,4007.18,3971.22,4004.16,53053,7,4216.30
2026.07.14 04:00:00,4004.16,4023.41,3992.08,4020.23,84801,6,4214.35
2026.07.14 08:00:00,4020.33,4034.05,4014.40,4015.97,81117,7,4212.37
2026.07.14 12:00:00,4015.96,4102.56,4013.69,4076.12,93058,7,4211.02
2026.07.14 16:00:00,4076.09,4100.67,4057.68,4061.52,150623,7,4209.53
2026.07.14 20:00:00,4061.52,4065.04,4042.80,4055.57,65974,7,4208.00
2026.07.15 00:00:00,4019.79,4060.66,4019.79,4058.99,36460,8,4206.52
2026.07.15 04:00:00,4058.99,4062.14,4027.94,4033.15,76517,7,4204.79
2026.07.15 08:00:00,4033.15,4036.58,4017.25,4031.15,83286,7,4203.06
2026.07.15 12:00:00,4031.14,4071.41,4025.43,4067.79,90004,7,4201.72
2026.07.15 16:00:00,4067.79,4074.02,4026.71,4033.75,150067,7,4200.05
2026.07.15 20:00:00,4033.73,4081.45,4032.74,4056.88,79364,7,4198.62
2026.07.16 00:00:00,4050.87,4065.25,4043.70,4044.49,30176,8,4197.09
2026.07.16 04:00:00,4044.49,4050.45,4024.15,4033.16,67174,7,4195.46
2026.07.16 08:00:00,4033.09,4036.49,4022.85,4035.23,74460,8,4193.86
2026.07.16 12:00:00,4035.28,4043.27,3990.34,3992.24,74295,6,4191.86
2026.07.16 16:00:00,3992.25,4016.84,3973.57,3992.03,137896,6,4189.87
2026.07.16 20:00:00,3992.03,3992.97,3969.10,3979.87,73668,6,4187.78
2026.07.17 00:00:00,3973.91,3991.95,3971.79,3991.91,39723,6,4185.83
2026.07.17 04:00:00,3991.91,4008.57,3970.55,3981.74,94425,6,4183.80
2026.07.17 08:00:00,3981.74,4007.12,3975.20,3994.14,102104,6,4181.91
2026.07.17 12:00:00,3994.14,4002.45,3964.05,3966.09,85038,6,4179.76
2026.07.17 16:00:00,3966.02,4023.72,3959.56,4014.93,151030,6,4178.12
2026.07.17 20:00:00,4014.98,4019.22,4002.31,4015.15,64457,7,4176.50
2026.07.20 00:00:00,4000.49,4010.13,3964.89,4008.63,52390,6,4174.83
2026.07.20 04:00:00,4008.60,4028.74,3995.42,4018.89,103048,6,4173.28
2026.07.20 08:00:00,4018.97,4030.62,4002.02,4019.00,93863,7,4171.74
2026.07.20 12:00:00,4018.97,4040.66,4006.45,4007.97,88085,7,4170.11
2026.07.20 16:00:00,4007.96,4019.34,3998.21,4009.79,128757,7,4168.52
2026.07.20 20:00:00,4009.79,4017.96,4003.20,4006.79,60330,7,4166.91
2026.07.21 00:00:00,4004.66,4027.04,3999.70,4024.76,38204,7,4165.50
2026.07.21 04:00:00,4024.78,4051.86,4018.40,4049.55,67228,7,4164.34
2026.07.21 08:00:00,4049.53,4084.13,4046.22,4062.78,61650,7,4163.33
2026.07.21 12:00:00,4062.82,4070.09,4050.98,4053.81,58426,8,4162.24
2026.07.21 16:00:00,4053.79,4083.41,4044.44,4071.41,102672,7,4161.34
2026.07.21 20:00:00,4071.41,4087.14,4066.70,4084.40,39269,7,4160.57
2026.07.22 00:00:00,4076.59,4102.36,4076.55,4097.42,33888,7,4159.94
2026.07.22 04:00:00,4097.44,4141.62,4096.72,4126.98,87332,7,4159.62
2026.07.22 08:00:00,4127.00,4135.26,4109.20,4118.31,88183,7,4159.21
2026.07.22 12:00:00,4118.29,4134.34,4106.52,4112.81,81860,7,4158.74
2026.07.22 16:00:00,4112.95,4166.00,4112.64,4146.79,126424,7,4158.62
2026.07.22 20:00:00,4146.79,4147.80,4128.89,4131.84,60262,7,4158.36
2026.07.23 00:00:00,4123.93,4134.68,4087.25,4132.14,49156,7,4158.10
2026.07.23 04:00:00,4132.11,4141.03,4112.11,4121.21,96990,7,4157.73
2026.07.23 08:00:00,4121.20,4130.51,4087.02,4093.41,101722,7,4157.09
2026.07.23 12:00:00,4093.38,4099.37,4060.97,4061.73,104609,7,4156.14
2026.07.23 16:00:00,4061.73,4067.29,4040.11,4051.46,156275,7,4155.10
2026.07.23 20:00:00,4051.52,4054.60,4040.67,4049.66,74192,7,4154.05
2026.07.24 00:00:00,4032.03,4050.82,4032.03,4049.70,24335,7,4153.01
2026.07.24 04:00:00,4049.65,4050.36,4022.93,4027.00,59270,7,4151.76
2026.07.24 08:00:00,4027.00,4058.65,4021.82,4057.43,65908,7,4150.82
2026.07.24 12:00:00,4057.50,4063.82,4051.35,4054.56,51673,7,4149.86
2026.07.24 16:00:00,4054.15,4082.04,4044.61,4066.98,111236,7,4149.04
2026.07.24 20:00:00,4067.00,4069.84,4049.16,4053.67,46493,7,4148.09
2026.07.27 00:00:00,4088.39,4116.23,4009.11,4100.77,51681,7,4147.62
2026.07.27 04:00:00,4100.76,4112.50,4085.06,4090.27,88316,7,4147.05
2026.07.27 08:00:00,4090.27,4106.01,4084.36,4095.18,87739,7,4146.53
2026.07.27 12:00:00,4095.18,4104.12,4081.43,4083.71,80864,7,4145.91
2026.07.27 16:00:00,4083.69,4093.92,4065.30,4082.28,146818,7,4145.27
2026.07.27 20:00:00,4082.30,4089.27,4070.59,4083.37,70931,7,4144.66
2026.07.28 00:00:00,4063.21,4081.42,4057.39,4057.80,36898,8,4143.79
2026.07.28 04:00:00,4057.68,4060.18,4040.28,4042.10,84332,7,4142.78
2026.07.28 08:00:00,4041.99,4055.09,4034.61,4045.42,83010,7,4141.81
2026.07.28 12:00:00,4045.31,4045.91,4016.89,4029.35,85459,7,4140.69
2026.07.28 16:00:00,4029.37,4047.04,4011.51,4037.49,127851,7,4139.67
2026.07.28 20:00:00,4037.67,4041.50,4021.66,4026.38,59066,7,4138.54
2026.07.29 00:00:00,4022.84,4029.87,4013.71,4021.83,46013,7,4137.38
2026.07.29 04:00:00,4021.83,4037.85,4010.12,4027.20,85688,7,4136.28
2026.07.29 08:00:00,4027.20,4047.66,4026.60,4037.52,65923,7,4135.30
2026.07.29 12:00:00,4037.50,4038.28,4009.16,4022.59,60927,7,4134.18
2026.07.29 16:00:00,4022.59,4032.68,3995.92,4027.24,129653,6,4133.11
2026.07.29 20:00:00,4027.26,4116.20,4027.13,4044.59,124387,7,4132.23
2026.07.30 00:00:00,4027.47,4100.37,4016.39,4072.18,65947,7,4131.63
2026.07.30 04:00:00,4072.18,4092.82,4044.20,4045.92,110562,7,4130.78
2026.07.30 08:00:00,4045.91,4072.73,4028.33,4061.40,120748,7,4130.09
2026.07.30 12:00:00,4061.42,4086.50,4060.33,4068.88,116359,7,4129.48
2026.07.30 16:00:00,4068.88,4120.29,4065.01,4110.75,159752,7,4129.30
2026.07.30 20:00:00,4110.78,4115.41,4098.53,4111.96,77578,7,4129.12
2026.07.31 00:00:00,4078.18,4111.67,4069.83,4094.66,33195,8,4128.78
2026.07.31 04:00:00,4094.62,4101.39,4071.97,4079.91,60181,7,4128.29
2026.07.31 08:00:00,4079.91,4087.42,4054.06,4060.92,58308,7,4127.62
2026.07.31 12:00:00,4060.70,4063.94,4040.41,4040.64,61775,7,4126.76
2026.07.31 16:00:00,4040.61,4052.62,4020.94,4043.24,116261,7,4125.93
2026.07.31 20:00:00,4043.23,4055.54,4041.38,4050.77,54847,7,4125.18
2026.08.03 00:00:00,4074.21,4079.24,4049.79,4057.06,48766,8,4124.50
2026.08.03 04:00:00,4057.09,4071.84,4047.25,4063.85,82416,7,4123.90
2026.08.03 08:00:00,4063.89,4072.07,4051.92,4059.46,79418,7,4123.26
2026.08.03 12:00:00,4059.46,4064.65,4042.21,4047.65,76791,7,4122.50
2026.08.03 16:00:00,4047.65,4053.60,4019.00,4036.91,111408,7,4121.65
2026.08.03 20:00:00,4036.93,4055.75,4029.65,4051.83,49223,7,4120.96
2026.08.04 00:00:00,4017.16,4069.10,4017.16,4049.14,27838,7,4120.24
2026.08.04 04:00:00,4049.11,4066.23,4042.45,4063.74,57958,7,4119.68
2026.08.04 08:00:00,4063.76,4072.80,4054.44,4055.06,62858,7,4119.04
2026.08.04 12:00:00,4055.02,4084.40,4045.51,4070.86,78419,7,4118.56
2026.08.04 16:00:00,4070.86,4093.87,4061.26,4093.31,110456,7,4118.31
2026.08.04 20:00:00,4093.28,4106.35,4075.17,4078.54,52079,7,4117.91
2026.08.05 00:00:00,4065.50,4085.73,4054.09,4082.41,27344,7,4117.56
2026.08.05 04:00:00,4082.39,4141.27,4077.46,4135.44,68699,7,4117.74
2026.08.05 08:00:00,4135.40,4179.44,4134.67,4160.46,74503,7,4118.16
2026.08.05 12:00:00,4160.56,4213.31,4150.13,4183.73,80517,7,4118.81
2026.08.05 16:00:00,4183.73,4265.11,4183.63,4242.27,135593,7,4120.04
2026.08.05 20:00:00,4242.30,4267.72,4236.79,4246.93,55778,7,4121.31
2026.08.06 00:00:00,4244.09,4300.17,4237.35,4294.69,44405,7,4123.03
2026.08.06 04:00:00,4294.69,4304.08,4252.78,4262.22,91249,7,4124.42
2026.08.06 08:00:00,4262.21,4278.83,4247.10,4278.27,84442,7,4125.95
2026.08.06 12:00:00,4278.27,4284.67,4249.04,4250.15,89230,7,4127.18
2026.08.06 16:00:00,4250.14,4275.28,4223.33,4241.39,140613,7,4128.32
2026.08.06 20:00:00,4241.42,4251.27,4232.95,4248.72,62061,7,4129.52
2026.08.07 00:00:00,4220.77,4252.94,4220.77,4232.66,28675,8,4130.54
2026.08.07 04:00:00,4232.64,4268.95,4231.61,4264.76,57585,7,4131.88
2026.08.07 08:00:00,4264.83,4316.52,4261.67,4306.01,62376,7,4133.61
2026.08.07 12:00:00,4306.00,4371.74,4300.97,4361.30,69842,7,4135.88
2026.08.07 16:00:00,4361.39,4367.73,4327.22,4329.00,128295,7,4137.80
2026.08.07 20:00:00,4328.99,4350.33,4327.75,4343.88,64972,8,4139.85
2026.08.10 00:00:00,4336.25,4350.02,4307.72,4331.87,50983,8,4141.76
2026.08.10 04:00:00,4331.93,4340.58,4313.07,4339.22,59323,7,4143.72
2026.08.10 08:00:00,4339.29,4361.88,4331.32,4346.47,57067,7,4145.74
2026.08.10 12:00:00,4346.47,4349.82,4323.99,4332.31,43925,7,4147.60
2026.08.10 16:00:00,4332.31,4364.64,4316.47,4356.76,73148,7,4149.68
2026.08.10 20:00:00,4356.76,4395.18,4351.61,4388.19,53898,7,4152.05
2026.08.11 00:00:00,4382.37,4419.08,4352.16,4409.22,24352,7,4154.61
2026.08.11 04:00:00,4409.69,4435.21,4393.48,4408.69,54147,7,4157.14
2026.08.11 08:00:00,4408.69,4408.83,4356.59,4369.04,58109,7,4159.25
2026.08.11 12:00:00,4369.04,4400.10,4367.43,4392.27,44946,7,4161.57
2026.08.11 16:00:00,4392.27,4404.01,4368.98,4383.31,68945,7,4163.77
2026.08.11 20:00:00,4383.23,4385.67,4360.11,4370.61,29473,7,4165.83
2026.08.12 00:00:00,4367.51,4383.57,4355.96,4380.44,33278,8,4167.97
2026.08.12 04:00:00,4380.44,4416.07,4378.27,4400.93,59800,7,4170.28
2026.08.12 08:00:00,4400.94,4410.43,4383.82,4401.72,61450,7,4172.59
2026.08.12 12:00:00,4401.75,4438.23,4381.56,4437.11,81458,8,4175.22
2026.08.12 16:00:00,4437.09,4441.09,4396.39,4401.50,139970,7,4177.47
2026.08.12 20:00:00,4401.53,4418.36,4396.31,4413.76,60353,8,4179.82
2026.08.13 00:00:00,4403.56,4449.63,4360.52,4427.89,38016,7,4182.29
2026.08.13 04:00:00,4427.63,4435.32,4391.47,4397.75,92791,7,4184.43
2026.08.13 08:00:00,4397.69,4407.23,4364.05,4375.83,94121,7,4186.34
2026.08.13 12:00:00,4375.86,4401.90,4372.39,4401.77,79921,7,4188.48
2026.08.13 16:00:00,4401.85,4402.17,4351.08,4366.96,149233,7,4190.26
2026.08.13 20:00:00,4366.90,4373.29,4343.58,4350.10,76411,7,4191.85
2026.08.14 00:00:00,4340.87,4364.09,4329.09,4340.96,49278,8,4193.33
2026.08.14 04:00:00,4340.92,4341.40,4310.73,4326.91,82566,7,4194.66
2026.08.14 08:00:00,4326.86,4349.67,4310.93,4348.61,75347,8,4196.19
2026.08.14 12:00:00,4348.61,4386.74,4346.04,4373.65,74061,7,4197.96
2026.08.14 16:00:00,4373.69,4396.87,4370.18,4385.88,125978,7,4199.83
2026.08.14 20:00:00,4385.95,4386.44,4370.71,4376.00,54646,7,4201.58
2026.08.17 00:00:00,4375.27,4402.05,4276.43,4400.71,41424,7,4203.56
2026.08.17 04:00:00,4400.71,4416.33,4387.87,4390.71,77187,8,4205.43
2026.08.17 08:00:00,4390.71,4411.32,4386.92,4395.00,74609,7,4207.31
2026.08.17 12:00:00,4394.99,4405.69,4377.17,4384.89,81977,8,4209.08
2026.08.17 16:00:00,4384.90,4428.83,4381.83,4424.24,119941,8,4211.22
2026.08.17 20:00:00,4424.24,4426.13,4398.14,4419.68,66868,8,4213.29
2026.08.18 00:00:00,4406.60,4434.93,4405.48,4434.64,32596,8,4215.50
2026.08.18 04:00:00,4434.34,4436.15,4388.76,4393.56,81446,7,4217.27
2026.08.18 08:00:00,4393.58,4403.64,4385.90,4393.21,73740,8,4219.02
2026.08.18 12:00:00,4393.23,4400.78,4386.97,4394.18,72851,7,4220.76
2026.08.18 16:00:00,4394.15,4406.56,4351.50,4363.79,142473,7,4222.18
2026.08.18 20:00:00,4363.63,4368.27,4338.24,4345.50,62729,7,4223.41
2026.08.19 00:00:00,4316.78,4347.09,4314.80,4337.91,44512,7,4224.55
2026.08.19 04:00:00,4337.79,4362.00,4324.46,4348.46,88945,7,4225.78
2026.08.19 08:00:00,4348.44,4363.17,4335.02,4355.60,98594,7,4227.08
2026.08.19 12:00:00,4355.58,4442.38,4353.40,4438.64,84213,7,4229.18
2026.08.19 16:00:00,4438.64,4499.34,4424.10,4493.34,150712,7,4231.81
2026.08.19 20:00:00,4493.53,4512.06,4472.16,4511.08,75927,7,4234.59
2026.08.20 00:00:00,4489.31,4526.85,4489.31,4504.58,46753,8,4237.27
2026.08.20 04:00:00,4504.51,4510.12,4484.39,4488.42,98249,8,4239.77
2026.08.20 08:00:00,4488.46,4498.70,4477.76,4489.24,82746,7,4242.26
2026.08.20 12:00:00,4489.28,4494.77,4450.54,4474.75,95394,7,4244.57
2026.08.20 16:00:00,4474.79,4540.91,4469.28,4509.90,172096,7,4247.21
2026.08.20 20:00:00,4510.02,4532.16,4507.68,4528.48,75393,8,4250.01
2026.08.21 00:00:00,4508.30,4532.66,4508.30,4510.39,22561,8,4252.60
2026.08.21 04:00:00,4510.38,4547.93,4508.65,4540.56,60049,8,4255.46
2026.08.21 08:00:00,4540.51,4584.93,4529.08,4584.10,60698,8,4258.73
2026.08.21 12:00:00,4584.11,4604.57,4563.36,4577.89,65851,8,4261.91
2026.08.21 16:00:00,4577.85,4629.13,4573.22,4628.76,110868,8,4265.56
2026.08.21 20:00:00,4628.84,4632.14,4615.12,4617.03,54712,8,4269.06
2026.08.24 00:00:00,4608.10,4640.80,4594.42,4621.57,35628,8,4272.56
2026.08.24 04:00:00,4621.67,4656.76,4607.85,4638.77,79056,8,4276.21
2026.08.24 08:00:00,4638.82,4659.80,4628.60,4637.84,79178,8,4279.81
2026.08.24 12:00:00,4637.87,4670.35,4632.79,4662.75,70114,8,4283.62
2026.08.24 16:00:00,4662.69,4680.90,4639.81,4644.84,117335,8,4287.21
2026.08.24 20:00:00,4644.87,4655.90,4624.87,4651.47,61978,8,4290.84
2026.08.25 00:00:00,4648.89,4696.73,4601.08,4684.30,30037,8,4294.75
2026.08.25 04:00:00,4684.09,4686.82,4616.28,4625.86,87749,8,4298.05
2026.08.25 08:00:00,4625.86,4653.44,4620.02,4630.28,70251,8,4301.35
2026.08.25 12:00:00,4630.22,4647.33,4623.98,4640.71,69729,8,4304.73
2026.08.25 16:00:00,4640.61,4659.30,4605.18,4643.46,115106,8,4308.10
2026.08.25 20:00:00,4643.45,4668.07,4634.14,4666.92,49040,8,4311.67
2026.08.26 00:00:00,4652.17,4673.54,4626.74,4637.37,24248,8,4314.91
2026.08.26 04:00:00,4637.42,4670.64,4629.39,4640.49,63547,8,4318.15
2026.08.26 08:00:00,4640.55,4649.41,4622.15,4628.19,57334,8,4321.23
2026.08.26 12:00:00,4628.19,4632.55,4610.70,4614.30,58236,8,4324.15
2026.08.26 16:00:00,4614.47,4633.41,4582.95,4591.57,110081,8,4326.81
2026.08.26 20:00:00,4591.59,4604.58,4590.58,4594.31,49861,8,4329.47
2026.08.27 00:00:00,4593.63,4626.98,4593.60,4604.95,26724,8,4332.21
2026.08.27 04:00:00,4605.01,4642.96,4602.17,4618.75,65557,8,4335.07
2026.08.27 08:00:00,4618.75,4621.51,4593.42,4598.96,68539,8,4337.69
2026.08.27 12:00:00,4598.95,4601.12,4568.93,4585.73,69993,8,4340.16
2026.08.27 16:00:00,4585.82,4616.66,4565.03,4614.89,120120,8,4342.89
2026.08.27 20:00:00,4615.40,4618.03,4600.87,4609.17,68751,8,4345.54
2026.08.28 00:00:00,4597.75,4611.29,4585.58,4588.66,19689,8,4347.96
2026.08.28 04:00:00,4588.74,4602.10,4574.91,4584.27,58550,8,4350.31
2026.08.28 08:00:00,4584.30,4614.49,4571.41,4602.80,60773,8,4352.83
2026.08.28 12:00:00,4602.60,4609.82,4588.97,4601.61,60660,8,4355.30
2026.08.28 16:00:00,4601.55,4631.13,4463.89,4479.31,167425,8,4356.53
2026.08.28 20:00:00,4479.32,4486.56,4445.27,4458.28,83279,8,4357.55
2026.08.31 00:00:00,4428.39,4472.11,4386.38,4456.21,34559,8,4358.53
2026.08.31 04:00:00,4456.49,4462.98,4396.40,4424.45,77848,8,4359.18
2026.08.31 08:00:00,4424.39,4449.44,4419.07,4438.82,52615,8,4359.98
